run_id,trade_date,t1_date,selection_timestamp,architecture_version,symbol,direction,universe_membership,v3_score,v3_rank,v3_model_version,pool_size,pool_rank,pool_direction,previous_close,opening_price,gap_pct,gap_rank,c2_score,c2_rank,selected_final_5,strategy_status,strategy_name,strategy_reason,strategy_regime,strategy_rejected,knowledge_strategy_disagreement,model_b_included,hypothetical_entry,t1_ret_pct,t3_ret_pct,t5_ret_pct,mfe_pct,mae_pct,direction_correct,ge1,ge2,ge3
5d62962fb3dd8e71,2026-05-14,2026-05-15,2026-08-21T11:40:49.713897+00:00,FINAL_TRADING_ARCHITECTURE_SHADOW_001_v1,IDEAFORGE.NS,UP,True,0.7968,9,V3_FINAL,20,9,UP,848.2,875.0,3.159632,2,3.159632,1,True,PASS,Trend_Pullback_or_Mean_Reversion,PASS_ALL_RULES,RANGE,False,AGREE_PASS,True,875.0,-6.4343,-11.2171,-15.5429,1.4857,-16.9143,False,False,False,False
5d62962fb3dd8e71,2026-05-14,2026-05-15,2026-08-21T11:40:49.713897+00:00,FINAL_TRADING_ARCHITECTURE_SHADOW_001_v1,STLTECH.NS,UP,True,0.8293,6,V3_FINAL,20,6,UP,422.9,431.15,1.950816,3,1.950816,2,True,PASS,Trend_Pullback_or_Mean_Reversion,PASS_ALL_RULES,RANGE,False,AGREE_PASS,True,431.15,-2.6325,-7.0161,-2.5513,0.8234,-11.5969,False,False,False,False
5d62962fb3dd8e71,2026-05-14,2026-05-15,2026-08-21T11:40:49.713897+00:00,FINAL_TRADING_ARCHITECTURE_SHADOW_001_v1,OIL.NS,UP,True,0.9046,2,V3_FINAL,20,2,UP,517.55,524.0,1.246256,4,1.246256,3,True,PASS,Trend_Pullback_or_Mean_Reversion,PASS_ALL_RULES,RANGE,False,AGREE_PASS,True,524.0,-1.0878,-4.2557,-3.9122,0.1908,-4.8187,False,False,False,False
5d62962fb3dd8e71,2026-05-14,2026-05-15,2026-08-21T11:40:49.713897+00:00,FINAL_TRADING_ARCHITECTURE_SHADOW_001_v1,AJANTPHARM.NS,UP,True,0.7776,13,V3_FINAL,20,13,UP,3259.2,3289.8999,0.941946,5,0.941946,4,True,PASS,Trend_Pullback_or_Mean_Reversion,PASS_ALL_RULES,RANGE,False,AGREE_PASS,True,3289.8999,-3.4256,-1.2675,-4.2767,0.7599,-4.5533,False,False,False,False
5d62962fb3dd8e71,2026-05-14,2026-05-15,2026-08-21T11:40:49.713897+00:00,FINAL_TRADING_ARCHITECTURE_SHADOW_001_v1,TATACOMM.NS,UP,True,0.7993,8,V3_FINAL,20,8,UP,1656.1,1670.0,0.839321,6,0.839321,5,True,PASS,Trend_Pullback_or_Mean_Reversion,PASS_ALL_RULES,RANGE,False,AGREE_PASS,True,1670.0,0.5988,-1.4012,13.5509,15.5689,-2.3832,True,False,False,False
5d62962fb3dd8e71,2026-05-14,2026-05-15,2026-08-21T11:40:49.713897+00:00,FINAL_TRADING_ARCHITECTURE_SHADOW_001_v1,GNFC.NS,UP,True,0.7598,20,V3_FINAL,20,20,UP,519.95,524.0,0.778921,7,0.778921,6,False,PASS,Trend_Pullback_or_Mean_Reversion,PASS_ALL_RULES,RANGE,False,PASS,True,524.0,-1.8416,4.1889,-0.3435,5.3435,-3.4733,False,False,False,False
5d62962fb3dd8e71,2026-05-14,2026-05-15,2026-08-21T11:40:49.713897+00:00,FINAL_TRADING_ARCHITECTURE_SHADOW_001_v1,ONGC.NS,UP,True,0.7815,12,V3_FINAL,20,12,UP,300.9,303.0,0.697906,8,0.697906,7,False,PASS,Trend_Pullback_or_Mean_Reversion,PASS_ALL_RULES,RANGE,False,PASS,True,303.0,-1.2046,-2.1452,-2.3597,0.6436,-3.0858,False,False,False,False
5d62962fb3dd8e71,2026-05-14,2026-05-15,2026-08-21T11:40:49.713897+00:00,FINAL_TRADING_ARCHITECTURE_SHADOW_001_v1,HFCL.NS,UP,True,0.76,19,V3_FINAL,20,19,UP,151.59,152.64,0.692658,9,0.692658,8,False,PASS,Trend_Pullback_or_Mean_Reversion,PASS_ALL_RULES,RANGE,False,PASS,True,152.64,-3.1119,-9.4798,-7.1344,0.3996,-11.6025,False,False,False,False
5d62962fb3dd8e71,2026-05-14,2026-05-15,2026-08-21T11:40:49.713897+00:00,FINAL_TRADING_ARCHITECTURE_SHADOW_001_v1,LAURUSLABS.NS,UP,True,0.7659,16,V3_FINAL,20,16,UP,1315.5,1324.0,0.646142,10,0.646142,9,False,PASS,Trend_Pullback_or_Mean_Reversion,PASS_ALL_RULES,RANGE,False,PASS,True,1324.0,-0.0302,1.5785,2.0393,3.7689,-1.2387,False,False,False,False
5d62962fb3dd8e71,2026-05-14,2026-05-15,2026-08-21T11:40:49.713897+00:00,FINAL_TRADING_ARCHITECTURE_SHADOW_001_v1,METROBRAND.NS,UP,True,0.8446,4,V3_FINAL,20,4,UP,1050.3,1057.0,0.637913,11,0.637913,10,False,PASS,Trend_Pullback_or_Mean_Reversion,PASS_ALL_RULES,RANGE,False,PASS,True,1057.0,-2.5355,-0.473,4.825,6.7266,-4.2668,False,False,False,False
5d62962fb3dd8e71,2026-05-14,2026-05-15,2026-08-21T11:40:49.713897+00:00,FINAL_TRADING_ARCHITECTURE_SHADOW_001_v1,MIDHANI.NS,UP,True,0.7968,10,V3_FINAL,20,10,UP,421.9,424.0,0.497748,12,0.497748,11,False,PASS,Trend_Pullback_or_Mean_Reversion,PASS_ALL_RULES,RANGE,False,PASS,True,424.0,-3.7618,-8.3373,-5.1061,0.0,-10.8491,False,False,False,False
5d62962fb3dd8e71,2026-05-14,2026-05-15,2026-08-21T11:40:49.713897+00:00,FINAL_TRADING_ARCHITECTURE_SHADOW_001_v1,SAIL.NS,UP,True,0.8885,3,V3_FINAL,20,3,UP,199.08,199.99,0.457103,13,0.457103,12,False,PASS,Trend_Pullback_or_Mean_Reversion,PASS_ALL_RULES,RANGE,False,PASS,True,199.99,-3.7952,-0.47,-1.7301,1.0051,-5.8903,False,False,False,False
5d62962fb3dd8e71,2026-05-14,2026-05-15,2026-08-21T11:40:49.713897+00:00,FINAL_TRADING_ARCHITECTURE_SHADOW_001_v1,SOLARINDS.NS,UP,True,0.7617,18,V3_FINAL,20,18,UP,16665.0,16740.0,0.450045,14,0.450045,13,False,PASS,Trend_Pullback_or_Mean_Reversion,PASS_ALL_RULES,RANGE,False,PASS,True,16740.0,3.4289,8.2198,9.8686,11.7025,-2.491,True,True,True,True
5d62962fb3dd8e71,2026-05-14,2026-05-15,2026-08-21T11:40:49.713897+00:00,FINAL_TRADING_ARCHITECTURE_SHADOW_001_v1,ALKYLAMINE.NS,UP,True,0.7629,17,V3_FINAL,20,17,UP,1750.0,1756.8,0.388571,15,0.388571,14,False,PASS,Trend_Pullback_or_Mean_Reversion,PASS_ALL_RULES,RANGE,False,PASS,True,1756.8,-1.9467,0.5408,-0.8197,3.3925,-7.6958,False,False,False,False
5d62962fb3dd8e71,2026-05-14,2026-05-15,2026-08-21T11:40:49.713897+00:00,FINAL_TRADING_ARCHITECTURE_SHADOW_001_v1,IDEA.NS,UP,True,0.9544,1,V3_FINAL,20,1,UP,12.97,13.0,0.231303,17,0.231303,15,False,PASS,Trend_Pullback_or_Mean_Reversion,PASS_ALL_RULES,RANGE,False,PASS,True,13.0,-0.3846,4.0,4.7692,6.7692,-4.2308,False,False,False,False
5d62962fb3dd8e71,2026-05-14,2026-05-15,2026-08-21T11:40:49.713897+00:00,FINAL_TRADING_ARCHITECTURE_SHADOW_001_v1,RATNAMANI.NS,UP,True,0.8339,5,V3_FINAL,20,5,UP,2888.6001,2888.6001,0.0,18,0.0,16,False,PASS,Trend_Pullback_or_Mean_Reversion,PASS_ALL_RULES,RANGE,False,PASS,True,2888.6001,-6.7576,-12.3139,-12.4559,0.3808,-15.4435,False,False,False,False
5d62962fb3dd8e71,2026-05-14,2026-05-15,2026-08-21T11:40:49.713897+00:00,FINAL_TRADING_ARCHITECTURE_SHADOW_001_v1,NATIONALUM.NS,UP,True,0.7768,14,V3_FINAL,20,14,UP,416.45,416.45,0.0,19,0.0,17,False,PASS,Trend_Pullback_or_Mean_Reversion,PASS_ALL_RULES,RANGE,False,PASS,True,416.45,-3.0856,-4.2022,-2.4133,0.012,-6.0031,False,False,False,False
5d62962fb3dd8e71,2026-05-14,2026-05-15,2026-08-21T11:40:49.713897+00:00,FINAL_TRADING_ARCHITECTURE_SHADOW_001_v1,CIPLA.NS,UP,True,0.7707,15,V3_FINAL,20,15,UP,1436.7,1436.7,0.0,20,0.0,18,False,PASS,Trend_Pullback_or_Mean_Reversion,PASS_ALL_RULES,RANGE,False,PASS,True,1436.7,-0.3202,-1.8723,-2.4222,0.5429,-3.0904,False,False,False,False
5d62962fb3dd8e71,2026-05-14,2026-05-15,2026-08-21T11:40:49.713897+00:00,FINAL_TRADING_ARCHITECTURE_SHADOW_001_v1,BIOCON.NS,UP,True,0.8244,7,V3_FINAL,20,7,UP,419.0,418.0,-0.238663,16,-0.238663,19,False,PASS,Trend_Pullback_or_Mean_Reversion,PASS_ALL_RULES,RANGE,False,PASS,True,418.0,2.8947,2.4282,3.0742,4.5215,-0.1675,True,True,True,False
5d62962fb3dd8e71,2026-05-14,2026-05-15,2026-08-21T11:40:49.713897+00:00,FINAL_TRADING_ARCHITECTURE_SHADOW_001_v1,ENDURANCE.NS,UP,True,0.7873,11,V3_FINAL,20,11,UP,2619.6001,2525.0,-3.611242,1,-3.611242,20,False,PASS,Trend_Pullback_or_Mean_Reversion,PASS_ALL_RULES,RANGE,False,PASS,True,2525.0,0.9307,0.8,3.8812,4.4119,-3.8614,True,False,False,False
5d62962fb3dd8e71,2026-05-14,2026-05-15,2026-08-21T11:40:49.713897+00:00,FINAL_TRADING_ARCHITECTURE_SHADOW_001_v1,CHOLAFIN.NS,DOWN,True,0.7985,6,V3_FINAL,20,6,DOWN,1567.1,1535.9,-1.990939,1,1.990939,1,True,NEUTRAL,NONE,DOWN_RANGE_NEUTRAL,RANGE,False,AGREE_PASS,True,1535.9,0.6771,-1.5952,-2.077,3.0114,-2.402,False,False,False,False
5d62962fb3dd8e71,2026-05-14,2026-05-15,2026-08-21T11:40:49.713897+00:00,FINAL_TRADING_ARCHITECTURE_SHADOW_001_v1,SHRIRAMFIN.NS,DOWN,True,0.731,13,V3_FINAL,20,13,DOWN,935.1,921.0,-1.50786,2,1.50786,2,True,NEUTRAL,NONE,DOWN_RANGE_NEUTRAL,RANGE,False,AGREE_PASS,True,921.0,1.835,0.6895,-0.6786,1.2088,-2.6324,False,False,False,False
5d62962fb3dd8e71,2026-05-14,2026-05-15,2026-08-21T11:40:49.713897+00:00,FINAL_TRADING_ARCHITECTURE_SHADOW_001_v1,SBIN.NS,DOWN,True,0.7224,16,V3_FINAL,20,16,DOWN,979.9,971.2,-0.887846,3,0.887846,3,True,NEUTRAL,NONE,DOWN_RANGE_NEUTRAL,RANGE,False,AGREE_PASS,True,971.2,-0.8237,-2.3064,-2.0902,3.994,-0.1337,True,False,False,False
5d62962fb3dd8e71,2026-05-14,2026-05-15,2026-08-21T11:40:49.713897+00:00,FINAL_TRADING_ARCHITECTURE_SHADOW_001_v1,INTELLECT.NS,DOWN,True,0.829,3,V3_FINAL,20,3,DOWN,693.6,690.6,-0.432526,13,0.432526,4,True,NEUTRAL,NONE,DOWN_RANGE_NEUTRAL,RANGE,False,AGREE_PASS,True,690.6,-0.5792,0.9412,0.8398,3.5382,-4.5209,True,False,False,False
5d62962fb3dd8e71,2026-05-14,2026-05-15,2026-08-21T11:40:49.713897+00:00,FINAL_TRADING_ARCHITECTURE_SHADOW_001_v1,COCHINSHIP.NS,DOWN,True,0.7401,12,V3_FINAL,20,12,DOWN,1645.2,1645.1,-0.006078,15,0.006078,5,True,NEUTRAL,NONE,DOWN_RANGE_NEUTRAL,RANGE,False,AGREE_PASS,True,1645.1,-3.0758,-9.4523,-6.9357,12.4393,-0.2365,True,True,True,True
5d62962fb3dd8e71,2026-05-14,2026-05-15,2026-08-21T11:40:49.713897+00:00,FINAL_TRADING_ARCHITECTURE_SHADOW_001_v1,JYOTHYLAB.NS,DOWN,True,0.8044,4,V3_FINAL,20,4,DOWN,221.35,221.35,0.0,17,-0.0,6,False,NEUTRAL,NONE,DOWN_RANGE_NEUTRAL,RANGE,False,NEUTRAL,True,221.35,-0.9261,-3.5464,-6.6862,7.4515,-0.7844,True,False,False,False
5d62962fb3dd8e71,2026-05-14,2026-05-15,2026-08-21T11:40:49.713897+00:00,FINAL_TRADING_ARCHITECTURE_SHADOW_001_v1,ROUTE.NS,DOWN,True,0.8007,5,V3_FINAL,20,5,DOWN,506.35,506.35,0.0,18,-0.0,7,False,NEUTRAL,NONE,DOWN_RANGE_NEUTRAL,RANGE,False,NEUTRAL,True,506.35,-0.553,2.6365,2.044,2.8122,-4.1367,True,False,False,False
5d62962fb3dd8e71,2026-05-14,2026-05-15,2026-08-21T11:40:49.713897+00:00,FINAL_TRADING_ARCHITECTURE_SHADOW_001_v1,KALYANKJIL.NS,DOWN,True,0.7761,8,V3_FINAL,20,8,DOWN,361.0,361.0,0.0,19,-0.0,8,False,NEUTRAL,NONE,DOWN_RANGE_NEUTRAL,RANGE,False,NEUTRAL,True,361.0,-2.2022,-4.6676,-2.2161,7.1217,-0.2073,True,True,True,False
5d62962fb3dd8e71,2026-05-14,2026-05-15,2026-08-21T11:40:49.713897+00:00,FINAL_TRADING_ARCHITECTURE_SHADOW_001_v1,MGL.NS,DOWN,True,0.7215,18,V3_FINAL,20,18,DOWN,1067.4,1067.4,0.0,20,-0.0,9,False,NEUTRAL,NONE,DOWN_RANGE_NEUTRAL,RANGE,False,NEUTRAL,True,1067.4,1.8924,-0.7495,-1.2741,3.621,-2.7426,False,False,False,False
5d62962fb3dd8e71,2026-05-14,2026-05-15,2026-08-21T11:40:49.713897+00:00,FINAL_TRADING_ARCHITECTURE_SHADOW_001_v1,AMBER.NS,DOWN,True,0.7874,7,V3_FINAL,20,7,DOWN,8288.5,8289.0,0.006032,16,-0.006032,10,False,NEUTRAL,NONE,DOWN_RANGE_NEUTRAL,RANGE,False,NEUTRAL,True,8289.0,2.262,-14.0005,-9.0723,19.4725,-2.9505,False,False,False,False
5d62962fb3dd8e71,2026-05-14,2026-05-15,2026-08-21T11:40:49.713897+00:00,FINAL_TRADING_ARCHITECTURE_SHADOW_001_v1,TEJASNET.NS,DOWN,True,0.8975,1,V3_FINAL,20,1,DOWN,458.05,458.5,0.098243,14,-0.098243,11,False,NEUTRAL,NONE,DOWN_RANGE_NEUTRAL,RANGE,False,NEUTRAL,True,458.5,-2.7808,0.916,1.5703,7.6417,-4.2398,True,True,True,False
5d62962fb3dd8e71,2026-05-14,2026-05-15,2026-08-21T11:40:49.713897+00:00,FINAL_TRADING_ARCHITECTURE_SHADOW_001_v1,LUPIN.NS,DOWN,True,0.7229,15,V3_FINAL,20,15,DOWN,2258.2,2268.0,0.433974,12,-0.433974,12,False,NEUTRAL,NONE,DOWN_RANGE_NEUTRAL,RANGE,False,NEUTRAL,True,2268.0,0.3616,0.8554,0.7275,2.4344,-1.8012,False,False,False,False
5d62962fb3dd8e71,2026-05-14,2026-05-15,2026-08-21T11:40:49.713897+00:00,FINAL_TRADING_ARCHITECTURE_SHADOW_001_v1,JSWENERGY.NS,DOWN,True,0.7285,14,V3_FINAL,20,14,DOWN,512.8,515.05,0.438768,11,-0.438768,13,False,NEUTRAL,NONE,DOWN_RANGE_NEUTRAL,RANGE,False,NEUTRAL,True,515.05,0.0,3.5142,6.4848,1.9396,-6.9131,False,False,False,False
5d62962fb3dd8e71,2026-05-14,2026-05-15,2026-08-21T11:40:49.713897+00:00,FINAL_TRADING_ARCHITECTURE_SHADOW_001_v1,PARAS.NS,DOWN,True,0.7219,17,V3_FINAL,20,17,DOWN,783.15,787.05,0.497989,10,-0.497989,14,False,NEUTRAL,NONE,DOWN_RANGE_NEUTRAL,RANGE,False,NEUTRAL,True,787.05,-4.2755,-3.043,0.4638,9.1609,-4.4842,True,True,True,True
5d62962fb3dd8e71,2026-05-14,2026-05-15,2026-08-21T11:40:49.713897+00:00,FINAL_TRADING_ARCHITECTURE_SHADOW_001_v1,GRSE.NS,DOWN,True,0.8575,2,V3_FINAL,20,2,DOWN,2705.3999,2719.0,0.502702,9,-0.502702,15,False,NEUTRAL,NONE,DOWN_RANGE_NEUTRAL,RANGE,False,NEUTRAL,True,2719.0,-1.2174,-2.2251,-1.0445,6.6275,-0.9075,True,True,False,False
5d62962fb3dd8e71,2026-05-14,2026-05-15,2026-08-21T11:40:49.713897+00:00,FINAL_TRADING_ARCHITECTURE_SHADOW_001_v1,BEML.NS,DOWN,True,0.7744,9,V3_FINAL,20,9,DOWN,1833.4,1843.0,0.523617,8,-0.523617,16,False,NEUTRAL,NONE,DOWN_RANGE_NEUTRAL,RANGE,False,NEUTRAL,True,1843.0,-2.9788,-0.9007,-0.0814,8.1509,-2.1762,True,True,True,False
5d62962fb3dd8e71,2026-05-14,2026-05-15,2026-08-21T11:40:49.713897+00:00,FINAL_TRADING_ARCHITECTURE_SHADOW_001_v1,TORNTPOWER.NS,DOWN,True,0.7651,10,V3_FINAL,20,10,DOWN,1457.7,1466.3,0.589971,7,-0.589971,17,False,NEUTRAL,NONE,DOWN_RANGE_NEUTRAL,RANGE,False,NEUTRAL,True,1466.3,-0.0205,0.9548,1.7118,2.2453,-5.0262,True,False,False,False
5d62962fb3dd8e71,2026-05-14,2026-05-15,2026-08-21T11:40:49.713897+00:00,FINAL_TRADING_ARCHITECTURE_SHADOW_001_v1,ONMOBILE.NS,DOWN,True,0.7103,20,V3_FINAL,20,20,DOWN,53.45,53.8,0.654818,6,-0.654818,18,False,NEUTRAL,NONE,DOWN_RANGE_NEUTRAL,RANGE,False,NEUTRAL,True,53.8,2.7881,-5.7063,-6.5242,9.4386,-4.7619,False,False,False,False
5d62962fb3dd8e71,2026-05-14,2026-05-15,2026-08-21T11:40:49.713897+00:00,FINAL_TRADING_ARCHITECTURE_SHADOW_001_v1,HFCL.NS,DOWN,True,0.7139,19,V3_FINAL,20,19,DOWN,151.59,152.64,0.692658,5,-0.692658,19,False,NEUTRAL,NONE,DOWN_RANGE_NEUTRAL,RANGE,False,NEUTRAL,True,152.64,-3.1119,-9.4798,-7.1344,13.1253,-0.398,True,True,True,True
5d62962fb3dd8e71,2026-05-14,2026-05-15,2026-08-21T11:40:49.713897+00:00,FINAL_TRADING_ARCHITECTURE_SHADOW_001_v1,NOCIL.NS,DOWN,True,0.7427,11,V3_FINAL,20,11,DOWN,167.46,168.8,0.800191,4,-0.800191,20,False,NEUTRAL,NONE,DOWN_RANGE_NEUTRAL,RANGE,False,NEUTRAL,True,168.8,-2.5592,1.6706,-1.5462,6.532,-4.5249,True,True,True,False
