model,direction,split,n,dir_acc,ge1_rate,ge2_rate,ge3_rate,avg_fav,avg_mfe,avg_mae,avg_ret,fp_rate,lift,vs_A_dir_delta,vs_A_ge2_delta
V3_20,UP,TRAIN,2137,0.446,0.2452,0.1352,0.0805,1.7867,1.6636,1.6142,-0.0805,0.3196,1.0,-0.0942,-0.0685
A_KN_Top5,UP,TRAIN,535,0.5402,0.3364,0.2037,0.1439,2.3772,2.5772,1.0731,0.6201,0.2598,1.5051,0.0,0.0
B1_Strict_Top5,UP,TRAIN,535,0.5402,0.3364,0.2037,0.1439,2.3772,2.5772,1.0731,0.6201,0.2598,1.5051,0.0,0.0
B2_Backfill_Top5,UP,TRAIN,535,0.5421,0.3383,0.2037,0.1439,2.3729,2.5826,1.0706,0.6279,0.2561,1.5051,0.0019,0.0
C_Strat_Top5,UP,TRAIN,535,0.4318,0.2692,0.1757,0.1159,2.2272,1.984,1.9686,-0.1524,0.3907,1.203,-0.1084,-0.028
A_KN_Top6,UP,TRAIN,642,0.5218,0.3131,0.1885,0.1293,2.2366,2.3905,1.1385,0.4754,0.271,1.3716,-0.0184,-0.0152
B1_Strict_Top6,UP,TRAIN,642,0.5218,0.3131,0.1885,0.1293,2.2366,2.3905,1.1385,0.4754,0.271,1.3716,-0.0184,-0.0152
B2_Backfill_Top6,UP,TRAIN,642,0.5234,0.3146,0.1885,0.1293,2.2333,2.3955,1.1383,0.4799,0.2695,1.3716,-0.0168,-0.0152
C_Strat_Top6,UP,TRAIN,642,0.4377,0.2695,0.162,0.1059,2.1557,1.9243,1.9163,-0.1419,0.3816,1.1616,-0.1025,-0.0417
V3_20,UP,VAL,1059,0.5127,0.3654,0.2314,0.1586,2.5265,2.4398,1.8618,0.3014,0.3229,1.0,-0.0911,-0.1082
A_KN_Top5,UP,VAL,265,0.6038,0.4679,0.3396,0.2491,2.8765,3.2245,1.2876,0.9485,0.2528,1.5158,0.0,0.0
B1_Strict_Top5,UP,VAL,170,0.6235,0.4941,0.3471,0.2412,2.7899,3.3052,1.1053,1.132,0.1941,0.9195,0.0197,0.0075
B2_Backfill_Top5,UP,VAL,170,0.6235,0.4941,0.3471,0.2412,2.7899,3.3052,1.1053,1.132,0.1941,0.9195,0.0197,0.0075
C_Strat_Top5,UP,VAL,265,0.4943,0.3925,0.2679,0.2151,3.3322,3.2482,2.229,0.4496,0.3509,1.3115,-0.1095,-0.0717
A_KN_Top6,UP,VAL,318,0.5975,0.4591,0.3208,0.2327,2.8465,3.1878,1.2761,0.9387,0.2547,1.46,-0.0063,-0.0188
B1_Strict_Top6,UP,VAL,204,0.6127,0.4853,0.3333,0.2353,2.8244,3.2795,1.1095,1.1437,0.1961,0.9078,0.0089,-0.0063
B2_Backfill_Top6,UP,VAL,204,0.6127,0.4853,0.3333,0.2353,2.8244,3.2795,1.1095,1.1437,0.1961,0.9078,0.0089,-0.0063
C_Strat_Top6,UP,VAL,318,0.4969,0.3868,0.2673,0.2107,3.2157,3.1695,2.1422,0.4498,0.3491,1.241,-0.1069,-0.0723
V3_20,UP,OOS,1060,0.4877,0.2906,0.1783,0.1113,2.0629,2.0591,1.5352,0.1441,0.2981,1.0,-0.1274,-0.1123
A_KN_Top5,UP,OOS,265,0.6151,0.4226,0.2906,0.2113,2.5873,3.1251,0.823,1.0493,0.2038,1.7149,0.0,0.0
B1_Strict_Top5,UP,OOS,265,0.6151,0.4226,0.2906,0.2113,2.5873,3.1251,0.823,1.0493,0.2038,1.7149,0.0,0.0
B2_Backfill_Top5,UP,OOS,265,0.6151,0.4226,0.2906,0.2113,2.5873,3.1251,0.823,1.0493,0.2038,1.7149,0.0,0.0
C_Strat_Top5,UP,OOS,265,0.5094,0.3283,0.2264,0.1774,2.6812,2.6869,1.8123,0.282,0.3434,1.3274,-0.1057,-0.0642
A_KN_Top6,UP,OOS,318,0.5975,0.4088,0.2704,0.2044,2.4959,2.9687,0.8638,0.934,0.2138,1.5488,-0.0176,-0.0202
B1_Strict_Top6,UP,OOS,318,0.5975,0.4088,0.2704,0.2044,2.4959,2.9687,0.8638,0.934,0.2138,1.5488,-0.0176,-0.0202
B2_Backfill_Top6,UP,OOS,318,0.5975,0.4088,0.2704,0.2044,2.4959,2.9687,0.8638,0.934,0.2138,1.5488,-0.0176,-0.0202
C_Strat_Top6,UP,OOS,318,0.4937,0.3113,0.2107,0.1635,2.5775,2.4878,1.8347,0.1536,0.3428,1.2322,-0.1214,-0.0799
V3_20,UP,FULL,4256,0.473,0.2864,0.1699,0.1076,2.0572,1.9552,1.6561,0.0705,0.3151,1.0,-0.1016,-0.0893
A_KN_Top5,UP,FULL,1065,0.5746,0.3906,0.2592,0.1869,2.5637,2.8746,1.0642,0.8086,0.2441,1.5589,0.0,0.0
B1_Strict_Top5,UP,FULL,970,0.5753,0.3876,0.2526,0.1794,2.517,2.8545,1.0104,0.827,0.233,1.4106,0.0007,-0.0066
B2_Backfill_Top5,UP,FULL,970,0.5763,0.3887,0.2526,0.1794,2.5145,2.8574,1.009,0.8313,0.2309,1.4106,0.0017,-0.0066
C_Strat_Top5,UP,FULL,1065,0.4667,0.3146,0.2113,0.1559,2.6418,2.4735,1.9945,0.1055,0.369,1.2604,-0.1079,-0.0479
A_KN_Top6,UP,FULL,1278,0.5595,0.3732,0.2418,0.1737,2.4676,2.7327,1.1044,0.7048,0.2527,1.4368,-0.0151,-0.0174
B1_Strict_Top6,UP,FULL,1164,0.5584,0.3694,0.2363,0.1684,2.4254,2.7043,1.0584,0.7178,0.2423,1.2995,-0.0162,-0.0229
B2_Backfill_Top6,UP,FULL,1164,0.5593,0.3703,0.2363,0.1684,2.4234,2.7071,1.0583,0.7203,0.2414,1.2995,-0.0153,-0.0229
C_Strat_Top6,UP,FULL,1278,0.4664,0.3091,0.2003,0.1463,2.5478,2.3743,1.9522,0.0789,0.3638,1.1986,-0.1082,-0.0589
V3_20,DOWN,TRAIN,2140,0.5383,0.2808,0.1276,0.0528,1.4153,1.4131,1.4943,0.0715,0.2388,1.0,-0.0748,-0.0799
A_KN_Top5,DOWN,TRAIN,535,0.6131,0.3682,0.2075,0.0841,1.7352,1.9707,0.9555,0.6083,0.1738,1.476,0.0,0.0
B1_Strict_Top5,DOWN,TRAIN,535,0.6131,0.3682,0.2075,0.0841,1.7352,1.9707,0.9555,0.6083,0.1738,1.476,0.0,0.0
B2_Backfill_Top5,DOWN,TRAIN,535,0.6131,0.3682,0.2075,0.0841,1.7352,1.9707,0.9555,0.6083,0.1738,1.476,0.0,0.0
C_Strat_Top5,DOWN,TRAIN,535,0.6131,0.3682,0.2075,0.0841,1.7352,1.9707,0.9555,0.6083,0.1738,1.476,0.0,0.0
A_KN_Top6,DOWN,TRAIN,642,0.609,0.3536,0.1916,0.0794,1.6647,1.8913,0.9796,0.555,0.176,1.3776,-0.0041,-0.0159
B1_Strict_Top6,DOWN,TRAIN,642,0.609,0.3536,0.1916,0.0794,1.6647,1.8913,0.9796,0.555,0.176,1.3776,-0.0041,-0.0159
B2_Backfill_Top6,DOWN,TRAIN,642,0.609,0.3536,0.1916,0.0794,1.6647,1.8913,0.9796,0.555,0.176,1.3776,-0.0041,-0.0159
C_Strat_Top6,DOWN,TRAIN,642,0.609,0.3536,0.1916,0.0794,1.6647,1.8913,0.9796,0.555,0.176,1.3776,-0.0041,-0.0159
V3_20,DOWN,VAL,1058,0.4849,0.3336,0.2089,0.1352,2.1651,1.7717,1.7914,-0.006,0.3289,1.0,-0.0849,-0.093
A_KN_Top5,DOWN,VAL,265,0.5698,0.4075,0.3019,0.2189,2.6092,2.534,1.1074,0.7052,0.2528,1.5726,0.0,0.0
B1_Strict_Top5,DOWN,VAL,265,0.5698,0.4075,0.3019,0.2189,2.6092,2.534,1.1074,0.7052,0.2528,1.5726,0.0,0.0
B2_Backfill_Top5,DOWN,VAL,265,0.5698,0.4075,0.3019,0.2189,2.6092,2.534,1.1074,0.7052,0.2528,1.5726,0.0,0.0
C_Strat_Top5,DOWN,VAL,265,0.5698,0.4075,0.3019,0.2189,2.6092,2.534,1.1074,0.7052,0.2528,1.5726,0.0,0.0
A_KN_Top6,DOWN,VAL,318,0.5535,0.4025,0.2925,0.2107,2.5937,2.4413,1.1169,0.6764,0.2484,1.4473,-0.0163,-0.0094
B1_Strict_Top6,DOWN,VAL,318,0.5535,0.4025,0.2925,0.2107,2.5937,2.4413,1.1169,0.6764,0.2484,1.4473,-0.0163,-0.0094
B2_Backfill_Top6,DOWN,VAL,318,0.5535,0.4025,0.2925,0.2107,2.5937,2.4413,1.1169,0.6764,0.2484,1.4473,-0.0163,-0.0094
C_Strat_Top6,DOWN,VAL,318,0.5535,0.4025,0.2925,0.2107,2.5937,2.4413,1.1169,0.6764,0.2484,1.4473,-0.0163,-0.0094
V3_20,DOWN,OOS,1060,0.4877,0.2726,0.1283,0.0594,1.529,1.4028,1.6166,-0.1095,0.2858,1.0,-0.1161,-0.1132
A_KN_Top5,DOWN,OOS,265,0.6038,0.3849,0.2415,0.1509,2.127,2.3533,0.7672,0.7303,0.2038,1.746,0.0,0.0
B1_Strict_Top5,DOWN,OOS,265,0.6038,0.3849,0.2415,0.1509,2.127,2.3533,0.7672,0.7303,0.2038,1.746,0.0,0.0
B2_Backfill_Top5,DOWN,OOS,265,0.6038,0.3849,0.2415,0.1509,2.127,2.3533,0.7672,0.7303,0.2038,1.746,0.0,0.0
C_Strat_Top5,DOWN,OOS,265,0.6038,0.3849,0.2415,0.1509,2.127,2.3533,0.7672,0.7303,0.2038,1.746,0.0,0.0
A_KN_Top6,DOWN,OOS,318,0.5849,0.3679,0.217,0.1289,2.0057,2.1848,0.8674,0.5864,0.2201,1.5731,-0.0189,-0.0245
B1_Strict_Top6,DOWN,OOS,318,0.5849,0.3679,0.217,0.1289,2.0057,2.1848,0.8674,0.5864,0.2201,1.5731,-0.0189,-0.0245
B2_Backfill_Top6,DOWN,OOS,318,0.5849,0.3679,0.217,0.1289,2.0057,2.1848,0.8674,0.5864,0.2201,1.5731,-0.0189,-0.0245
C_Strat_Top6,DOWN,OOS,318,0.5849,0.3679,0.217,0.1289,2.0057,2.1848,0.8674,0.5864,0.2201,1.5731,-0.0189,-0.0245
V3_20,DOWN,FULL,4258,0.5124,0.2919,0.148,0.0749,1.6185,1.4997,1.5985,0.0072,0.2729,1.0,-0.0876,-0.0914
A_KN_Top5,DOWN,FULL,1065,0.6,0.3822,0.2394,0.1343,2.0399,2.2061,0.9464,0.6627,0.2009,1.5659,0.0,0.0
B1_Strict_Top5,DOWN,FULL,1065,0.6,0.3822,0.2394,0.1343,2.0399,2.2061,0.9464,0.6627,0.2009,1.5659,0.0,0.0
B2_Backfill_Top5,DOWN,FULL,1065,0.6,0.3822,0.2394,0.1343,2.0399,2.2061,0.9464,0.6627,0.2009,1.5659,0.0,0.0
C_Strat_Top5,DOWN,FULL,1065,0.6,0.3822,0.2394,0.1343,2.0399,2.2061,0.9464,0.6627,0.2009,1.5659,0.0,0.0
A_KN_Top6,DOWN,FULL,1278,0.5892,0.3693,0.223,0.1244,1.9661,2.1012,0.9858,0.593,0.205,1.4426,-0.0108,-0.0164
B1_Strict_Top6,DOWN,FULL,1278,0.5892,0.3693,0.223,0.1244,1.9661,2.1012,0.9858,0.593,0.205,1.4426,-0.0108,-0.0164
B2_Backfill_Top6,DOWN,FULL,1278,0.5892,0.3693,0.223,0.1244,1.9661,2.1012,0.9858,0.593,0.205,1.4426,-0.0108,-0.0164
C_Strat_Top6,DOWN,FULL,1278,0.5892,0.3693,0.223,0.1244,1.9661,2.1012,0.9858,0.593,0.205,1.4426,-0.0108,-0.0164
