model,direction,split,n,dir_acc,ge1_rate,ge2_rate,ge3_rate,avg_fav,avg_mfe,avg_mae,fp_rate,ev,conc_lift,vs_KN_dir_delta,vs_KN_ge2_delta
V3_20,UP,TRAIN,2141,0.4456,0.2452,0.1355,0.0803,1.7878,1.6674,1.614,0.3199,-0.0844,1.0,-0.0946,-0.0682
A_KN_Top5,UP,TRAIN,535,0.5402,0.3364,0.2037,0.1439,2.3772,2.5772,1.0731,0.2598,0.6201,1.5002,0.0,0.0
A_KN_Top6,UP,TRAIN,642,0.5218,0.3131,0.1885,0.1293,2.2366,2.3905,1.1385,0.271,0.4754,1.3676,-0.0184,-0.0152
B_KnStrat_Top5,UP,TRAIN,535,0.5402,0.3364,0.2037,0.1439,2.3772,2.5772,1.0731,0.2598,0.6201,1.5002,0.0,0.0
B_KnStrat_Top6,UP,TRAIN,642,0.5218,0.3131,0.1885,0.1293,2.2366,2.3905,1.1385,0.271,0.4754,1.3676,-0.0184,-0.0152
C_Strat_Top5,UP,TRAIN,534,0.4326,0.2697,0.176,0.1161,2.2272,1.9911,1.9703,0.3914,-0.1537,1.1984,-0.1076,-0.0277
C_Strat_Top6,UP,TRAIN,641,0.4384,0.2699,0.1622,0.1061,2.1557,1.9297,1.9188,0.3838,-0.1443,1.1577,-0.1018,-0.0415
KN_PASS_days_T5,UP,TRAIN,535,0.5402,0.3364,0.2037,0.1439,2.3772,2.5772,1.0731,0.2598,0.6201,1.5002,0.0,0.0
Random_5,UP,TRAIN,2670,0.4434,0.2472,0.1442,0.0888,1.8774,1.7229,1.6484,0.3255,-0.0675,0.9416,-0.0968,-0.0595
Random_6,UP,TRAIN,3203,0.4443,0.2466,0.1421,0.0865,1.8505,1.7133,1.6508,0.3253,-0.0787,0.9865,-0.0959,-0.0616
V3_20,UP,VAL,1059,0.5127,0.3654,0.2314,0.1586,2.5265,2.4398,1.8618,0.3229,0.3014,1.0,-0.0911,-0.1082
A_KN_Top5,UP,VAL,265,0.6038,0.4679,0.3396,0.2491,2.8765,3.2245,1.2876,0.2528,0.9485,1.5158,0.0,0.0
A_KN_Top6,UP,VAL,318,0.5975,0.4591,0.3208,0.2327,2.8465,3.1878,1.2761,0.2547,0.9387,1.46,-0.0063,-0.0188
B_KnStrat_Top5,UP,VAL,265,0.6038,0.4679,0.3396,0.2491,2.8765,3.2245,1.2876,0.2528,0.9485,1.5158,0.0,0.0
B_KnStrat_Top6,UP,VAL,318,0.5975,0.4591,0.3208,0.2327,2.8465,3.1878,1.2761,0.2547,0.9387,1.46,-0.0063,-0.0188
C_Strat_Top5,UP,VAL,265,0.4943,0.3925,0.2679,0.2151,3.3322,3.2482,2.229,0.3509,0.4496,1.3115,-0.1095,-0.0717
C_Strat_Top6,UP,VAL,318,0.4969,0.3868,0.2673,0.2107,3.2157,3.1695,2.1422,0.3491,0.4498,1.241,-0.1069,-0.0723
KN_PASS_days_T5,UP,VAL,125,0.576,0.448,0.296,0.224,2.8455,3.3392,1.1382,0.224,0.9573,1.4744,-0.0278,-0.0436
KN_REJECT_days_T5,UP,VAL,140,0.6286,0.4857,0.3786,0.2714,2.9018,3.1221,1.4209,0.2786,0.9407,1.5513,0.0248,0.039
Random_5,UP,VAL,1324,0.5106,0.3656,0.2319,0.1654,2.6493,2.5648,1.8764,0.3248,0.3395,1.2196,-0.0932,-0.1077
Random_6,UP,VAL,1589,0.5116,0.3644,0.2329,0.1661,2.6188,2.5446,1.8695,0.3203,0.3432,1.283,-0.0922,-0.1067
V3_20,UP,OOS,1061,0.4873,0.2903,0.1781,0.1112,2.0629,2.0605,1.5348,0.2988,0.1417,1.0,-0.1278,-0.1125
A_KN_Top5,UP,OOS,265,0.6151,0.4226,0.2906,0.2113,2.5873,3.1251,0.823,0.2038,1.0493,1.7149,0.0,0.0
A_KN_Top6,UP,OOS,318,0.5975,0.4088,0.2704,0.2044,2.4959,2.9687,0.8638,0.2138,0.934,1.5488,-0.0176,-0.0202
B_KnStrat_Top5,UP,OOS,265,0.6151,0.4226,0.2906,0.2113,2.5873,3.1251,0.823,0.2038,1.0493,1.7149,0.0,0.0
B_KnStrat_Top6,UP,OOS,318,0.5975,0.4088,0.2704,0.2044,2.4959,2.9687,0.8638,0.2138,0.934,1.5488,-0.0176,-0.0202
C_Strat_Top5,UP,OOS,265,0.5094,0.3283,0.2264,0.1774,2.6812,2.6869,1.8123,0.3434,0.282,1.3274,-0.1057,-0.0642
C_Strat_Top6,UP,OOS,318,0.4937,0.3113,0.2107,0.1635,2.5775,2.4878,1.8347,0.3428,0.1536,1.2322,-0.1214,-0.0799
KN_PASS_days_T5,UP,OOS,265,0.6151,0.4226,0.2906,0.2113,2.5873,3.1251,0.823,0.2038,1.0493,1.7149,0.0,0.0
Random_5,UP,OOS,1325,0.4845,0.2883,0.1811,0.1208,2.1461,2.108,1.5415,0.317,0.1382,1.1883,-0.1306,-0.1095
Random_6,UP,OOS,1590,0.4899,0.2931,0.1811,0.1189,2.1265,2.1057,1.5361,0.3145,0.1456,1.198,-0.1252,-0.1095
V3_20,DOWN,TRAIN,2144,0.5387,0.2812,0.1283,0.0532,1.4216,1.4133,1.4984,0.2388,0.0754,1.0,-0.0763,-0.081
A_KN_Top5,DOWN,TRAIN,535,0.615,0.3682,0.2093,0.0841,1.7332,1.9695,0.9598,0.1738,0.6106,1.4788,0.0,0.0
A_KN_Top6,DOWN,TRAIN,642,0.6106,0.3536,0.1931,0.0794,1.6631,1.8955,0.9821,0.1776,0.554,1.38,-0.0044,-0.0162
B_KnStrat_Top5,DOWN,TRAIN,535,0.615,0.3682,0.2093,0.0841,1.7332,1.9695,0.9598,0.1738,0.6106,1.4788,0.0,0.0
B_KnStrat_Top6,DOWN,TRAIN,642,0.6106,0.3536,0.1931,0.0794,1.6631,1.8955,0.9821,0.1776,0.554,1.38,-0.0044,-0.0162
C_Strat_Top5,DOWN,TRAIN,535,0.5421,0.2916,0.1533,0.071,1.5805,1.5783,1.5928,0.2486,0.1235,1.0191,-0.0729,-0.056
C_Strat_Top6,DOWN,TRAIN,642,0.5327,0.2788,0.1464,0.0717,1.5445,1.528,1.6102,0.2461,0.0668,0.9738,-0.0823,-0.0629
KN_REJECT_days_T5,DOWN,TRAIN,15,0.4667,0.2,0.2,0.0667,1.4868,1.3558,0.87,0.2667,0.1114,1.6518,-0.1483,-0.0093
KN_CONTRADICTED_T5,DOWN,TRAIN,15,0.4667,0.2,0.2,0.0667,1.4868,1.3558,0.87,0.2667,0.1114,1.6518,-0.1483,-0.0093
KN_NEUTRAL_T5,DOWN,TRAIN,520,0.6192,0.3731,0.2096,0.0846,1.7385,1.9872,0.9624,0.1712,0.625,1.4738,0.0042,0.0003
Random_5,DOWN,TRAIN,2675,0.5323,0.2811,0.126,0.0535,1.4175,1.4038,1.5242,0.2437,0.0427,1.0138,-0.0827,-0.0833
Random_6,DOWN,TRAIN,3210,0.5389,0.2822,0.1299,0.0548,1.4205,1.4245,1.5166,0.2433,0.0605,1.0625,-0.0761,-0.0794
V3_20,DOWN,VAL,1058,0.4849,0.3336,0.2089,0.1352,2.1651,1.7717,1.7914,0.3289,-0.006,1.0,-0.0849,-0.093
A_KN_Top5,DOWN,VAL,265,0.5698,0.4075,0.3019,0.2189,2.6092,2.534,1.1074,0.2528,0.7052,1.5726,0.0,0.0
A_KN_Top6,DOWN,VAL,318,0.5535,0.4025,0.2925,0.2107,2.5937,2.4413,1.1169,0.2484,0.6764,1.4473,-0.0163,-0.0094
B_KnStrat_Top5,DOWN,VAL,265,0.5698,0.4075,0.3019,0.2189,2.6092,2.534,1.1074,0.2528,0.7052,1.5726,0.0,0.0
B_KnStrat_Top6,DOWN,VAL,318,0.5535,0.4025,0.2925,0.2107,2.5937,2.4413,1.1169,0.2484,0.6764,1.4473,-0.0163,-0.0094
C_Strat_Top5,DOWN,VAL,265,0.483,0.3623,0.2226,0.1547,2.3902,1.7545,2.0212,0.3283,-0.0162,1.0076,-0.0868,-0.0793
C_Strat_Top6,DOWN,VAL,318,0.478,0.3553,0.2233,0.1604,2.4118,1.797,1.932,0.3302,0.0381,1.0079,-0.0918,-0.0786
KN_PASS_days_T5,DOWN,VAL,70,0.5429,0.4714,0.4571,0.3857,3.7922,2.8932,1.1821,0.3,1.1321,1.3456,-0.0269,0.1552
KN_REJECT_days_T5,DOWN,VAL,45,0.5111,0.2444,0.1556,0.0889,1.3972,1.7733,0.9877,0.2222,0.1821,1.5219,-0.0587,-0.1463
KN_ALIGNED_T5,DOWN,VAL,70,0.5429,0.4714,0.4571,0.3857,3.7922,2.8932,1.1821,0.3,1.1321,1.3456,-0.0269,0.1552
KN_CONTRADICTED_T5,DOWN,VAL,45,0.5111,0.2444,0.1556,0.0889,1.3972,1.7733,0.9877,0.2222,0.1821,1.5219,-0.0587,-0.1463
KN_NEUTRAL_T5,DOWN,VAL,80,0.7375,0.5875,0.425,0.3125,3.0057,3.4651,0.4525,0.1375,1.7238,1.6964,0.1677,0.1231
Random_5,DOWN,VAL,1322,0.4856,0.3381,0.2095,0.1369,2.2136,1.783,1.8464,0.3313,-0.0267,1.0124,-0.0842,-0.0924
Random_6,DOWN,VAL,1587,0.4883,0.3352,0.2105,0.1374,2.1985,1.7771,1.8186,0.322,0.001,1.0759,-0.0815,-0.0914
V3_20,DOWN,OOS,1061,0.4882,0.2733,0.1291,0.0594,1.5307,1.4025,1.6184,0.2856,-0.1071,1.0,-0.1156,-0.1124
A_KN_Top5,DOWN,OOS,265,0.6038,0.3849,0.2415,0.1472,2.123,2.3447,0.7797,0.2038,0.7279,1.7492,0.0,0.0
A_KN_Top6,DOWN,OOS,318,0.5849,0.3711,0.2201,0.1289,2.0138,2.1844,0.8761,0.2201,0.5911,1.5808,-0.0189,-0.0214
B_KnStrat_Top5,DOWN,OOS,265,0.6038,0.3849,0.2415,0.1472,2.123,2.3447,0.7797,0.2038,0.7279,1.7492,0.0,0.0
B_KnStrat_Top6,DOWN,OOS,318,0.5849,0.3711,0.2201,0.1289,2.0138,2.1844,0.8761,0.2201,0.5911,1.5808,-0.0189,-0.0214
C_Strat_Top5,DOWN,OOS,265,0.4868,0.3283,0.1811,0.1019,1.9142,1.6358,1.8373,0.2943,-0.1779,1.2515,-0.117,-0.0604
C_Strat_Top6,DOWN,OOS,318,0.478,0.305,0.1698,0.0943,1.8402,1.5875,1.8135,0.305,-0.1972,1.1654,-0.1258,-0.0717
KN_REJECT_days_T5,DOWN,OOS,5,1.0,1.0,1.0,0.4,3.224,3.5941,-0.8041,0.0,3.224,1.6728,0.3962,0.7585
KN_CONTRADICTED_T5,DOWN,OOS,5,1.0,1.0,1.0,0.4,3.224,3.5941,-0.8041,0.0,3.224,1.6728,0.3962,0.7585
KN_NEUTRAL_T5,DOWN,OOS,260,0.5962,0.3731,0.2269,0.1423,2.0875,2.3207,0.8102,0.2077,0.6799,1.7507,-0.0076,-0.0146
Random_5,DOWN,OOS,1325,0.4815,0.2755,0.1313,0.0619,1.595,1.4142,1.6687,0.2913,-0.1323,0.984,-0.1223,-0.1102
Random_6,DOWN,OOS,1590,0.4805,0.2818,0.1365,0.066,1.6275,1.4498,1.6524,0.2881,-0.1163,1.1421,-0.1233,-0.105
