trading_date,symbol,direction,split,regime_at_eval,knowledge_score,gap_pct,strategy_status,edg_day_status,n_edg_pass,t1_ret_pct,dir_adj_ret,mfe_pct,mae_pct,regime,outcome,rejection_class,is_strategy_pass
2026-03-09,MAZDOCK.NS,UP,VAL,BEAR,2.5555090071219144,2.5555090071219144,REJECT,NOT_EVALUATED_BEAR,10,3.9841,3.9841,4.692082111436946,1.0892333472978688,BEAR,STRONG,FALSE_REJECTION,False
2026-03-09,BDL.NS,UP,VAL,BEAR,2.2014226881317933,2.2014226881317933,REJECT,NOT_EVALUATED_BEAR,10,3.6615,3.6615,4.230625233994756,1.0108573567952028,BEAR,STRONG,FALSE_REJECTION,False
2026-03-09,STLTECH.NS,UP,VAL,BEAR,4.4536271808999,4.4536271808999,REJECT,NOT_EVALUATED_BEAR,10,3.3861,3.3861,6.175390266299341,-1.6528925619834656,BEAR,STRONG,FALSE_REJECTION,False
2026-03-09,GRSE.NS,UP,VAL,BEAR,1.978871677436289,1.978871677436289,REJECT,NOT_EVALUATED_BEAR,10,1.647,1.647,2.788227801860388,0.8093561244240988,BEAR,NEUTRAL,NEUTRAL_REJECTION,False
2026-03-09,NAVINFLUOR.NS,UP,VAL,BEAR,2.6223091976516733,2.6223091976516733,REJECT,NOT_EVALUATED_BEAR,10,2.3875,2.3875,3.6399217221134927,-1.4481409001956935,BEAR,STRONG,FALSE_REJECTION,False
2026-03-10,MAZDOCK.NS,UP,VAL,BEAR,1.1280769860973816,1.1280769860973816,REJECT,NOT_EVALUATED_BEAR,8,-1.8533,-1.8533,2.292409560758646,2.179609919841674,BEAR,BAD,CORRECT_REJECTION,False
2026-03-10,BDL.NS,UP,VAL,BEAR,0.6212077434267549,0.6212077434267549,REJECT,NOT_EVALUATED_BEAR,8,-1.7625,-1.7625,3.0049118751805715,2.954348454203992,BEAR,BAD,CORRECT_REJECTION,False
2026-03-10,IRCON.NS,UP,VAL,BEAR,0.6278090889634269,0.6278090889634269,REJECT,NOT_EVALUATED_BEAR,8,-2.1474,-2.1474,1.9833059855889343,2.93215381322679,BEAR,BAD,CORRECT_REJECTION,False
2026-03-10,SUZLON.NS,UP,VAL,BEAR,0.651387213510235,0.651387213510235,REJECT,NOT_EVALUATED_BEAR,8,0.4101,0.4101,1.4716525934861169,0.1206272617611636,BEAR,NEUTRAL,NEUTRAL_REJECTION,False
2026-03-10,NATIONALUM.NS,UP,VAL,BEAR,0.8360128617363349,0.8360128617363349,REJECT,NOT_EVALUATED_BEAR,8,2.3151,2.3151,3.755627009646312,-0.4887459807073835,BEAR,STRONG,FALSE_REJECTION,False
2026-03-11,STLTECH.NS,UP,VAL,BEAR,1.794521985517883,1.794521985517883,REJECT,NOT_EVALUATED_BEAR,10,5.3836,5.3836,7.949417567425732,2.3979431209990687,BEAR,STRONG,FALSE_REJECTION,False
2026-03-11,SYMPHONY.NS,UP,VAL,BEAR,0.3836083541374879,0.3836083541374879,REJECT,NOT_EVALUATED_BEAR,10,-0.6881,-0.6881,1.6196797174694133,2.6974365219509244,BEAR,BAD,CORRECT_REJECTION,False
2026-03-11,ONMOBILE.NS,UP,VAL,BEAR,0.1173249902229223,0.1173249902229223,REJECT,NOT_EVALUATED_BEAR,10,-1.0559,-1.0559,0.7039499413375117,2.3856081345326574,BEAR,BAD,CORRECT_REJECTION,False
2026-03-11,VGUARD.NS,UP,VAL,BEAR,0.5243921817893016,0.5243921817893016,REJECT,NOT_EVALUATED_BEAR,10,1.2871,1.2871,1.70030192277133,2.907993008104237,BEAR,NEUTRAL,NEUTRAL_REJECTION,False
2026-03-11,GLENMARK.NS,UP,VAL,BEAR,0.0220002640031635,0.0220002640031635,REJECT,NOT_EVALUATED_BEAR,10,-0.7172,-0.7172,0.0220002640031635,2.5212346548158515,BEAR,BAD,CORRECT_REJECTION,False
2026-03-12,STLTECH.NS,UP,VAL,BEAR,1.0754829715196257,1.0754829715196257,REJECT,NOT_EVALUATED_BEAR,10,-6.9209,-6.9209,1.8571997610037805,8.135829516032667,BEAR,BAD,CORRECT_REJECTION,False
2026-03-12,HFCL.NS,UP,VAL,BEAR,2.0545185980932024,2.0545185980932024,REJECT,NOT_EVALUATED_BEAR,10,-3.3571,-3.3571,3.66590573385257,4.122465422317701,BEAR,BAD,CORRECT_REJECTION,False
2026-03-12,JPPOWER.NS,UP,VAL,BEAR,0.8468595624558928,0.8468595624558928,REJECT,NOT_EVALUATED_BEAR,10,-1.9054,-1.9054,3.034580098800288,2.2582921665490474,BEAR,BAD,CORRECT_REJECTION,False
2026-03-12,JSWENERGY.NS,UP,VAL,BEAR,0.6174030484275672,0.6174030484275672,REJECT,NOT_EVALUATED_BEAR,10,-1.0322,-1.0322,2.3538491221300584,1.794327609492563,BEAR,BAD,CORRECT_REJECTION,False
2026-03-12,AJANTPHARM.NS,UP,VAL,BEAR,0.5545760538547828,0.5545760538547828,REJECT,NOT_EVALUATED_BEAR,10,-2.8498,-2.8498,3.478121493829134,3.622375380669984,BEAR,BAD,CORRECT_REJECTION,False
2026-03-13,LTTS.NS,UP,VAL,BEAR,0.7842307575805174,0.7842307575805174,REJECT,NOT_EVALUATED_BEAR,10,-3.067,-3.067,0.7842307575805174,5.5421152286488695,BEAR,BAD,CORRECT_REJECTION,False
2026-03-13,HFCL.NS,UP,VAL,BEAR,0.4863137418368746,0.4863137418368746,REJECT,NOT_EVALUATED_BEAR,10,-0.9726,-0.9726,1.3616784771432575,3.709879116298465,BEAR,BAD,CORRECT_REJECTION,False
2026-03-13,ZYDUSWELL.NS,UP,VAL,BEAR,3.401360544217691,3.401360544217691,REJECT,NOT_EVALUATED_BEAR,10,5.3061,5.3061,8.70748299319728,-0.1855287569573205,BEAR,STRONG,FALSE_REJECTION,False
2026-03-13,ONMOBILE.NS,UP,VAL,BEAR,0.5171700455109729,0.5171700455109729,REJECT,NOT_EVALUATED_BEAR,10,0.0621,0.0621,1.158460901944558,3.475382705833696,BEAR,NEUTRAL,NEUTRAL_REJECTION,False
2026-03-13,STLTECH.NS,UP,VAL,BEAR,0.9842730287792812,0.9842730287792812,REJECT,NOT_EVALUATED_BEAR,10,-1.8295,-1.8295,1.5459505723761646,5.253022360115544,BEAR,BAD,CORRECT_REJECTION,False
2026-03-16,NOCIL.NS,UP,VAL,BEAR,1.3777940637596409,1.3777940637596409,REJECT,NOT_EVALUATED_BEAR,10,6.4786,6.4786,7.7317698790766,0.3224624404543741,BEAR,STRONG,FALSE_REJECTION,False
2026-03-16,JPPOWER.NS,UP,VAL,BEAR,4.000000000000004,4.000000000000004,REJECT,NOT_EVALUATED_BEAR,10,3.5556,3.5556,7.407407407407418,0.7407407407407418,BEAR,STRONG,FALSE_REJECTION,False
2026-03-16,SUZLON.NS,UP,VAL,BEAR,1.1948305291392458,1.1948305291392458,REJECT,NOT_EVALUATED_BEAR,10,0.634,0.634,1.4386734942696933,1.2192148256522817,BEAR,NEUTRAL,NEUTRAL_REJECTION,False
2026-03-16,RATEGAIN.NS,UP,VAL,BEAR,1.0580380071905535,1.0580380071905535,REJECT,NOT_EVALUATED_BEAR,10,-0.8629,-0.8629,1.0580380071905535,1.4689265536723115,BEAR,BAD,CORRECT_REJECTION,False
2026-03-16,WELCORP.NS,UP,VAL,BEAR,1.0555415933651835,1.0555415933651835,REJECT,NOT_EVALUATED_BEAR,10,2.3373,2.3373,2.588590098014576,0.0251319426991636,BEAR,STRONG,FALSE_REJECTION,False
2026-03-17,MOIL.NS,UP,VAL,BEAR,1.4614480094070403,1.4614480094070403,REJECT,NOT_EVALUATED_BEAR,8,-1.3439,-1.3439,2.603729212161942,4.686712581891483,BEAR,BAD,CORRECT_REJECTION,False
2026-03-17,JPPOWER.NS,UP,VAL,BEAR,4.4349070100143,4.4349070100143,REJECT,NOT_EVALUATED_BEAR,8,7.2961,7.2961,11.802575107296144,-3.719599427753928,BEAR,STRONG,FALSE_REJECTION,False
2026-03-17,IDEAFORGE.NS,UP,VAL,BEAR,1.2649572649572782,1.2649572649572782,REJECT,NOT_EVALUATED_BEAR,8,-1.3675,-1.3675,2.91737891737891,2.6210826210826266,BEAR,BAD,CORRECT_REJECTION,False
2026-03-17,RECLTD.NS,UP,VAL,BEAR,1.214095350903177,1.214095350903177,REJECT,NOT_EVALUATED_BEAR,8,3.0649,3.0649,3.390583358010057,-0.503405389398881,BEAR,STRONG,FALSE_REJECTION,False
2026-03-17,AJANTPHARM.NS,UP,VAL,BEAR,0.9699993057670886,0.9699993057670886,REJECT,NOT_EVALUATED_BEAR,8,1.1918,1.1918,3.095411405170778,-0.2880189270999533,BEAR,NEUTRAL,NEUTRAL_REJECTION,False
2026-03-18,MANAPPURAM.NS,UP,VAL,BEAR,-0.518518518518507,-0.518518518518507,REJECT,NOT_EVALUATED_BEAR,8,-2.1667,-2.1667,1.2037037037037068,2.703703703703708,BEAR,BAD,CORRECT_REJECTION,False
2026-03-18,KPITTECH.NS,UP,VAL,BEAR,-1.1986923356338552,-1.1986923356338552,REJECT,NOT_EVALUATED_BEAR,8,-4.2644,-4.2644,-1.1986923356338552,4.831093352706139,BEAR,BAD,CORRECT_REJECTION,False
2026-03-18,IDEAFORGE.NS,UP,VAL,BEAR,-1.224725592143272,-1.224725592143272,REJECT,NOT_EVALUATED_BEAR,8,-2.0451,-2.0451,0.2888503755054783,2.68053148469094,BEAR,BAD,CORRECT_REJECTION,False
2026-03-18,MRPL.NS,UP,VAL,BEAR,-1.0674303566779564,-1.0674303566779564,REJECT,NOT_EVALUATED_BEAR,8,-3.7855,-3.7855,1.7443374121322464,4.191616766467076,BEAR,BAD,CORRECT_REJECTION,False
2026-03-18,PNBHOUSING.NS,UP,VAL,BEAR,-1.1886336903361605,-1.1886336903361605,REJECT,NOT_EVALUATED_BEAR,8,-2.4268,-2.4268,-1.1205348851606511,3.175880641366924,BEAR,BAD,CORRECT_REJECTION,False
2026-03-19,JPPOWER.NS,UP,VAL,BEAR,1.49253731343284,1.49253731343284,REJECT,NOT_EVALUATED_BEAR,10,-2.3284,-2.3284,3.164179104477616,4.298507462686563,BEAR,BAD,CORRECT_REJECTION,False
2026-03-19,OLECTRA.NS,UP,VAL,BEAR,0.864308553157489,0.864308553157489,REJECT,NOT_EVALUATED_BEAR,10,9.6523,9.6523,12.899680255795376,-0.5245803357314172,BEAR,STRONG,FALSE_REJECTION,False
2026-03-19,KPITTECH.NS,UP,VAL,BEAR,1.8363939899832984,1.8363939899832984,REJECT,NOT_EVALUATED_BEAR,10,0.3111,0.3111,3.156776445591136,0.1365912885111564,BEAR,NEUTRAL,NEUTRAL_REJECTION,False
2026-03-19,LTTS.NS,UP,VAL,BEAR,1.499924551078924,1.499924551078924,REJECT,NOT_EVALUATED_BEAR,10,-2.5472,-2.5472,1.5331220763543207,3.0934057642975743,BEAR,BAD,CORRECT_REJECTION,False
2026-03-19,PNBHOUSING.NS,UP,VAL,BEAR,0.8819237358035803,0.8819237358035803,REJECT,NOT_EVALUATED_BEAR,10,0.4885,0.4885,2.87418311020875,-0.1268955015544692,BEAR,NEUTRAL,NEUTRAL_REJECTION,False
2026-03-20,ALKYLAMINE.NS,UP,VAL,BEAR,-0.1547987616099089,-0.1547987616099089,REJECT,NOT_EVALUATED_BEAR,10,-4.0712,-4.0712,-0.1547987616099089,4.411764705882348,BEAR,BAD,CORRECT_REJECTION,False
2026-03-20,MIDHANI.NS,UP,VAL,BEAR,-0.7294640025372723,-0.7294640025372723,REJECT,NOT_EVALUATED_BEAR,10,-6.803,-6.803,-0.7294640025372723,7.389787503964484,BEAR,BAD,CORRECT_REJECTION,False
2026-03-20,GODREJAGRO.NS,UP,VAL,BEAR,0.0,0.0,REJECT,NOT_EVALUATED_BEAR,10,-6.1172,-6.1172,0.0849617672047609,7.357689039932024,BEAR,BAD,CORRECT_REJECTION,False
2026-03-20,PNBHOUSING.NS,UP,VAL,BEAR,-0.7450435661068289,-0.7450435661068289,REJECT,NOT_EVALUATED_BEAR,10,-5.1964,-5.1964,-0.4988003535799867,6.926379593383003,BEAR,BAD,CORRECT_REJECTION,False
2026-03-20,TVSMOTOR.NS,UP,VAL,BEAR,-0.6412107908266407,-0.6412107908266407,REJECT,NOT_EVALUATED_BEAR,10,-1.4355,-1.4355,-0.6412107908266407,2.3164461902836275,BEAR,BAD,CORRECT_REJECTION,False
2026-03-23,OLECTRA.NS,UP,VAL,BEAR,4.306640624999991,4.306640624999991,REJECT,NOT_EVALUATED_BEAR,10,4.5264,4.5264,8.749999999999991,-1.6845703125,BEAR,STRONG,FALSE_REJECTION,False
2026-03-23,KPITTECH.NS,UP,VAL,BEAR,3.1396936144395537,3.1396936144395537,REJECT,NOT_EVALUATED_BEAR,10,0.8646,0.8646,3.412710450477774,2.2599726983163926,BEAR,NEUTRAL,NEUTRAL_REJECTION,False
2026-03-23,CENTUM.NS,UP,VAL,BEAR,3.847839376469886,3.847839376469886,REJECT,NOT_EVALUATED_BEAR,10,3.1774,3.1774,6.055976025942877,0.5647864948544856,BEAR,STRONG,FALSE_REJECTION,False
2026-03-23,TATACOMM.NS,UP,VAL,BEAR,2.747650036153293,2.747650036153293,REJECT,NOT_EVALUATED_BEAR,10,1.757,1.757,3.6876355748373113,0.795372378886483,BEAR,NEUTRAL,NEUTRAL_REJECTION,False
2026-03-23,LT.NS,UP,VAL,BEAR,2.9200605229793064,2.9200605229793064,REJECT,NOT_EVALUATED_BEAR,10,5.2178,5.2178,6.124347957286624,-1.4390887218492354,BEAR,STRONG,FALSE_REJECTION,False
2026-03-24,JYOTHYLAB.NS,UP,VAL,BEAR,1.3320647002854402,1.3320647002854402,REJECT,NOT_EVALUATED_BEAR,9,2.0219,2.0219,3.449096098953386,-0.0475737392959141,BEAR,STRONG,FALSE_REJECTION,False
2026-03-24,COFORGE.NS,UP,VAL,BEAR,1.7926312944779754,1.7926312944779754,REJECT,NOT_EVALUATED_BEAR,9,4.7743,4.7743,5.008557787586709,-0.0090081974597033,BEAR,STRONG,FALSE_REJECTION,False
2026-03-24,LT.NS,UP,VAL,BEAR,1.50989251592355,1.50989251592355,REJECT,NOT_EVALUATED_BEAR,9,3.7676,3.7676,4.071883530482245,-0.8303002729754372,BEAR,STRONG,FALSE_REJECTION,False
2026-03-24,LAURUSLABS.NS,UP,VAL,BEAR,1.6522264759218253,1.6522264759218253,REJECT,NOT_EVALUATED_BEAR,9,3.113,3.113,3.667136812411842,-0.2820874471086032,BEAR,STRONG,FALSE_REJECTION,False
2026-03-24,MASTEK.NS,UP,VAL,BEAR,1.955307262569828,1.955307262569828,REJECT,NOT_EVALUATED_BEAR,9,1.264,1.264,2.220670391061441,-0.0698324022346374,BEAR,NEUTRAL,NEUTRAL_REJECTION,False
2026-03-25,DEEPAKFERT.NS,UP,VAL,BEAR,-0.0050047545167908,-0.0050047545167908,REJECT,NOT_EVALUATED_BEAR,9,-4.8546,-4.8546,0.8658225314048362,5.410139632651012,BEAR,BAD,CORRECT_REJECTION,False
2026-03-25,GRANULES.NS,UP,VAL,BEAR,0.0079484937604457,0.0079484937604457,REJECT,NOT_EVALUATED_BEAR,9,-0.7472,-0.7472,0.5246005881885507,1.5976472458469004,BEAR,BAD,CORRECT_REJECTION,False
2026-03-25,COFORGE.NS,UP,VAL,BEAR,-0.0945748430917325,-0.0945748430917325,REJECT,NOT_EVALUATED_BEAR,9,-1.582,-1.582,1.4788066374344488,1.951680852893112,BEAR,BAD,CORRECT_REJECTION,False
2026-03-25,MAPMYINDIA.NS,UP,VAL,BEAR,-0.0112208258527868,-0.0112208258527868,REJECT,NOT_EVALUATED_BEAR,9,-5.3411,-5.3411,-0.0112208258527868,6.149012567324963,BEAR,BAD,CORRECT_REJECTION,False
2026-03-25,AUROPHARMA.NS,UP,VAL,BEAR,0.0,0.0,REJECT,NOT_EVALUATED_BEAR,9,0.4894,0.4894,1.4681143905796112,0.9022786358770408,BEAR,NEUTRAL,NEUTRAL_REJECTION,False
2026-03-27,ALKYLAMINE.NS,UP,VAL,BEAR,-0.185686653771766,-0.185686653771766,REJECT,NOT_EVALUATED_BEAR,10,-4.7118,-4.7118,0.8665377176015454,5.547388781431339,BEAR,BAD,CORRECT_REJECTION,False
2026-03-27,SUDARSCHEM.NS,UP,VAL,BEAR,0.0065389393840487,0.0065389393840487,REJECT,NOT_EVALUATED_BEAR,10,-2.2298,-2.2298,0.0065389393840487,5.002288628784413,BEAR,BAD,CORRECT_REJECTION,False
2026-03-27,ERIS.NS,UP,VAL,BEAR,-0.1416958759042463,-0.1416958759042463,REJECT,NOT_EVALUATED_BEAR,10,-3.259,-3.259,-0.1416958759042463,4.787829070027594,BEAR,BAD,CORRECT_REJECTION,False
2026-03-27,ONGC.NS,UP,VAL,BEAR,0.2837382514630393,0.2837382514630393,REJECT,NOT_EVALUATED_BEAR,10,0.9576,0.9576,2.269906011704226,0.0,BEAR,NEUTRAL,NEUTRAL_REJECTION,False
2026-03-27,GLENMARK.NS,UP,VAL,BEAR,-0.0460723335636958,-0.0460723335636958,REJECT,NOT_EVALUATED_BEAR,10,-1.7876,-1.7876,0.0138217000691165,2.847270214236364,BEAR,BAD,CORRECT_REJECTION,False
2026-03-30,DEEPAKFERT.NS,UP,VAL,VOLATILE,5.385038503850392,5.385038503850392,REJECT,NOT_EVALUATED_VOLATILE,10,8.7294,8.7294,10.561056105610556,-2.7062706270627013,BEAR,STRONG,FALSE_REJECTION,False
2026-03-30,LICHSGFIN.NS,UP,VAL,VOLATILE,3.180212014134276,3.180212014134276,REJECT,NOT_EVALUATED_VOLATILE,10,4.0989,4.0989,4.553255931347788,-1.8172640080767355,BEAR,STRONG,FALSE_REJECTION,False
2026-03-30,OFSS.NS,UP,VAL,VOLATILE,3.253602733620564,3.253602733620564,REJECT,NOT_EVALUATED_VOLATILE,10,2.2582,2.2582,4.338136978160745,-1.559946516119437,BEAR,STRONG,FALSE_REJECTION,False
2026-03-30,BAJFINANCE.NS,UP,VAL,VOLATILE,3.898696275965308,3.898696275965308,REJECT,NOT_EVALUATED_VOLATILE,10,1.9649,1.9649,5.052710373651048,-1.653047221009296,BEAR,NEUTRAL,NEUTRAL_REJECTION,False
2026-03-30,COFORGE.NS,UP,VAL,VOLATILE,3.1667713286085863,3.1667713286085863,REJECT,NOT_EVALUATED_VOLATILE,10,3.5166,3.5166,6.53090517628061,-2.727191172512766,BEAR,STRONG,FALSE_REJECTION,False
2026-04-01,NATIONALUM.NS,UP,VAL,VOLATILE,-0.8762047815746632,-0.8762047815746632,REJECT,NOT_EVALUATED_VOLATILE,7,0.5883,0.5883,0.988859682062837,3.567405182125427,BEAR,NEUTRAL,NEUTRAL_REJECTION,False
2026-04-01,PETRONET.NS,UP,VAL,VOLATILE,-0.7290212501938842,-0.7290212501938842,REJECT,NOT_EVALUATED_VOLATILE,7,-1.237,-1.237,-0.7290212501938842,4.184116643400026,BEAR,BAD,CORRECT_REJECTION,False
2026-04-01,CRAFTSMAN.NS,UP,VAL,VOLATILE,-0.555718046212339,-0.555718046212339,REJECT,NOT_EVALUATED_VOLATILE,7,-0.7166,-0.7166,-0.4094764551038299,2.26674466218193,BEAR,BAD,CORRECT_REJECTION,False
2026-04-01,HINDALCO.NS,UP,VAL,VOLATILE,-0.6245854521335414,-0.6245854521335414,REJECT,NOT_EVALUATED_VOLATILE,7,1.2879,1.2879,1.8074286977669771,2.1888127349104614,BEAR,NEUTRAL,NEUTRAL_REJECTION,False
2026-04-01,LTTS.NS,UP,VAL,VOLATILE,-1.022864019253911,-1.022864019253911,REJECT,NOT_EVALUATED_VOLATILE,7,0.707,0.707,1.233453670276785,3.4235860409145613,BEAR,NEUTRAL,NEUTRAL_REJECTION,False
2026-04-02,GRSE.NS,UP,VAL,VOLATILE,0.6517979869640422,0.6517979869640422,REJECT,NOT_EVALUATED_VOLATILE,10,0.1862,0.1862,2.3101095197977983,3.290023500199535,BEAR,NEUTRAL,NEUTRAL_REJECTION,False
2026-04-02,FINEORG.NS,UP,VAL,VOLATILE,0.497334609003941,0.497334609003941,REJECT,NOT_EVALUATED_VOLATILE,10,-0.7838,-0.7838,0.6577636494288219,2.133697070276941,BEAR,BAD,CORRECT_REJECTION,False
2026-04-02,ADANIGREEN.NS,UP,VAL,VOLATILE,0.1168224299065379,0.1168224299065379,REJECT,NOT_EVALUATED_VOLATILE,10,7.6051,7.6051,8.259345794392537,-0.0058411214953313,BEAR,STRONG,FALSE_REJECTION,False
2026-04-02,NATCOPHARM.NS,UP,VAL,VOLATILE,0.2335652766288776,0.2335652766288776,REJECT,NOT_EVALUATED_VOLATILE,10,0.0973,0.0973,0.72015960293903,1.513308354824583,BEAR,NEUTRAL,NEUTRAL_REJECTION,False
2026-04-02,GALAXYSURF.NS,UP,VAL,VOLATILE,1.1297045852715517,1.1297045852715517,REJECT,NOT_EVALUATED_VOLATILE,10,1.5647,1.5647,1.9694315229867865,0.21144203467649,BEAR,NEUTRAL,NEUTRAL_REJECTION,False
2026-04-06,ADANIGREEN.NS,UP,VAL,VOLATILE,0.0,0.0,REJECT,NOT_EVALUATED_VOLATILE,9,0.4614,0.4614,1.4982086635544345,1.199652589295419,BEAR,NEUTRAL,NEUTRAL_REJECTION,False
2026-04-06,RAJESHEXPO.NS,UP,VAL,VOLATILE,0.1855490067670828,0.1855490067670828,REJECT,NOT_EVALUATED_VOLATILE,9,4.9771,4.9771,4.998908535254309,2.794149748963115,BEAR,STRONG,FALSE_REJECTION,False
2026-04-06,KALYANKJIL.NS,UP,VAL,VOLATILE,3.4851909123349456,3.4851909123349456,REJECT,NOT_EVALUATED_VOLATILE,9,-1.4274,-1.4274,4.05614368978231,2.010229570595945,BEAR,BAD,CORRECT_REJECTION,False
2026-04-06,NATIONALUM.NS,UP,VAL,VOLATILE,0.0367782272894468,0.0367782272894468,REJECT,NOT_EVALUATED_VOLATILE,9,0.9562,0.9562,2.329287728331497,0.0858158636753758,BEAR,NEUTRAL,NEUTRAL_REJECTION,False
2026-04-06,MIDHANI.NS,UP,VAL,VOLATILE,0.8814887365327984,0.8814887365327984,REJECT,NOT_EVALUATED_VOLATILE,9,1.3712,1.3712,3.0852105778648387,0.424420502775058,BEAR,NEUTRAL,NEUTRAL_REJECTION,False
2026-04-07,RAJESHEXPO.NS,UP,VAL,VOLATILE,4.990642545227697,4.990642545227697,REJECT,NOT_EVALUATED_VOLATILE,12,4.9802,4.9802,4.990642545227697,-3.971719692243703,BEAR,STRONG,FALSE_REJECTION,False
2026-04-07,GRSE.NS,UP,VAL,VOLATILE,6.27684032446969,6.27684032446969,REJECT,NOT_EVALUATED_VOLATILE,12,7.4654,7.4654,8.706025246171855,-3.765240966468575,BEAR,STRONG,FALSE_REJECTION,False
2026-04-07,COCHINSHIP.NS,UP,VAL,VOLATILE,5.341246290801194,5.341246290801194,REJECT,NOT_EVALUATED_VOLATILE,12,2.3591,2.3591,5.712166172106814,-1.9436201780415496,BEAR,STRONG,FALSE_REJECTION,False
2026-04-07,PRESTIGE.NS,UP,VAL,VOLATILE,6.374273791015472,6.374273791015472,REJECT,NOT_EVALUATED_VOLATILE,12,8.0763,8.0763,10.220112920382965,-5.416905326896337,BEAR,STRONG,FALSE_REJECTION,False
2026-04-07,BDL.NS,UP,VAL,VOLATILE,4.773849016910758,4.773849016910758,REJECT,NOT_EVALUATED_VOLATILE,12,4.4907,4.4907,4.773849016910758,-1.4645197831539614,BEAR,STRONG,FALSE_REJECTION,False
2026-04-08,RAJESHEXPO.NS,UP,VAL,VOLATILE,3.0008913538674964,3.0008913538674964,REJECT,NOT_EVALUATED_VOLATILE,15,3.5357,3.5357,4.971773794196288,4.427057541844115,RANGE,STRONG,FALSE_REJECTION,False
2026-04-08,RATEGAIN.NS,UP,VAL,VOLATILE,1.4584654407101991,1.4584654407101991,REJECT,NOT_EVALUATED_VOLATILE,15,0.1178,0.1178,1.4584654407101991,3.668810580668536,RANGE,NEUTRAL,NEUTRAL_REJECTION,False
2026-04-08,ADANIGREEN.NS,UP,VAL,VOLATILE,0.2282328946729306,0.2282328946729306,REJECT,NOT_EVALUATED_VOLATILE,15,1.4471,1.4471,1.7821589860632203,0.810955178944317,RANGE,NEUTRAL,NEUTRAL_REJECTION,False
2026-04-08,BOSCHLTD.NS,UP,VAL,VOLATILE,0.6817865590649674,0.6817865590649674,REJECT,NOT_EVALUATED_VOLATILE,15,2.3236,2.3236,4.549881730903027,0.3061082510087631,RANGE,STRONG,FALSE_REJECTION,False
2026-04-08,ASHOKLEY.NS,UP,VAL,VOLATILE,0.1855287569573427,0.1855287569573427,REJECT,NOT_EVALUATED_VOLATILE,15,-1.2175,-1.2175,1.316094619666064,2.0118274582560325,RANGE,BAD,CORRECT_REJECTION,False
2026-04-09,RAJESHEXPO.NS,UP,VAL,VOLATILE,4.935909699636509,4.935909699636509,REJECT,NOT_EVALUATED_VOLATILE,16,4.9933,4.9933,4.993303998469489,-1.87488042854409,RANGE,STRONG,FALSE_REJECTION,False
2026-04-09,ASHOKLEY.NS,UP,VAL,VOLATILE,1.4790468364831666,1.4790468364831666,REJECT,NOT_EVALUATED_VOLATILE,16,4.4841,4.4841,4.6953867824862,-1.027115858668859,RANGE,STRONG,FALSE_REJECTION,False
2026-04-09,BSE.NS,UP,VAL,VOLATILE,1.6147879171974022,1.6147879171974022,REJECT,NOT_EVALUATED_VOLATILE,16,0.7306,0.7306,2.2287745511381685,0.7183612917775251,RANGE,NEUTRAL,NEUTRAL_REJECTION,False
2026-04-09,MIDHANI.NS,UP,VAL,VOLATILE,1.435481354345458,1.435481354345458,REJECT,NOT_EVALUATED_VOLATILE,16,3.0582,3.0582,3.9163676080511856,-1.4198782961460488,RANGE,STRONG,FALSE_REJECTION,False
2026-04-09,COROMANDEL.NS,UP,VAL,VOLATILE,2.3622047244094446,2.3622047244094446,REJECT,NOT_EVALUATED_VOLATILE,16,0.396,0.396,2.4041326934724827,0.5358058053394177,RANGE,NEUTRAL,NEUTRAL_REJECTION,False
2026-04-10,OLECTRA.NS,UP,VAL,VOLATILE,-0.1899936668777746,-0.1899936668777746,REJECT,NOT_EVALUATED_VOLATILE,17,2.4404,2.4404,4.614735064386744,0.903525438040953,RANGE,STRONG,FALSE_REJECTION,False
2026-04-10,SAPPHIRE.NS,UP,VAL,VOLATILE,-0.4352173145915516,-0.4352173145915516,REJECT,NOT_EVALUATED_VOLATILE,17,2.0996,2.0996,4.834440981003341,2.6465917779215475,RANGE,STRONG,FALSE_REJECTION,False
2026-04-10,RAJESHEXPO.NS,UP,VAL,VOLATILE,4.7740524781341165,4.7740524781341165,REJECT,NOT_EVALUATED_VOLATILE,17,4.9927,4.9927,4.9927113702623815,4.701166180758031,RANGE,STRONG,FALSE_REJECTION,False
2026-04-10,GODREJPROP.NS,UP,VAL,VOLATILE,-1.200116516166616,-1.200116516166616,REJECT,NOT_EVALUATED_VOLATILE,17,-0.5651,-0.5651,0.3728517331779812,4.398485289833964,RANGE,BAD,CORRECT_REJECTION,False
2026-04-10,SOBHA.NS,UP,VAL,VOLATILE,-1.6001230863912697,-1.6001230863912697,REJECT,NOT_EVALUATED_VOLATILE,17,-0.2231,-0.2231,1.0846988229863852,3.4541118547580685,RANGE,BAD,CORRECT_REJECTION,False
2026-04-13,OLECTRA.NS,UP,VAL,VOLATILE,2.542966657049828,2.542966657049828,REJECT,NOT_EVALUATED_VOLATILE,15,1.1004,1.1004,2.542966657049828,-0.2720191237687075,RANGE,NEUTRAL,NEUTRAL_REJECTION,False
2026-04-13,RAJESHEXPO.NS,UP,VAL,VOLATILE,4.998264491496007,4.998264491496007,REJECT,NOT_EVALUATED_VOLATILE,15,4.9983,4.9983,4.998264491496007,-4.998264491496007,RANGE,STRONG,FALSE_REJECTION,False
2026-04-13,BLUESTARCO.NS,UP,VAL,VOLATILE,2.531791907514447,2.531791907514447,REJECT,NOT_EVALUATED_VOLATILE,15,4.3295,4.3295,4.6242774566473965,-0.7109826589595247,RANGE,STRONG,FALSE_REJECTION,False
2026-04-13,PRESTIGE.NS,UP,VAL,VOLATILE,3.1046377922575807,3.1046377922575807,REJECT,NOT_EVALUATED_VOLATILE,15,2.9053,2.9053,3.464929091605984,-1.410502108087397,RANGE,STRONG,FALSE_REJECTION,False
2026-04-13,ASHOKLEY.NS,UP,VAL,VOLATILE,2.8478437754271724,2.8478437754271724,REJECT,NOT_EVALUATED_VOLATILE,15,1.9877,1.9877,4.085784028827155,-1.708706265256299,RANGE,NEUTRAL,NEUTRAL_REJECTION,False
2026-04-15,STLTECH.NS,UP,VAL,VOLATILE,1.5064140284806404,1.5064140284806404,REJECT,NOT_EVALUATED_VOLATILE,15,0.5649,0.5649,3.307049546898888,4.531010945039416,RANGE,NEUTRAL,NEUTRAL_REJECTION,False
2026-04-15,PARAS.NS,UP,VAL,VOLATILE,1.7420679605219649,1.7420679605219649,REJECT,NOT_EVALUATED_VOLATILE,15,2.8946,2.8946,3.7689607206729647,-0.4239252831688356,RANGE,STRONG,FALSE_REJECTION,False
2026-04-15,SUZLON.NS,UP,VAL,VOLATILE,1.8318746183594523,1.8318746183594523,REJECT,NOT_EVALUATED_VOLATILE,15,2.2797,2.2797,2.8495827396702644,0.2442499491146055,RANGE,STRONG,FALSE_REJECTION,False
2026-04-15,BPCL.NS,UP,VAL,VOLATILE,1.4334031244966905,1.4334031244966905,REJECT,NOT_EVALUATED_VOLATILE,15,-0.8053,-0.8053,1.4334031244966905,1.0307617973908778,RANGE,BAD,CORRECT_REJECTION,False
2026-04-15,RVNL.NS,UP,VAL,VOLATILE,1.5118790496760235,1.5118790496760235,REJECT,NOT_EVALUATED_VOLATILE,15,2.3793,2.3793,4.044450637497388,-0.020901553682151,RANGE,STRONG,FALSE_REJECTION,False
2026-04-16,JPPOWER.NS,UP,VAL,VOLATILE,1.3258541560428494,1.3258541560428494,REJECT,NOT_EVALUATED_VOLATILE,15,-2.0908,-2.0908,3.620601733809292,2.7027027027027084,RANGE,BAD,CORRECT_REJECTION,False
2026-04-16,CENTUM.NS,UP,VAL,VOLATILE,1.4809253786341792,1.4809253786341792,REJECT,NOT_EVALUATED_VOLATILE,15,1.2938,1.2938,2.745127167042982,0.7913541994928108,RANGE,NEUTRAL,NEUTRAL_REJECTION,False
2026-04-16,MIDHANI.NS,UP,VAL,VOLATILE,0.7252326217843663,0.7252326217843663,REJECT,NOT_EVALUATED_VOLATILE,15,1.1494,1.1494,1.792556102900944,0.1094690749863125,RANGE,NEUTRAL,NEUTRAL_REJECTION,False
2026-04-16,ADANIENSOL.NS,UP,VAL,VOLATILE,0.9774251594961704,0.9774251594961704,REJECT,NOT_EVALUATED_VOLATILE,15,3.0427,3.0427,3.586618681498454,0.0817929003762429,RANGE,STRONG,FALSE_REJECTION,False
2026-04-16,SUZLON.NS,UP,VAL,VOLATILE,1.0746268656716351,1.0746268656716351,REJECT,NOT_EVALUATED_VOLATILE,15,5.3333,5.3333,6.945273631840809,-0.636815920398015,RANGE,STRONG,FALSE_REJECTION,False
2026-04-17,HFCL.NS,UP,VAL,VOLATILE,1.5813174154361676,1.5813174154361676,REJECT,NOT_EVALUATED_VOLATILE,18,-2.2934,-2.2934,2.094460152895583,2.691381296470829,RANGE,BAD,CORRECT_REJECTION,False
2026-04-17,CENTUM.NS,UP,VAL,VOLATILE,0.4959835321576733,0.4959835321576733,REJECT,NOT_EVALUATED_VOLATILE,18,-6.5807,-6.5807,1.7602470176348417,7.254927385892119,RANGE,BAD,CORRECT_REJECTION,False
2026-04-17,SUZLON.NS,UP,VAL,VOLATILE,0.7746079727942723,0.7746079727942723,REJECT,NOT_EVALUATED_VOLATILE,18,-0.8124,-0.8124,0.9824296240317444,2.002645002833936,RANGE,BAD,CORRECT_REJECTION,False
2026-04-17,RADICO.NS,UP,VAL,VOLATILE,1.066867522258863,1.066867522258863,REJECT,NOT_EVALUATED_VOLATILE,18,4.8072,4.8072,5.588506247089842,-0.1317957931468161,RANGE,STRONG,FALSE_REJECTION,False
2026-04-17,JPPOWER.NS,UP,VAL,VOLATILE,0.5208333333333481,0.5208333333333481,REJECT,NOT_EVALUATED_VOLATILE,18,-0.625,-0.625,1.2500000000000178,2.34375,RANGE,BAD,CORRECT_REJECTION,False
2026-04-20,SUZLON.NS,UP,VAL,VOLATILE,0.5904761904761857,0.5904761904761857,REJECT,NOT_EVALUATED_VOLATILE,12,1.1429,1.1429,1.619047619047631,0.4571428571428559,RANGE,NEUTRAL,NEUTRAL_REJECTION,False
2026-04-20,MASTEK.NS,UP,VAL,VOLATILE,0.95668191811753,0.95668191811753,REJECT,NOT_EVALUATED_VOLATILE,12,5.0746,5.0746,5.59748053954483,0.1663794640204496,RANGE,STRONG,FALSE_REJECTION,False
2026-04-20,CROMPTON.NS,UP,VAL,VOLATILE,1.0565806599800889,1.0565806599800889,REJECT,NOT_EVALUATED_VOLATILE,12,-0.9838,-0.9838,1.6652629967077504,1.232677436643448,RANGE,BAD,CORRECT_REJECTION,False
2026-04-20,HFCL.NS,UP,VAL,VOLATILE,0.6966773847802754,0.6966773847802754,REJECT,NOT_EVALUATED_VOLATILE,12,4.866,4.866,6.645230439442651,0.0643086816720317,RANGE,STRONG,FALSE_REJECTION,False
2026-04-20,OFSS.NS,UP,VAL,VOLATILE,0.5876894525208787,0.5876894525208787,REJECT,NOT_EVALUATED_VOLATILE,12,-1.8744,-1.8744,1.0516548097742051,2.4435508815341733,RANGE,BAD,CORRECT_REJECTION,False
2026-04-21,SUZLON.NS,UP,VAL,VOLATILE,0.0941619585687281,0.0941619585687281,REJECT,NOT_EVALUATED_VOLATILE,15,2.7684,2.7684,3.0131826741996326,0.3766478342749568,RANGE,STRONG,FALSE_REJECTION,False
2026-04-21,DEEPAKFERT.NS,UP,VAL,VOLATILE,0.4382674616022486,0.4382674616022486,REJECT,NOT_EVALUATED_VOLATILE,15,0.2961,0.2961,0.7896711019860225,1.1094878982903622,RANGE,NEUTRAL,NEUTRAL_REJECTION,False
2026-04-21,PARAS.NS,UP,VAL,VOLATILE,0.191693290734829,0.191693290734829,REJECT,NOT_EVALUATED_VOLATILE,15,4.4089,4.4089,5.853035143769958,0.0,RANGE,STRONG,FALSE_REJECTION,False
2026-04-21,FINEORG.NS,UP,VAL,VOLATILE,0.7474994709703475,0.7474994709703475,REJECT,NOT_EVALUATED_VOLATILE,15,0.5755,0.5755,1.740196597524113,1.8904882811700665,RANGE,NEUTRAL,NEUTRAL_REJECTION,False
2026-04-21,VBL.NS,UP,VAL,VOLATILE,0.3813646670789428,0.3813646670789428,REJECT,NOT_EVALUATED_VOLATILE,15,2.0305,2.0305,2.8035456606885,0.1546072974644374,RANGE,STRONG,FALSE_REJECTION,False
2025-10-28,MUTHOOTFIN.NS,DOWN,TRAIN,BULL,0.6913890634820841,-0.6913890634820841,CONTRADICTED,NO_EDG_SELL_STRATEGY,14,0.0377,-0.0377,1.162790697674421,0.3425487115021886,BULL,BAD,CORRECT_REJECTION,False
2025-10-28,BATAINDIA.NS,DOWN,TRAIN,BULL,-0.0,0.0,CONTRADICTED,NO_EDG_SELL_STRATEGY,14,-2.1798,2.1798,3.24250681198911,0.1362397820163563,BULL,STRONG,FALSE_REJECTION,False
2025-10-28,PERSISTENT.NS,DOWN,TRAIN,BULL,-0.0532032479226174,0.0532032479226174,CONTRADICTED,NO_EDG_SELL_STRATEGY,14,1.1018,-1.1018,0.197360520986467,1.520535816995916,BULL,BAD,CORRECT_REJECTION,False
2025-10-28,EXIDEIND.NS,DOWN,TRAIN,BULL,0.1838718150774854,-0.1838718150774854,CONTRADICTED,NO_EDG_SELL_STRATEGY,14,1.0244,-1.0244,0.2495403204623048,1.6417126346204292,BULL,BAD,CORRECT_REJECTION,False
2025-10-28,WHIRLPOOL.NS,DOWN,TRAIN,BULL,0.0217202432667207,-0.0217202432667207,CONTRADICTED,NO_EDG_SELL_STRATEGY,14,2.172,-2.172,0.3330437300897881,3.388357949609033,BULL,BAD,CORRECT_REJECTION,False
2025-10-29,BATAINDIA.NS,DOWN,TRAIN,BULL,-0.0,0.0,CONTRADICTED,NO_EDG_SELL_STRATEGY,11,-0.4643,0.4643,0.696378830083566,0.6778087279480038,BULL,NEUTRAL,NEUTRAL_REJECTION,False
2025-10-29,RBLBANK.NS,DOWN,TRAIN,BULL,0.4944375772558795,-0.4944375772558795,CONTRADICTED,NO_EDG_SELL_STRATEGY,11,0.4172,-0.4172,0.5871446229913535,1.1742892459826848,BULL,BAD,CORRECT_REJECTION,False
2025-10-29,GODREJPROP.NS,DOWN,TRAIN,BULL,0.4889023493272248,-0.4889023493272248,CONTRADICTED,NO_EDG_SELL_STRATEGY,11,-0.5365,0.5365,1.5705447150954122,0.008653138926129,BULL,NEUTRAL,NEUTRAL_REJECTION,False
2025-10-29,DRREDDY.NS,DOWN,TRAIN,BULL,4.388840035174679,-4.388840035174679,CONTRADICTED,NO_EDG_SELL_STRATEGY,11,-3.8932,3.8932,5.595970900951319,-3.493484691022464,BULL,STRONG,FALSE_REJECTION,False
2025-10-29,VOLTAS.NS,DOWN,TRAIN,BULL,0.6202424584155541,-0.6202424584155541,CONTRADICTED,NO_EDG_SELL_STRATEGY,11,0.0705,-0.0705,1.3250634338877854,0.4510854243022333,BULL,BAD,CORRECT_REJECTION,False
2025-10-30,CIPLA.NS,DOWN,TRAIN,BULL,1.9479254593857576,-1.9479254593857576,CONTRADICTED,NO_EDG_SELL_STRATEGY,7,-2.5193,2.5193,2.6037270307122884,-0.6947600805142451,BULL,STRONG,FALSE_REJECTION,False
2025-10-30,RATNAMANI.NS,DOWN,TRAIN,BULL,0.2564951183187114,-0.2564951183187114,CONTRADICTED,NO_EDG_SELL_STRATEGY,7,0.3144,-0.3144,0.7115671024325643,2.213304650008263,BULL,BAD,CORRECT_REJECTION,False
2025-10-30,INFY.NS,DOWN,TRAIN,BULL,0.2543847904672658,-0.2543847904672658,CONTRADICTED,NO_EDG_SELL_STRATEGY,7,-0.7698,0.7698,0.8769580934529286,0.2209131075110448,BULL,NEUTRAL,NEUTRAL_REJECTION,False
2025-10-30,IDFCFIRSTB.NS,DOWN,TRAIN,BULL,0.2533890789306992,-0.2533890789306992,CONTRADICTED,NO_EDG_SELL_STRATEGY,7,3.5981,-3.5981,0.3294058026099167,4.713036868110976,BULL,BAD,CORRECT_REJECTION,False
2025-10-30,CESC.NS,DOWN,TRAIN,BULL,0.299933348144854,-0.299933348144854,CONTRADICTED,NO_EDG_SELL_STRATEGY,7,-0.0444,0.0444,0.8553654743390315,0.7498333703621407,BULL,NEUTRAL,NEUTRAL_REJECTION,False
2026-04-22,M&M.NS,DOWN,VAL,BULL,1.4191827793123113,-1.4191827793123113,CONTRADICTED,NO_EDG_SELL_STRATEGY,16,-3.2384,3.2384,3.7305140172079865,-1.1112169412960005,BULL,STRONG,FALSE_REJECTION,False
2026-04-22,ASHOKLEY.NS,DOWN,VAL,BULL,1.1007431413086022,-1.1007431413086022,CONTRADICTED,NO_EDG_SELL_STRATEGY,16,-4.66,4.66,5.431077834273901,-0.6593283790579441,BULL,STRONG,FALSE_REJECTION,False
2026-04-22,RATEGAIN.NS,DOWN,VAL,BULL,0.6968641114982632,-0.6968641114982632,CONTRADICTED,NO_EDG_SELL_STRATEGY,16,1.9861,-1.9861,0.8623693379791075,3.3710801393728174,BULL,BAD,CORRECT_REJECTION,False
2026-04-22,ERIS.NS,DOWN,VAL,BULL,0.9092253104671766,-0.9092253104671766,CONTRADICTED,NO_EDG_SELL_STRATEGY,16,3.1712,-3.1712,1.2123004139562243,3.444707273802483,BULL,BAD,CORRECT_REJECTION,False
2026-04-22,HEROMOTOCO.NS,DOWN,VAL,BULL,0.7515899017151662,-0.7515899017151662,CONTRADICTED,NO_EDG_SELL_STRATEGY,16,-3.0256,3.0256,3.738677972634419,-0.5588745423010244,BULL,STRONG,FALSE_REJECTION,False
2026-04-24,INFY.NS,DOWN,VAL,BULL,-0.0,0.0,CONTRADICTED,NO_EDG_SELL_STRATEGY,10,1.3598,-1.3598,0.0086610081413418,2.1912350597609764,BULL,BAD,CORRECT_REJECTION,False
2026-04-24,UNIONBANK.NS,DOWN,VAL,BULL,-0.1129943502824692,0.1129943502824692,CONTRADICTED,NO_EDG_SELL_STRATEGY,10,-0.5085,0.5085,0.926553672316377,1.016949152542379,BULL,NEUTRAL,NEUTRAL_REJECTION,False
2026-04-24,RAJESHEXPO.NS,DOWN,VAL,BULL,1.4273322293194557,-1.4273322293194557,CONTRADICTED,NO_EDG_SELL_STRATEGY,10,1.2144,-1.2144,2.1922561312199385,2.909865152590485,BULL,BAD,CORRECT_REJECTION,False
2026-04-24,SBILIFE.NS,DOWN,VAL,BULL,-0.0,0.0,CONTRADICTED,NO_EDG_SELL_STRATEGY,10,2.6288,-2.6288,0.5596698513200327,2.804002487421564,BULL,BAD,CORRECT_REJECTION,False
2026-04-24,PARAS.NS,DOWN,VAL,BULL,-0.0,0.0,CONTRADICTED,NO_EDG_SELL_STRATEGY,10,0.9431,-0.9431,0.5433764287052556,2.4295796639810296,BULL,BAD,CORRECT_REJECTION,False
2026-04-27,INFY.NS,DOWN,VAL,BULL,0.6494061351790092,-0.6494061351790092,CONTRADICTED,NO_EDG_SELL_STRATEGY,10,-1.5552,1.5552,1.7516876014697091,-0.0769033581132894,BULL,NEUTRAL,NEUTRAL_REJECTION,False
2026-04-27,UNIONBANK.NS,DOWN,VAL,BULL,1.6183986371379857,-1.6183986371379857,CONTRADICTED,NO_EDG_SELL_STRATEGY,10,-3.1914,3.1914,3.935264054514487,-1.0221465076660885,BULL,STRONG,FALSE_REJECTION,False
2026-04-27,POLYCAB.NS,DOWN,VAL,BULL,0.3161614283057501,-0.3161614283057501,CONTRADICTED,NO_EDG_SELL_STRATEGY,10,2.3371,-2.3371,0.3161614283057501,2.78346041782902,BULL,BAD,CORRECT_REJECTION,False
2026-04-27,ASIANPAINT.NS,DOWN,VAL,BULL,0.4104297440849724,-0.4104297440849724,CONTRADICTED,NO_EDG_SELL_STRATEGY,10,-0.9094,0.9094,1.1709278931273048,0.5552873008208614,BULL,NEUTRAL,NEUTRAL_REJECTION,False
2026-04-27,RECLTD.NS,DOWN,VAL,BULL,0.2777410395450319,-0.2777410395450319,CONTRADICTED,NO_EDG_SELL_STRATEGY,10,-0.5952,0.5952,1.7325750562094957,1.4416082528766028,BULL,NEUTRAL,NEUTRAL_REJECTION,False
2026-04-29,DEEPAKNTR.NS,DOWN,VAL,BULL,0.7134156951452919,-0.7134156951452919,CONTRADICTED,NO_EDG_SELL_STRATEGY,9,0.7424,-0.7424,0.8468186300098601,1.966243257351663,BULL,BAD,CORRECT_REJECTION,False
2026-04-29,UNIONBANK.NS,DOWN,VAL,BULL,1.3806706114398382,-1.3806706114398382,CONTRADICTED,NO_EDG_SELL_STRATEGY,9,-0.8188,0.8188,2.8091566553104963,-0.3347080270157176,BULL,NEUTRAL,NEUTRAL_REJECTION,False
2026-04-29,SHRIRAMFIN.NS,DOWN,VAL,BULL,1.21753670899305,-1.21753670899305,CONTRADICTED,NO_EDG_SELL_STRATEGY,9,-2.0379,2.0379,3.74666875685844,-0.7158906829701661,BULL,STRONG,FALSE_REJECTION,False
2026-04-29,RVNL.NS,DOWN,VAL,BULL,0.6946741647370192,-0.6946741647370192,CONTRADICTED,NO_EDG_SELL_STRATEGY,9,-1.5382,1.5382,2.7456169368177297,-0.4300363876943436,BULL,NEUTRAL,NEUTRAL_REJECTION,False
2026-04-29,ASIANPAINT.NS,DOWN,VAL,BULL,0.8417439627344536,-0.8417439627344536,CONTRADICTED,NO_EDG_SELL_STRATEGY,9,-0.1144,0.1144,2.5252318882033387,0.3514035876271748,BULL,NEUTRAL,NEUTRAL_REJECTION,False
2026-04-30,MRPL.NS,DOWN,VAL,BULL,-0.0,0.0,CONTRADICTED,NO_EDG_SELL_STRATEGY,11,0.0,-0.0,0.0,0.0,BULL,BAD,CORRECT_REJECTION,False
2026-04-30,RAJESHEXPO.NS,DOWN,VAL,BULL,-0.0,0.0,CONTRADICTED,NO_EDG_SELL_STRATEGY,11,0.0,-0.0,0.0,0.0,BULL,BAD,CORRECT_REJECTION,False
2026-04-30,PARAS.NS,DOWN,VAL,BULL,-0.0,0.0,CONTRADICTED,NO_EDG_SELL_STRATEGY,11,0.0,-0.0,0.0,0.0,BULL,BAD,CORRECT_REJECTION,False
2026-04-30,DATAPATTNS.NS,DOWN,VAL,BULL,-0.0,0.0,CONTRADICTED,NO_EDG_SELL_STRATEGY,11,0.0,-0.0,0.0,0.0,BULL,BAD,CORRECT_REJECTION,False
2026-04-30,ADANIENSOL.NS,DOWN,VAL,BULL,-0.0,0.0,CONTRADICTED,NO_EDG_SELL_STRATEGY,11,0.0,-0.0,0.0,0.0,BULL,BAD,CORRECT_REJECTION,False
2026-05-04,RAJESHEXPO.NS,DOWN,VAL,BULL,1.4694831760874938,-1.4694831760874938,CONTRADICTED,NO_EDG_SELL_STRATEGY,7,-0.501,0.501,2.1875260916757067,-0.0584453535943829,BULL,NEUTRAL,NEUTRAL_REJECTION,False
2026-05-04,VBL.NS,DOWN,VAL,BULL,0.5525407005426808,-0.5525407005426808,CONTRADICTED,NO_EDG_SELL_STRATEGY,7,0.9768,-0.9768,1.371484953132707,1.2333497779970504,BULL,BAD,CORRECT_REJECTION,False
2026-05-04,HINDZINC.NS,DOWN,VAL,BULL,0.9165221699281578,-0.9165221699281578,CONTRADICTED,NO_EDG_SELL_STRATEGY,7,0.9413,-0.9413,1.3623978201634857,1.4449673850218892,BULL,BAD,CORRECT_REJECTION,False
2026-05-04,JYOTHYLAB.NS,DOWN,VAL,BULL,2.948861515490841,-2.948861515490841,CONTRADICTED,NO_EDG_SELL_STRATEGY,7,-0.9892,0.9892,7.633445315416198,0.4852556924225482,BULL,NEUTRAL,NEUTRAL_REJECTION,False
2026-05-04,JPPOWER.NS,DOWN,VAL,BULL,2.623294858342073,-2.623294858342073,CONTRADICTED,NO_EDG_SELL_STRATEGY,7,1.0493,-1.0493,6.45330535152151,5.299055613851,BULL,BAD,CORRECT_REJECTION,False
2026-05-05,RAJESHEXPO.NS,DOWN,VAL,BULL,-0.2349584627003409,0.2349584627003409,CONTRADICTED,NO_EDG_SELL_STRATEGY,10,1.3174,-1.3174,0.1426533523537831,2.156583032642434,BULL,BAD,CORRECT_REJECTION,False
2026-05-05,ADANIENSOL.NS,DOWN,VAL,BULL,-0.0993189557321194,0.0993189557321194,CONTRADICTED,NO_EDG_SELL_STRATEGY,10,-0.1632,0.1632,1.4543132803632286,0.8796821793416676,BULL,NEUTRAL,NEUTRAL_REJECTION,False
2026-05-05,SYMPHONY.NS,DOWN,VAL,BULL,-0.5647613728045675,0.5647613728045675,CONTRADICTED,NO_EDG_SELL_STRATEGY,10,1.6136,-1.6136,-0.2916899398001549,1.768758145596716,BULL,BAD,CORRECT_REJECTION,False
2026-05-05,VOLTAS.NS,DOWN,VAL,BULL,-0.2979867722944895,0.2979867722944895,CONTRADICTED,NO_EDG_SELL_STRATEGY,10,0.2689,-0.2689,1.046587688058731,0.7267970055963469,BULL,BAD,CORRECT_REJECTION,False
2026-05-05,TIINDIA.NS,DOWN,VAL,BULL,-0.5013027043139662,0.5013027043139662,CONTRADICTED,NO_EDG_SELL_STRATEGY,10,-0.5252,0.5252,2.032461534322094,1.0946699322967657,BULL,NEUTRAL,NEUTRAL_REJECTION,False
2026-05-06,OFSS.NS,DOWN,VAL,BULL,2.2641704059002565,-2.2641704059002565,CONTRADICTED,NO_EDG_SELL_STRATEGY,7,-2.0218,2.0218,2.93465366960648,-1.5163236886894582,BULL,STRONG,FALSE_REJECTION,False
2026-05-06,VBL.NS,DOWN,VAL,BULL,-0.0,0.0,CONTRADICTED,NO_EDG_SELL_STRATEGY,7,0.3242,-0.3242,0.3733176146969219,1.1887218783770637,BULL,BAD,CORRECT_REJECTION,False
2026-05-06,CESC.NS,DOWN,VAL,BULL,0.5459164369493452,-0.5459164369493452,CONTRADICTED,NO_EDG_SELL_STRATEGY,7,0.8648,-0.8648,0.5459164369493452,2.805253770066485,BULL,BAD,CORRECT_REJECTION,False
2026-05-06,ADANIENSOL.NS,DOWN,VAL,BULL,0.0426348326582726,-0.0426348326582726,CONTRADICTED,NO_EDG_SELL_STRATEGY,7,-1.4354,1.4354,2.650465430256521,0.2415973850635966,BULL,NEUTRAL,NEUTRAL_REJECTION,False
2026-05-06,DRREDDY.NS,DOWN,VAL,BULL,0.1449275362318869,-0.1449275362318869,CONTRADICTED,NO_EDG_SELL_STRATEGY,7,-0.2593,0.2593,1.045003813882539,0.358504958047301,BULL,NEUTRAL,NEUTRAL_REJECTION,False
2026-05-07,CESC.NS,DOWN,VAL,BULL,0.080381544397412,-0.080381544397412,CONTRADICTED,NO_EDG_SELL_STRATEGY,8,-1.1789,1.1789,1.441509029526833,0.4501366486254543,BULL,NEUTRAL,NEUTRAL_REJECTION,False
2026-05-07,SAPPHIRE.NS,DOWN,VAL,BULL,1.4841214958242532,-1.4841214958242532,CONTRADICTED,NO_EDG_SELL_STRATEGY,8,-2.2714,2.2714,2.9097292409170694,-0.5000265971594198,BULL,STRONG,FALSE_REJECTION,False
2026-05-07,BIKAJI.NS,DOWN,VAL,BULL,0.637698353848426,-0.637698353848426,CONTRADICTED,NO_EDG_SELL_STRATEGY,8,-0.3782,0.3782,0.8972267536704659,0.6228681595728869,BULL,NEUTRAL,NEUTRAL_REJECTION,False
2026-05-07,SHYAMMETL.NS,DOWN,VAL,BULL,0.1187715626944085,-0.1187715626944085,CONTRADICTED,NO_EDG_SELL_STRATEGY,8,2.2001,-2.2001,0.4694304620779355,4.84701091567219,BULL,BAD,CORRECT_REJECTION,False
2026-05-07,GLENMARK.NS,DOWN,VAL,BULL,0.9107817123131356,-0.9107817123131356,CONTRADICTED,NO_EDG_SELL_STRATEGY,8,-0.2193,0.2193,2.3528460805850027,0.5607943767585333,BULL,NEUTRAL,NEUTRAL_REJECTION,False
2026-07-07,STLTECH.NS,DOWN,OOS,BULL,3.02212628170534,-3.02212628170534,CONTRADICTED,NO_EDG_SELL_STRATEGY,11,-4.9919,4.9919,4.991905018888287,-2.680338190321996,BULL,STRONG,FALSE_REJECTION,False
2026-07-07,COCHINSHIP.NS,DOWN,OOS,BULL,1.8468561942311723,-1.8468561942311723,CONTRADICTED,NO_EDG_SELL_STRATEGY,11,-2.8775,2.8775,3.3271079753752653,-1.0513937884761737,BULL,STRONG,FALSE_REJECTION,False
2026-07-07,SAIL.NS,DOWN,OOS,BULL,1.0322346975733532,-1.0322346975733532,CONTRADICTED,NO_EDG_SELL_STRATEGY,11,-2.1973,2.1973,2.6137872751418434,0.12676566461427,BULL,STRONG,FALSE_REJECTION,False
2026-07-07,BANKBARODA.NS,DOWN,OOS,BULL,1.1700625378253005,-1.1700625378253005,CONTRADICTED,NO_EDG_SELL_STRATEGY,11,-2.9857,2.9857,3.570708089570307,-0.746419205164417,BULL,STRONG,FALSE_REJECTION,False
2026-07-07,GNFC.NS,DOWN,OOS,BULL,0.9640666082384008,-0.9640666082384008,CONTRADICTED,NO_EDG_SELL_STRATEGY,11,-3.0675,3.0675,3.46674457103906,0.3310935826273065,BULL,STRONG,FALSE_REJECTION,False
