trading_date,model,direction,n_selected,dir_acc,ge2_rate,ge3_rate,avg_fav,avg_mfe,avg_mae,fp_rate,regime
2026-05-14,V3_20,UP,20,0.25,0.1,0.05,1.7495,1.6363,2.6838,0.55,RANGE
2026-05-14,A_V3_Top5,UP,5,0.2,0.0,0.0,0.1449,1.2776,3.3128,0.6,RANGE
2026-05-14,A_V3_Top6,UP,6,0.1667,0.0,0.0,0.1449,1.5297,3.1804,0.5,RANGE
2026-05-14,C1_Top5,UP,5,0.4,0.0,0.0,0.794,1.9277,1.7797,0.4,RANGE
2026-05-14,C1_Top6,UP,6,0.3333,0.0,0.0,0.794,2.3885,2.3869,0.5,RANGE
2026-05-14,C2_Top5,UP,5,0.4,0.0,0.0,0.794,2.6962,2.2082,0.4,RANGE
2026-05-14,C2_Top6,UP,6,0.3333,0.0,0.0,0.794,2.601,2.0741,0.5,RANGE
2026-05-14,C3_Top5,UP,5,0.2,0.0,0.0,0.1449,2.1399,2.9455,0.6,RANGE
2026-05-14,C4_Top5,UP,5,0.4,0.0,0.0,0.794,1.9277,1.7797,0.4,RANGE
2026-05-14,C5_Top5,UP,5,0.4,0.0,0.0,0.794,2.6962,2.2082,0.4,RANGE
2026-05-14,Random_5,UP,5,0.2,0.0,0.0,1.4431,2.7102,2.3449,0.6,RANGE
2026-05-14,V3_20,DOWN,20,0.65,0.3,0.1,1.9,2.1961,1.2723,0.15,RANGE
2026-05-14,A_V3_Top5,DOWN,5,1.0,0.2,0.0,1.1789,1.9149,0.9242,0.0,RANGE
2026-05-14,A_V3_Top6,DOWN,6,1.0,0.1667,0.0,1.2036,2.002,0.8404,0.0,RANGE
2026-05-14,C1_Top5,DOWN,5,0.8,0.2,0.0,1.6815,2.2193,0.5997,0.0,RANGE
2026-05-14,C1_Top6,DOWN,6,0.8333,0.1667,0.0,1.5304,2.0565,0.6315,0.0,RANGE
2026-05-14,C2_Top5,DOWN,5,0.8,0.2,0.2,1.7806,2.2332,0.5607,0.0,RANGE
2026-05-14,C2_Top6,DOWN,6,0.8333,0.1667,0.1667,1.6097,2.0681,0.599,0.0,RANGE
2026-05-14,C3_Top5,DOWN,5,1.0,0.2,0.0,1.1789,1.9149,0.9242,0.0,RANGE
2026-05-14,C4_Top5,DOWN,5,0.8,0.2,0.0,1.6815,2.2193,0.5997,0.0,RANGE
2026-05-14,C5_Top5,DOWN,5,0.8,0.2,0.2,1.7806,2.2332,0.5607,0.0,RANGE
2026-05-14,Random_5,DOWN,5,1.0,0.8,0.2,2.4166,2.9144,0.5134,0.0,RANGE
2026-05-15,V3_20,UP,20,0.35,0.1,0.1,1.7278,0.9262,2.6699,0.25,RANGE
2026-05-15,A_V3_Top5,UP,5,0.4,0.2,0.2,2.1216,0.8131,2.7726,0.4,RANGE
2026-05-15,A_V3_Top6,UP,6,0.5,0.3333,0.3333,2.5991,1.3133,2.4517,0.3333,RANGE
2026-05-15,C1_Top5,UP,5,0.6,0.4,0.4,2.5991,2.1947,2.2397,0.2,RANGE
2026-05-15,C1_Top6,UP,6,0.5,0.3333,0.3333,2.5991,1.9013,2.3118,0.3333,RANGE
2026-05-15,C2_Top5,UP,5,0.6,0.4,0.4,2.929,2.3968,1.5439,0.4,RANGE
2026-05-15,C2_Top6,UP,6,0.5,0.3333,0.3333,2.929,2.0725,1.5232,0.3333,RANGE
2026-05-15,C3_Top5,UP,5,0.4,0.2,0.2,2.1216,0.8131,2.7726,0.4,RANGE
2026-05-15,C4_Top5,UP,5,0.6,0.4,0.4,2.5991,2.1947,2.2397,0.2,RANGE
2026-05-15,C5_Top5,UP,5,0.6,0.4,0.4,2.929,2.3968,1.5439,0.4,RANGE
2026-05-15,Random_5,UP,5,0.2,0.2,0.2,4.0718,0.8752,4.2161,0.6,RANGE
2026-05-15,V3_20,DOWN,20,0.8,0.35,0.1,2.0898,4.0442,-0.0262,0.05,RANGE
2026-05-15,A_V3_Top5,DOWN,5,0.8,0.4,0.2,2.0701,3.9004,-0.2428,0.0,RANGE
2026-05-15,A_V3_Top6,DOWN,6,0.8333,0.5,0.1667,2.1893,4.0947,-0.3841,0.0,RANGE
2026-05-15,C1_Top5,DOWN,5,1.0,0.8,0.2,2.5102,4.4292,-0.8952,0.0,RANGE
2026-05-15,C1_Top6,DOWN,6,1.0,0.6667,0.1667,2.2901,4.19,-0.8354,0.0,RANGE
2026-05-15,C2_Top5,DOWN,5,1.0,0.4,0.2,2.8667,5.7681,-0.7417,0.0,RANGE
2026-05-15,C2_Top6,DOWN,6,1.0,0.5,0.1667,2.8333,5.651,-0.7999,0.0,RANGE
2026-05-15,C3_Top5,DOWN,5,1.0,0.6,0.4,3.3416,5.1926,-1.1306,0.0,RANGE
2026-05-15,C4_Top5,DOWN,5,1.0,0.8,0.2,2.5102,4.4292,-0.8952,0.0,RANGE
2026-05-15,C5_Top5,DOWN,5,1.0,0.4,0.2,2.8667,5.7681,-0.7417,0.0,RANGE
2026-05-15,Random_5,DOWN,5,1.0,0.6,0.4,3.367,5.2224,-1.2169,0.0,RANGE
2026-05-18,V3_20,UP,20,0.7,0.4,0.25,2.1524,2.6271,0.8657,0.2,RANGE
2026-05-18,A_V3_Top5,UP,5,0.8,0.6,0.6,3.0554,3.8186,0.3364,0.2,RANGE
2026-05-18,A_V3_Top6,UP,6,0.6667,0.5,0.5,3.0554,3.1798,1.0137,0.3333,RANGE
2026-05-18,C1_Top5,UP,5,0.8,0.4,0.4,2.2582,3.5279,0.4388,0.2,RANGE
2026-05-18,C1_Top6,UP,6,0.8333,0.5,0.3333,2.3168,3.4742,0.5792,0.1667,RANGE
2026-05-18,C2_Top5,UP,5,1.0,0.2,0.2,1.7548,3.6834,0.1651,0.0,RANGE
2026-05-18,C2_Top6,UP,6,1.0,0.3333,0.3333,2.001,3.8798,0.1118,0.0,RANGE
2026-05-18,C3_Top5,UP,5,0.8,0.6,0.6,3.0554,3.8186,0.3364,0.2,RANGE
2026-05-18,C4_Top5,UP,5,0.8,0.4,0.4,2.2582,3.5279,0.4388,0.2,RANGE
2026-05-18,C5_Top5,UP,5,1.0,0.2,0.2,1.7548,3.6834,0.1651,0.0,RANGE
2026-05-18,Random_5,UP,5,0.4,0.2,0.0,1.5448,1.4811,1.2939,0.6,RANGE
2026-05-18,V3_20,DOWN,20,0.35,0.0,0.0,0.6741,0.8816,2.8212,0.45,RANGE
2026-05-18,A_V3_Top5,DOWN,5,0.4,0.0,0.0,0.7188,1.1588,4.2241,0.6,RANGE
2026-05-18,A_V3_Top6,DOWN,6,0.3333,0.0,0.0,0.7188,0.8798,4.187,0.6667,RANGE
2026-05-18,C1_Top5,DOWN,5,0.6,0.0,0.0,1.0056,2.0222,1.9106,0.2,RANGE
2026-05-18,C1_Top6,DOWN,6,0.5,0.0,0.0,1.0056,1.8443,1.7905,0.1667,RANGE
2026-05-18,C2_Top5,DOWN,5,0.2,0.0,0.0,0.2309,0.9757,2.2469,0.4,RANGE
2026-05-18,C2_Top6,DOWN,6,0.1667,0.0,0.0,0.2309,0.9261,2.0537,0.3333,RANGE
2026-05-18,C3_Top5,DOWN,5,0.4,0.0,0.0,0.7188,1.1588,4.2241,0.6,RANGE
2026-05-18,C4_Top5,DOWN,5,0.6,0.0,0.0,1.0056,2.0222,1.9106,0.2,RANGE
2026-05-18,C5_Top5,DOWN,5,0.2,0.0,0.0,0.2309,0.9757,2.2469,0.4,RANGE
2026-05-18,Random_5,DOWN,5,0.4,0.0,0.0,1.3336,1.0379,3.7271,0.4,RANGE
2026-05-19,V3_20,UP,20,0.5,0.0,0.0,0.9256,1.1447,1.8829,0.3,RANGE
2026-05-19,A_V3_Top5,UP,5,0.2,0.0,0.0,1.3963,0.6641,2.696,0.4,RANGE
2026-05-19,A_V3_Top6,UP,6,0.1667,0.0,0.0,1.3963,0.4591,2.6059,0.5,RANGE
2026-05-19,C1_Top5,UP,5,0.4,0.0,0.0,1.4216,1.1976,1.5042,0.4,RANGE
2026-05-19,C1_Top6,UP,6,0.3333,0.0,0.0,1.4216,1.3804,1.4707,0.3333,RANGE
2026-05-19,C2_Top5,UP,5,0.4,0.0,0.0,1.4216,1.6565,1.4134,0.2,RANGE
2026-05-19,C2_Top6,UP,6,0.3333,0.0,0.0,1.4216,1.3804,1.4707,0.3333,RANGE
2026-05-19,C3_Top5,UP,5,0.2,0.0,0.0,1.3963,0.6641,2.696,0.4,RANGE
2026-05-19,C4_Top5,UP,5,0.4,0.0,0.0,1.4216,1.1976,1.5042,0.4,RANGE
2026-05-19,C5_Top5,UP,5,0.4,0.0,0.0,1.4216,1.6565,1.4134,0.2,RANGE
2026-05-19,Random_5,UP,5,0.6,0.0,0.0,0.6856,1.5815,1.4533,0.2,RANGE
2026-05-19,V3_20,DOWN,20,0.4,0.05,0.05,1.1276,2.2003,1.8366,0.3,RANGE
2026-05-19,A_V3_Top5,DOWN,5,0.4,0.2,0.2,3.381,3.7145,2.2662,0.0,RANGE
2026-05-19,A_V3_Top6,DOWN,6,0.5,0.1667,0.1667,2.3055,3.4112,1.9435,0.0,RANGE
2026-05-19,C1_Top5,DOWN,5,0.6,0.0,0.0,0.5653,2.8397,1.1174,0.0,RANGE
2026-05-19,C1_Top6,DOWN,6,0.5,0.0,0.0,0.5653,2.8092,1.5106,0.0,RANGE
2026-05-19,C2_Top5,DOWN,5,0.2,0.0,0.0,0.433,2.7944,1.8504,0.0,RANGE
2026-05-19,C2_Top6,DOWN,6,0.3333,0.0,0.0,0.2938,2.6445,1.597,0.0,RANGE
2026-05-19,C3_Top5,DOWN,5,0.4,0.2,0.2,3.381,3.7145,2.2662,0.0,RANGE
2026-05-19,C4_Top5,DOWN,5,0.6,0.0,0.0,0.5653,2.8397,1.1174,0.0,RANGE
2026-05-19,C5_Top5,DOWN,5,0.2,0.0,0.0,0.433,2.7944,1.8504,0.0,RANGE
2026-05-19,Random_5,DOWN,5,0.4,0.2,0.2,2.9178,2.4523,2.9568,0.2,RANGE
2026-05-20,V3_20,UP,20,0.55,0.15,0.15,1.8459,2.8713,1.2699,0.3,RANGE
2026-05-20,A_V3_Top5,UP,5,0.4,0.2,0.2,3.4055,3.3344,2.1346,0.4,RANGE
2026-05-20,A_V3_Top6,UP,6,0.5,0.1667,0.1667,2.3824,2.982,2.1551,0.3333,RANGE
2026-05-20,C1_Top5,UP,5,0.8,0.2,0.2,2.2818,3.7586,1.4721,0.2,RANGE
2026-05-20,C1_Top6,UP,6,0.6667,0.1667,0.1667,2.2818,3.4258,1.6921,0.3333,RANGE
2026-05-20,C2_Top5,UP,5,0.4,0.2,0.2,2.5099,4.2261,1.611,0.4,RANGE
2026-05-20,C2_Top6,UP,6,0.5,0.1667,0.1667,2.1122,3.7999,1.3976,0.3333,RANGE
2026-05-20,C3_Top5,UP,5,0.6,0.4,0.4,3.9392,4.9797,1.0969,0.2,RANGE
2026-05-20,C4_Top5,UP,5,0.8,0.2,0.2,2.2818,3.7586,1.4721,0.2,RANGE
2026-05-20,C5_Top5,UP,5,0.4,0.2,0.2,2.5099,4.2261,1.611,0.4,RANGE
2026-05-20,Random_5,UP,5,0.4,0.0,0.0,0.6651,1.0962,1.3644,0.4,RANGE
2026-05-20,V3_20,DOWN,20,0.4,0.0,0.0,0.9868,0.3523,3.4985,0.4,RANGE
2026-05-20,A_V3_Top5,DOWN,5,0.4,0.0,0.0,1.0938,0.681,4.1153,0.6,RANGE
2026-05-20,A_V3_Top6,DOWN,6,0.5,0.0,0.0,1.099,0.8568,3.5904,0.5,RANGE
2026-05-20,C1_Top5,DOWN,5,0.4,0.0,0.0,1.0938,0.681,4.1153,0.6,RANGE
2026-05-20,C1_Top6,DOWN,6,0.5,0.0,0.0,1.099,0.8568,3.5904,0.5,RANGE
2026-05-20,C2_Top5,DOWN,5,0.8,0.0,0.0,0.9573,1.3296,2.0079,0.2,RANGE
2026-05-20,C2_Top6,DOWN,6,0.8333,0.0,0.0,0.9704,1.3163,2.0493,0.1667,RANGE
2026-05-20,C3_Top5,DOWN,5,0.4,0.0,0.0,1.0938,0.681,4.1153,0.6,RANGE
2026-05-20,C4_Top5,DOWN,5,0.4,0.0,0.0,1.0938,0.681,4.1153,0.6,RANGE
2026-05-20,C5_Top5,DOWN,5,0.8,0.0,0.0,0.9573,1.3296,2.0079,0.2,RANGE
2026-05-20,Random_5,DOWN,5,0.2,0.0,0.0,0.4331,0.144,4.0866,0.6,RANGE
2026-05-21,V3_20,UP,20,0.75,0.3,0.2,2.3513,3.2338,1.2671,0.15,RANGE
2026-05-21,A_V3_Top5,UP,5,0.8,0.6,0.6,3.5769,4.5318,0.5098,0.2,RANGE
2026-05-21,A_V3_Top6,UP,6,0.6667,0.5,0.5,3.5769,4.0211,0.7533,0.1667,RANGE
2026-05-21,C1_Top5,UP,5,1.0,0.6,0.4,2.7917,4.2908,0.1162,0.0,RANGE
2026-05-21,C1_Top6,UP,6,1.0,0.5,0.3333,2.3613,3.8547,0.6032,0.0,RANGE
2026-05-21,C2_Top5,UP,5,1.0,0.4,0.2,3.101,5.1302,1.0154,0.0,RANGE
2026-05-21,C2_Top6,UP,6,1.0,0.5,0.3333,3.1077,5.3044,0.83,0.0,RANGE
2026-05-21,C3_Top5,UP,5,0.8,0.6,0.4,4.1305,5.853,1.2262,0.2,RANGE
2026-05-21,C4_Top5,UP,5,1.0,0.6,0.4,2.7917,4.2908,0.1162,0.0,RANGE
2026-05-21,C5_Top5,UP,5,1.0,0.4,0.2,3.101,5.1302,1.0154,0.0,RANGE
2026-05-21,Random_5,UP,5,0.8,0.6,0.4,3.5671,4.4644,0.6648,0.2,RANGE
2026-05-21,V3_20,DOWN,20,0.6,0.2,0.1,1.4017,1.258,1.6764,0.25,RANGE
2026-05-21,A_V3_Top5,DOWN,5,0.6,0.6,0.2,2.9685,2.1159,2.4082,0.4,RANGE
2026-05-21,A_V3_Top6,DOWN,6,0.5,0.5,0.1667,2.9685,1.818,2.6191,0.5,RANGE
2026-05-21,C1_Top5,DOWN,5,1.0,0.8,0.4,2.8383,3.5694,0.1344,0.0,RANGE
2026-05-21,C1_Top6,DOWN,6,0.8333,0.6667,0.3333,2.8383,3.085,0.2902,0.0,RANGE
2026-05-21,C2_Top5,DOWN,5,1.0,0.4,0.2,1.523,2.1947,0.364,0.0,RANGE
2026-05-21,C2_Top6,DOWN,6,1.0,0.3333,0.1667,1.4899,2.0972,0.3849,0.0,RANGE
2026-05-21,C3_Top5,DOWN,5,0.6,0.6,0.4,3.5018,2.7248,1.8069,0.4,RANGE
2026-05-21,C4_Top5,DOWN,5,1.0,0.8,0.4,2.8383,3.5694,0.1344,0.0,RANGE
2026-05-21,C5_Top5,DOWN,5,1.0,0.4,0.2,1.523,2.1947,0.364,0.0,RANGE
2026-05-21,Random_5,DOWN,5,0.6,0.4,0.2,2.6336,2.1484,1.1845,0.2,RANGE
2026-05-22,V3_20,UP,20,0.65,0.3,0.2,2.2133,3.0191,0.9337,0.2,RANGE
2026-05-22,A_V3_Top5,UP,5,0.6,0.4,0.4,3.3463,3.5849,1.9055,0.4,RANGE
2026-05-22,A_V3_Top6,UP,6,0.5,0.3333,0.3333,3.3463,3.7006,1.7082,0.3333,RANGE
2026-05-22,C1_Top5,UP,5,0.6,0.4,0.4,3.3463,4.234,1.5152,0.2,RANGE
2026-05-22,C1_Top6,UP,6,0.6667,0.5,0.3333,3.239,4.0745,1.101,0.1667,RANGE
2026-05-22,C2_Top5,UP,5,1.0,0.6,0.4,2.7556,3.8827,-0.1551,0.0,RANGE
2026-05-22,C2_Top6,UP,6,1.0,0.6667,0.5,2.9147,4.0351,-0.3284,0.0,RANGE
2026-05-22,C3_Top5,UP,5,0.6,0.4,0.4,3.3463,3.5849,1.9055,0.4,RANGE
2026-05-22,C4_Top5,UP,5,0.6,0.4,0.4,3.3463,4.234,1.5152,0.2,RANGE
2026-05-22,C5_Top5,UP,5,1.0,0.6,0.4,2.7556,3.8827,-0.1551,0.0,RANGE
2026-05-22,Random_5,UP,5,1.0,0.4,0.4,2.5195,4.254,0.6619,0.0,RANGE
2026-05-22,V3_20,DOWN,20,0.2,0.05,0.05,1.1777,-0.1826,2.5086,0.45,RANGE
2026-05-22,A_V3_Top5,DOWN,5,0.0,0.0,0.0,,-0.2571,2.468,0.6,RANGE
2026-05-22,A_V3_Top6,DOWN,6,0.0,0.0,0.0,,-0.3328,2.6758,0.6667,RANGE
2026-05-22,C1_Top5,DOWN,5,0.6,0.2,0.2,1.2914,1.3227,0.5505,0.2,RANGE
2026-05-22,C1_Top6,DOWN,6,0.5,0.1667,0.1667,1.2914,1.0781,0.8896,0.1667,RANGE
2026-05-22,C2_Top5,DOWN,5,0.6,0.2,0.2,1.2914,1.3614,0.407,0.0,RANGE
2026-05-22,C2_Top6,DOWN,6,0.6667,0.1667,0.1667,1.1777,1.3356,0.499,0.0,RANGE
2026-05-22,C3_Top5,DOWN,5,0.0,0.0,0.0,,-0.2571,2.468,0.6,RANGE
2026-05-22,C4_Top5,DOWN,5,0.6,0.2,0.2,1.2914,1.3227,0.5505,0.2,RANGE
2026-05-22,C5_Top5,DOWN,5,0.6,0.2,0.2,1.2914,1.3614,0.407,0.0,RANGE
2026-05-22,Random_5,DOWN,5,0.0,0.0,0.0,,-0.1396,2.1315,0.8,RANGE
2026-05-25,V3_20,UP,20,0.5,0.2,0.2,2.2371,2.7156,1.3632,0.3,RANGE
2026-05-25,A_V3_Top5,UP,5,0.6,0.0,0.0,0.3534,3.5528,1.6695,0.2,RANGE
2026-05-25,A_V3_Top6,UP,6,0.5,0.0,0.0,0.3534,3.2685,1.5457,0.1667,RANGE
2026-05-25,C1_Top5,UP,5,0.4,0.2,0.2,2.8559,3.9071,1.2991,0.2,RANGE
2026-05-25,C1_Top6,UP,6,0.5,0.3333,0.3333,3.8346,4.5588,1.0703,0.1667,RANGE
2026-05-25,C2_Top5,UP,5,0.6,0.4,0.4,3.8346,4.8073,0.9355,0.2,RANGE
2026-05-25,C2_Top6,UP,6,0.5,0.3333,0.3333,3.8346,4.5588,1.0703,0.1667,RANGE
2026-05-25,C3_Top5,UP,5,0.6,0.2,0.2,1.9736,4.3037,1.2118,0.2,RANGE
2026-05-25,C4_Top5,UP,5,0.4,0.2,0.2,2.8559,3.9071,1.2991,0.2,RANGE
2026-05-25,C5_Top5,UP,5,0.6,0.4,0.4,3.8346,4.8073,0.9355,0.2,RANGE
2026-05-25,Random_5,UP,5,0.6,0.4,0.4,3.6906,4.8491,1.1966,0.4,RANGE
2026-05-25,V3_20,DOWN,20,0.55,0.05,0.0,0.9163,0.9249,1.2153,0.2,RANGE
2026-05-25,A_V3_Top5,DOWN,5,0.4,0.0,0.0,0.5187,0.4187,1.3799,0.2,RANGE
2026-05-25,A_V3_Top6,DOWN,6,0.3333,0.0,0.0,0.5187,0.3996,1.2525,0.1667,RANGE
2026-05-25,C1_Top5,DOWN,5,0.2,0.0,0.0,0.6714,0.4371,1.5478,0.4,RANGE
2026-05-25,C1_Top6,DOWN,6,0.1667,0.0,0.0,0.6714,0.415,1.3924,0.3333,RANGE
2026-05-25,C2_Top5,DOWN,5,0.6,0.0,0.0,0.8301,1.0454,1.5194,0.4,RANGE
2026-05-25,C2_Top6,DOWN,6,0.6667,0.0,0.0,0.7905,1.0182,1.3032,0.3333,RANGE
2026-05-25,C3_Top5,DOWN,5,0.4,0.0,0.0,0.5187,0.4187,1.3799,0.2,RANGE
2026-05-25,C4_Top5,DOWN,5,0.2,0.0,0.0,0.6714,0.4371,1.5478,0.4,RANGE
2026-05-25,C5_Top5,DOWN,5,0.6,0.0,0.0,0.8301,1.0454,1.5194,0.4,RANGE
2026-05-25,Random_5,DOWN,5,0.8,0.2,0.0,1.3753,1.5426,0.7216,0.0,RANGE
2026-05-26,V3_20,UP,20,0.65,0.4,0.25,3.1555,3.467,0.6896,0.25,RANGE
2026-05-26,A_V3_Top5,UP,5,0.2,0.2,0.2,5.2484,2.9868,2.2568,0.8,RANGE
2026-05-26,A_V3_Top6,UP,6,0.3333,0.3333,0.3333,6.3696,3.9971,1.9435,0.6667,RANGE
2026-05-26,C1_Top5,UP,5,0.6,0.6,0.6,5.2792,4.6223,1.3275,0.4,RANGE
2026-05-26,C1_Top6,UP,6,0.6667,0.6667,0.6667,5.8947,5.9345,0.137,0.3333,RANGE
2026-05-26,C2_Top5,UP,5,1.0,1.0,0.8,4.5681,6.5467,-1.1501,0.0,RANGE
2026-05-26,C2_Top6,UP,6,1.0,0.8333,0.6667,4.0822,5.7734,-0.9245,0.0,RANGE
2026-05-26,C3_Top5,UP,5,0.4,0.4,0.4,5.4198,4.4433,1.0638,0.6,RANGE
2026-05-26,C4_Top5,UP,5,0.6,0.6,0.6,5.2792,4.6223,1.3275,0.4,RANGE
2026-05-26,C5_Top5,UP,5,1.0,1.0,0.8,4.5681,6.5467,-1.1501,0.0,RANGE
2026-05-26,Random_5,UP,5,0.6,0.4,0.4,4.8808,4.8266,-0.4294,0.4,RANGE
2026-05-26,V3_20,DOWN,20,0.55,0.1,0.0,0.8857,0.9616,1.1643,0.1,RANGE
2026-05-26,A_V3_Top5,DOWN,5,0.6,0.0,0.0,0.7335,1.0542,1.7337,0.0,RANGE
2026-05-26,A_V3_Top6,DOWN,6,0.6667,0.0,0.0,0.6535,0.9895,1.6149,0.0,RANGE
2026-05-26,C1_Top5,DOWN,5,0.8,0.0,0.0,0.7789,1.148,0.6023,0.2,RANGE
2026-05-26,C1_Top6,DOWN,6,0.8333,0.0,0.0,0.67,1.1057,0.6128,0.1667,RANGE
2026-05-26,C2_Top5,DOWN,5,0.8,0.0,0.0,0.7789,1.148,0.6023,0.2,RANGE
2026-05-26,C2_Top6,DOWN,6,0.6667,0.0,0.0,0.7789,1.0063,0.7905,0.1667,RANGE
2026-05-26,C3_Top5,DOWN,5,0.6,0.0,0.0,0.7335,1.0542,1.7337,0.0,RANGE
2026-05-26,C4_Top5,DOWN,5,0.8,0.0,0.0,0.7789,1.148,0.6023,0.2,RANGE
2026-05-26,C5_Top5,DOWN,5,0.8,0.0,0.0,0.7789,1.148,0.6023,0.2,RANGE
2026-05-26,Random_5,DOWN,5,0.8,0.2,0.0,0.8957,1.6409,0.9158,0.0,RANGE
2026-05-27,V3_20,UP,20,0.0,0.0,0.0,,0.0,0.0,0.0,RANGE
2026-05-27,A_V3_Top5,UP,5,0.0,0.0,0.0,,0.0,0.0,0.0,RANGE
2026-05-27,A_V3_Top6,UP,6,0.0,0.0,0.0,,0.0,0.0,0.0,RANGE
2026-05-27,C1_Top5,UP,5,0.0,0.0,0.0,,0.0,0.0,0.0,RANGE
2026-05-27,C1_Top6,UP,6,0.0,0.0,0.0,,0.0,0.0,0.0,RANGE
2026-05-27,C2_Top5,UP,5,0.0,0.0,0.0,,0.0,0.0,0.0,RANGE
2026-05-27,C2_Top6,UP,6,0.0,0.0,0.0,,0.0,0.0,0.0,RANGE
2026-05-27,C3_Top5,UP,5,0.0,0.0,0.0,,0.0,0.0,0.0,RANGE
2026-05-27,C4_Top5,UP,5,0.0,0.0,0.0,,0.0,0.0,0.0,RANGE
2026-05-27,C5_Top5,UP,5,0.0,0.0,0.0,,0.0,0.0,0.0,RANGE
2026-05-27,Random_5,UP,5,0.0,0.0,0.0,,0.0,0.0,0.0,RANGE
2026-05-27,V3_20,DOWN,20,0.0,0.0,0.0,,0.0,0.0,0.0,RANGE
2026-05-27,A_V3_Top5,DOWN,5,0.0,0.0,0.0,,0.0,0.0,0.0,RANGE
2026-05-27,A_V3_Top6,DOWN,6,0.0,0.0,0.0,,0.0,0.0,0.0,RANGE
2026-05-27,C1_Top5,DOWN,5,0.0,0.0,0.0,,0.0,0.0,0.0,RANGE
2026-05-27,C1_Top6,DOWN,6,0.0,0.0,0.0,,0.0,0.0,0.0,RANGE
2026-05-27,C2_Top5,DOWN,5,0.0,0.0,0.0,,0.0,0.0,0.0,RANGE
2026-05-27,C2_Top6,DOWN,6,0.0,0.0,0.0,,0.0,0.0,0.0,RANGE
2026-05-27,C3_Top5,DOWN,5,0.0,0.0,0.0,,0.0,0.0,0.0,RANGE
2026-05-27,C4_Top5,DOWN,5,0.0,0.0,0.0,,0.0,0.0,0.0,RANGE
2026-05-27,C5_Top5,DOWN,5,0.0,0.0,0.0,,0.0,0.0,0.0,RANGE
2026-05-27,Random_5,DOWN,5,0.0,0.0,0.0,,0.0,0.0,0.0,RANGE
2026-05-29,V3_20,UP,20,0.4,0.1,0.0,1.1033,1.9253,2.878,0.6,RANGE
2026-05-29,A_V3_Top5,UP,5,0.4,0.0,0.0,1.042,2.7711,4.4102,0.6,RANGE
2026-05-29,A_V3_Top6,UP,6,0.3333,0.0,0.0,1.042,2.1782,4.5075,0.6667,RANGE
2026-05-29,C1_Top5,UP,5,0.4,0.0,0.0,0.9394,3.1509,3.8807,0.6,RANGE
2026-05-29,C1_Top6,UP,6,0.5,0.0,0.0,0.9295,3.0127,3.2029,0.5,RANGE
2026-05-29,C2_Top5,UP,5,0.8,0.2,0.0,1.2666,3.94,0.5177,0.2,RANGE
2026-05-29,C2_Top6,UP,6,0.6667,0.1667,0.0,1.2666,3.4012,0.7266,0.3333,RANGE
2026-05-29,C3_Top5,UP,5,0.4,0.0,0.0,1.042,2.7711,4.4102,0.6,RANGE
2026-05-29,C4_Top5,UP,5,0.4,0.0,0.0,0.9394,3.1509,3.8807,0.6,RANGE
2026-05-29,C5_Top5,UP,5,0.8,0.2,0.0,1.2666,3.94,0.5177,0.2,RANGE
2026-05-29,Random_5,UP,5,0.6,0.0,0.0,0.4876,1.9782,4.1318,0.4,RANGE
2026-05-29,V3_20,DOWN,20,0.7,0.2,0.1,1.8991,2.1267,1.8765,0.15,RANGE
2026-05-29,A_V3_Top5,DOWN,5,0.8,0.4,0.4,3.2971,3.6424,2.2039,0.0,RANGE
2026-05-29,A_V3_Top6,DOWN,6,0.8333,0.3333,0.3333,2.6476,3.4172,1.9736,0.0,RANGE
2026-05-29,C1_Top5,DOWN,5,0.8,0.6,0.2,3.4751,3.3384,1.2182,0.0,RANGE
2026-05-29,C1_Top6,DOWN,6,0.6667,0.5,0.1667,3.4751,3.1132,1.5842,0.0,RANGE
2026-05-29,C2_Top5,DOWN,5,0.6,0.4,0.2,4.1657,2.9383,1.9218,0.2,RANGE
2026-05-29,C2_Top6,DOWN,6,0.6667,0.3333,0.1667,3.2426,2.638,1.7372,0.1667,RANGE
2026-05-29,C3_Top5,DOWN,5,0.8,0.4,0.4,3.2971,3.6424,2.2039,0.0,RANGE
2026-05-29,C4_Top5,DOWN,5,0.8,0.6,0.2,3.4751,3.3384,1.2182,0.0,RANGE
2026-05-29,C5_Top5,DOWN,5,0.6,0.4,0.2,4.1657,2.9383,1.9218,0.2,RANGE
2026-05-29,Random_5,DOWN,5,1.0,0.4,0.2,1.7397,2.5431,1.3263,0.0,RANGE
2026-06-01,V3_20,UP,20,0.85,0.45,0.2,2.0686,2.9181,1.2594,0.0,RANGE
2026-06-01,A_V3_Top5,UP,5,1.0,0.6,0.0,1.926,3.0825,0.7857,0.0,RANGE
2026-06-01,A_V3_Top6,UP,6,1.0,0.5,0.0,1.7824,3.2606,0.8499,0.0,RANGE
2026-06-01,C1_Top5,UP,5,0.8,0.2,0.2,2.1479,3.5303,0.2708,0.0,RANGE
2026-06-01,C1_Top6,UP,6,0.8333,0.3333,0.3333,2.3549,3.8206,0.2383,0.0,RANGE
2026-06-01,C2_Top5,UP,5,1.0,0.4,0.2,2.2169,4.0256,-0.2144,0.0,RANGE
2026-06-01,C2_Top6,UP,6,1.0,0.5,0.3333,2.3779,4.2333,-0.1661,0.0,RANGE
2026-06-01,C3_Top5,UP,5,1.0,0.6,0.0,1.926,3.0825,0.7857,0.0,RANGE
2026-06-01,C4_Top5,UP,5,0.8,0.2,0.2,2.1479,3.5303,0.2708,0.0,RANGE
2026-06-01,C5_Top5,UP,5,1.0,0.4,0.2,2.2169,4.0256,-0.2144,0.0,RANGE
2026-06-01,Random_5,UP,5,0.8,0.2,0.0,1.2537,2.2797,1.6148,0.0,RANGE
2026-06-01,V3_20,DOWN,20,0.6,0.05,0.05,0.9602,2.0056,1.0966,0.1,RANGE
2026-06-01,A_V3_Top5,DOWN,5,0.4,0.0,0.0,0.7594,1.4611,2.0591,0.2,RANGE
2026-06-01,A_V3_Top6,DOWN,6,0.5,0.0,0.0,0.618,1.8269,1.729,0.1667,RANGE
2026-06-01,C1_Top5,DOWN,5,0.4,0.0,0.0,0.7594,1.4611,2.0591,0.2,RANGE
2026-06-01,C1_Top6,DOWN,6,0.5,0.0,0.0,0.618,1.8269,1.729,0.1667,RANGE
2026-06-01,C2_Top5,DOWN,5,0.8,0.2,0.2,1.3058,2.9208,-0.0162,0.0,RANGE
2026-06-01,C2_Top6,DOWN,6,0.8333,0.1667,0.1667,1.2097,2.7624,0.0202,0.0,RANGE
2026-06-01,C3_Top5,DOWN,5,0.4,0.0,0.0,0.7594,1.4611,2.0591,0.2,RANGE
2026-06-01,C4_Top5,DOWN,5,0.4,0.0,0.0,0.7594,1.4611,2.0591,0.2,RANGE
2026-06-01,C5_Top5,DOWN,5,0.8,0.2,0.2,1.3058,2.9208,-0.0162,0.0,RANGE
2026-06-01,Random_5,DOWN,5,0.6,0.2,0.2,1.6993,2.3789,0.8771,0.0,RANGE
2026-06-02,V3_20,UP,20,0.35,0.2,0.15,2.6809,0.9714,3.0964,0.55,RANGE
2026-06-02,A_V3_Top5,UP,5,0.6,0.6,0.4,3.689,2.3752,2.5502,0.4,RANGE
2026-06-02,A_V3_Top6,UP,6,0.5,0.5,0.3333,3.689,1.7036,3.3271,0.5,RANGE
2026-06-02,C1_Top5,UP,5,0.6,0.4,0.2,2.8555,2.6218,1.0715,0.2,RANGE
2026-06-02,C1_Top6,UP,6,0.5,0.3333,0.1667,2.8555,2.2148,1.5411,0.3333,RANGE
2026-06-02,C2_Top5,UP,5,0.6,0.4,0.2,2.8555,2.6218,1.0715,0.2,RANGE
2026-06-02,C2_Top6,UP,6,0.5,0.3333,0.1667,2.8555,2.2936,1.3524,0.3333,RANGE
2026-06-02,C3_Top5,UP,5,0.6,0.6,0.4,3.689,2.3752,2.5502,0.4,RANGE
2026-06-02,C4_Top5,UP,5,0.6,0.4,0.2,2.8555,2.6218,1.0715,0.2,RANGE
2026-06-02,C5_Top5,UP,5,0.6,0.4,0.2,2.8555,2.6218,1.0715,0.2,RANGE
2026-06-02,Random_5,UP,5,0.6,0.6,0.6,4.4173,2.9006,1.4491,0.2,RANGE
2026-06-02,V3_20,DOWN,20,0.55,0.1,0.0,0.9878,1.9892,1.461,0.25,RANGE
2026-06-02,A_V3_Top5,DOWN,5,0.4,0.0,0.0,0.888,2.7785,1.9554,0.4,RANGE
2026-06-02,A_V3_Top6,DOWN,6,0.5,0.0,0.0,0.67,2.4383,1.9308,0.3333,RANGE
2026-06-02,C1_Top5,DOWN,5,0.6,0.2,0.0,1.3099,3.3065,1.3497,0.4,RANGE
2026-06-02,C1_Top6,DOWN,6,0.5,0.1667,0.0,1.3099,3.0814,1.4897,0.3333,RANGE
2026-06-02,C2_Top5,DOWN,5,0.6,0.2,0.0,1.1486,3.572,0.9607,0.4,RANGE
2026-06-02,C2_Top6,DOWN,6,0.6667,0.1667,0.0,0.92,3.0996,1.1019,0.3333,RANGE
2026-06-02,C3_Top5,DOWN,5,0.4,0.0,0.0,0.888,2.7785,1.9554,0.4,RANGE
2026-06-02,C4_Top5,DOWN,5,0.6,0.2,0.0,1.3099,3.3065,1.3497,0.4,RANGE
2026-06-02,C5_Top5,DOWN,5,0.6,0.2,0.0,1.1486,3.572,0.9607,0.4,RANGE
2026-06-02,Random_5,DOWN,5,0.4,0.2,0.0,1.4986,1.5766,2.1539,0.6,RANGE
2026-06-03,V3_20,UP,20,0.4,0.1,0.1,2.0135,2.1051,1.908,0.4,RANGE
2026-06-03,A_V3_Top5,UP,5,0.6,0.2,0.2,2.4428,3.7503,1.334,0.2,RANGE
2026-06-03,A_V3_Top6,UP,6,0.5,0.1667,0.1667,2.4428,3.2832,1.43,0.1667,RANGE
2026-06-03,C1_Top5,UP,5,0.6,0.4,0.4,3.5824,4.3721,0.746,0.2,RANGE
2026-06-03,C1_Top6,UP,6,0.6667,0.3333,0.3333,3.0809,4.1504,0.6833,0.1667,RANGE
2026-06-03,C2_Top5,UP,5,0.6,0.2,0.2,2.193,3.8438,0.6699,0.2,RANGE
2026-06-03,C2_Top6,UP,6,0.5,0.1667,0.1667,2.193,3.3532,0.9489,0.3333,RANGE
2026-06-03,C3_Top5,UP,5,0.6,0.4,0.4,3.5824,4.1409,0.7444,0.2,RANGE
2026-06-03,C4_Top5,UP,5,0.6,0.4,0.4,3.5824,4.3721,0.746,0.2,RANGE
2026-06-03,C5_Top5,UP,5,0.6,0.2,0.2,2.193,3.8438,0.6699,0.2,RANGE
2026-06-03,Random_5,UP,5,0.2,0.2,0.2,5.7444,2.8671,2.0453,0.4,RANGE
2026-06-03,V3_20,DOWN,20,0.3,0.05,0.05,1.7557,1.2159,1.9236,0.5,RANGE
2026-06-03,A_V3_Top5,DOWN,5,0.6,0.0,0.0,1.3837,1.3972,1.612,0.0,RANGE
2026-06-03,A_V3_Top6,DOWN,6,0.6667,0.1667,0.1667,2.2857,1.9963,0.5114,0.0,RANGE
2026-06-03,C1_Top5,DOWN,5,0.4,0.2,0.2,3.246,2.0746,0.6709,0.6,RANGE
2026-06-03,C1_Top6,DOWN,6,0.3333,0.1667,0.1667,3.246,2.0998,0.9117,0.6667,RANGE
2026-06-03,C2_Top5,DOWN,5,0.4,0.2,0.2,3.246,2.2076,0.3565,0.6,RANGE
2026-06-03,C2_Top6,DOWN,6,0.3333,0.1667,0.1667,3.246,2.0065,0.8804,0.6667,RANGE
2026-06-03,C3_Top5,DOWN,5,0.8,0.2,0.2,2.2857,2.1425,0.3018,0.0,RANGE
2026-06-03,C4_Top5,DOWN,5,0.4,0.2,0.2,3.246,2.0746,0.6709,0.6,RANGE
2026-06-03,C5_Top5,DOWN,5,0.4,0.2,0.2,3.246,2.2076,0.3565,0.6,RANGE
2026-06-03,Random_5,DOWN,5,0.4,0.0,0.0,1.5955,1.4722,1.7827,0.6,RANGE
2026-06-04,V3_20,UP,20,0.35,0.1,0.05,1.958,2.3597,1.7194,0.45,RANGE
2026-06-04,A_V3_Top5,UP,5,0.2,0.2,0.2,7.4234,4.0012,2.94,0.8,RANGE
2026-06-04,A_V3_Top6,UP,6,0.1667,0.1667,0.1667,7.4234,3.6502,2.7587,0.6667,RANGE
2026-06-04,C1_Top5,UP,5,0.2,0.2,0.2,7.4234,3.3765,2.2653,0.8,RANGE
2026-06-04,C1_Top6,UP,6,0.3333,0.1667,0.1667,3.7787,3.171,1.8989,0.6667,RANGE
2026-06-04,C2_Top5,UP,5,0.6,0.4,0.2,3.4167,3.7607,0.5815,0.2,RANGE
2026-06-04,C2_Top6,UP,6,0.5,0.3333,0.1667,3.4167,3.541,1.3678,0.3333,RANGE
2026-06-04,C3_Top5,UP,5,0.2,0.2,0.2,7.4234,4.0012,2.94,0.8,RANGE
2026-06-04,C4_Top5,UP,5,0.2,0.2,0.2,7.4234,3.3765,2.2653,0.8,RANGE
2026-06-04,C5_Top5,UP,5,0.6,0.4,0.2,3.4167,3.7607,0.5815,0.2,RANGE
2026-06-04,Random_5,UP,5,0.4,0.0,0.0,0.5256,2.5109,2.4309,0.6,RANGE
2026-06-04,V3_20,DOWN,20,0.9,0.25,0.2,1.5725,2.1338,1.2004,0.05,RANGE
2026-06-04,A_V3_Top5,DOWN,5,0.8,0.2,0.2,1.2969,1.4755,0.1907,0.0,RANGE
2026-06-04,A_V3_Top6,DOWN,6,0.8333,0.3333,0.1667,1.5883,1.7757,0.2551,0.0,RANGE
2026-06-04,C1_Top5,DOWN,5,1.0,0.4,0.4,2.2084,2.966,-0.1097,0.0,RANGE
2026-06-04,C1_Top6,DOWN,6,1.0,0.3333,0.3333,2.0921,2.9512,0.0312,0.0,RANGE
2026-06-04,C2_Top5,DOWN,5,1.0,0.4,0.4,2.2084,2.966,-0.1097,0.0,RANGE
2026-06-04,C2_Top6,DOWN,6,1.0,0.3333,0.3333,2.0921,2.9512,0.0312,0.0,RANGE
2026-06-04,C3_Top5,DOWN,5,1.0,0.2,0.2,1.0662,1.8608,0.2163,0.0,RANGE
2026-06-04,C4_Top5,DOWN,5,1.0,0.4,0.4,2.2084,2.966,-0.1097,0.0,RANGE
2026-06-04,C5_Top5,DOWN,5,1.0,0.4,0.4,2.2084,2.966,-0.1097,0.0,RANGE
2026-06-04,Random_5,DOWN,5,1.0,0.2,0.2,1.0533,1.9476,1.3724,0.0,RANGE
2026-06-05,V3_20,UP,20,0.1,0.0,0.0,0.6198,0.8175,3.6044,0.75,RANGE
2026-06-05,A_V3_Top5,UP,5,0.2,0.0,0.0,0.4791,0.3784,4.126,0.8,RANGE
2026-06-05,A_V3_Top6,UP,6,0.1667,0.0,0.0,0.4791,-0.4369,4.2714,0.8333,RANGE
2026-06-05,C1_Top5,UP,5,0.2,0.0,0.0,0.4791,0.5488,4.2937,0.8,RANGE
2026-06-05,C1_Top6,UP,6,0.1667,0.0,0.0,0.4791,0.2977,4.276,0.8333,RANGE
2026-06-05,C2_Top5,UP,5,0.0,0.0,0.0,,1.4221,3.8136,0.8,RANGE
2026-06-05,C2_Top6,UP,6,0.0,0.0,0.0,,1.5743,3.3544,0.6667,RANGE
2026-06-05,C3_Top5,UP,5,0.2,0.0,0.0,0.4791,0.3784,4.126,0.8,RANGE
2026-06-05,C4_Top5,UP,5,0.2,0.0,0.0,0.4791,0.5488,4.2937,0.8,RANGE
2026-06-05,C5_Top5,UP,5,0.0,0.0,0.0,,1.4221,3.8136,0.8,RANGE
2026-06-05,Random_5,UP,5,0.2,0.0,0.0,0.4791,1.2962,2.7246,0.8,RANGE
2026-06-05,V3_20,DOWN,20,0.8,0.45,0.35,2.8525,3.2465,0.1074,0.05,RANGE
2026-06-05,A_V3_Top5,DOWN,5,0.8,0.6,0.4,3.4067,3.6206,-0.6251,0.0,RANGE
2026-06-05,A_V3_Top6,DOWN,6,0.6667,0.5,0.3333,3.4067,3.2788,-0.2039,0.0,RANGE
2026-06-05,C1_Top5,DOWN,5,0.6,0.6,0.4,4.0495,3.5566,-0.2989,0.0,RANGE
2026-06-05,C1_Top6,DOWN,6,0.6667,0.6667,0.5,3.8295,3.6059,-0.3315,0.0,RANGE
2026-06-05,C2_Top5,DOWN,5,1.0,0.8,0.6,4.5267,4.9258,-2.0664,0.0,RANGE
2026-06-05,C2_Top6,DOWN,6,1.0,0.6667,0.5,4.0374,4.5538,-1.5472,0.0,RANGE
2026-06-05,C3_Top5,DOWN,5,1.0,0.6,0.4,3.1702,3.7133,-1.405,0.0,RANGE
2026-06-05,C4_Top5,DOWN,5,0.6,0.6,0.4,4.0495,3.5566,-0.2989,0.0,RANGE
2026-06-05,C5_Top5,DOWN,5,1.0,0.8,0.6,4.5267,4.9258,-2.0664,0.0,RANGE
2026-06-05,Random_5,DOWN,5,0.8,0.2,0.2,2.15,2.4684,0.146,0.2,RANGE
2026-06-08,V3_20,UP,20,0.85,0.65,0.45,3.8393,4.3605,0.7827,0.1,RANGE
2026-06-08,A_V3_Top5,UP,5,0.8,0.8,0.6,6.2968,6.4973,1.2028,0.2,RANGE
2026-06-08,A_V3_Top6,UP,6,0.8333,0.6667,0.5,5.2271,5.6172,1.0936,0.1667,RANGE
2026-06-08,C1_Top5,UP,5,0.8,0.6,0.6,6.4359,6.3119,0.81,0.2,RANGE
2026-06-08,C1_Top6,UP,6,0.8333,0.5,0.5,5.2608,5.5635,0.8066,0.1667,RANGE
2026-06-08,C2_Top5,UP,5,0.6,0.2,0.0,1.7142,2.9552,1.116,0.4,RANGE
2026-06-08,C2_Top6,UP,6,0.6667,0.3333,0.1667,2.1606,3.2835,1.0381,0.3333,RANGE
2026-06-08,C3_Top5,UP,5,0.6,0.6,0.4,6.8572,6.111,1.7249,0.4,RANGE
2026-06-08,C4_Top5,UP,5,0.8,0.6,0.6,6.4359,6.3119,0.81,0.2,RANGE
2026-06-08,C5_Top5,UP,5,0.6,0.2,0.0,1.7142,2.9552,1.116,0.4,RANGE
2026-06-08,Random_5,UP,5,0.8,0.6,0.4,4.5584,4.8496,0.9335,0.2,RANGE
2026-06-08,V3_20,DOWN,20,0.3,0.05,0.05,1.3051,0.9442,1.7993,0.45,RANGE
2026-06-08,A_V3_Top5,DOWN,5,0.6,0.2,0.2,1.6894,1.8855,0.2489,0.4,RANGE
2026-06-08,A_V3_Top6,DOWN,6,0.5,0.1667,0.1667,1.6894,1.7754,0.598,0.3333,RANGE
2026-06-08,C1_Top5,DOWN,5,0.2,0.2,0.2,5.0,1.8035,1.1247,0.4,RANGE
2026-06-08,C1_Top6,DOWN,6,0.1667,0.1667,0.1667,5.0,1.4909,1.4394,0.5,RANGE
2026-06-08,C2_Top5,DOWN,5,0.2,0.2,0.2,5.0,1.8035,1.1247,0.4,RANGE
2026-06-08,C2_Top6,DOWN,6,0.1667,0.1667,0.1667,5.0,1.4909,1.4394,0.5,RANGE
2026-06-08,C3_Top5,DOWN,5,0.6,0.2,0.2,1.6894,1.8855,0.2489,0.4,RANGE
2026-06-08,C4_Top5,DOWN,5,0.2,0.2,0.2,5.0,1.8035,1.1247,0.4,RANGE
2026-06-08,C5_Top5,DOWN,5,0.2,0.2,0.2,5.0,1.8035,1.1247,0.4,RANGE
2026-06-08,Random_5,DOWN,5,0.2,0.2,0.2,5.0,0.8347,1.1762,0.8,RANGE
2026-06-09,V3_20,UP,20,0.35,0.15,0.1,1.921,2.066,2.3102,0.6,RANGE
2026-06-09,A_V3_Top5,UP,5,0.4,0.2,0.0,1.0878,3.1238,3.2273,0.6,RANGE
2026-06-09,A_V3_Top6,UP,6,0.5,0.3333,0.1667,2.2428,3.4354,2.6894,0.5,RANGE
2026-06-09,C1_Top5,UP,5,0.6,0.2,0.2,2.1984,3.2197,2.5214,0.4,RANGE
2026-06-09,C1_Top6,UP,6,0.5,0.1667,0.1667,2.1984,3.0803,2.9337,0.5,RANGE
2026-06-09,C2_Top5,UP,5,0.4,0.2,0.2,3.2327,3.1652,2.7872,0.6,RANGE
2026-06-09,C2_Top6,UP,6,0.5,0.1667,0.1667,2.1984,3.0803,2.9337,0.5,RANGE
2026-06-09,C3_Top5,UP,5,0.4,0.2,0.0,1.0878,3.1238,3.2273,0.6,RANGE
2026-06-09,C4_Top5,UP,5,0.6,0.2,0.2,2.1984,3.2197,2.5214,0.4,RANGE
2026-06-09,C5_Top5,UP,5,0.4,0.2,0.2,3.2327,3.1652,2.7872,0.6,RANGE
2026-06-09,Random_5,UP,5,0.4,0.0,0.0,1.0212,1.7581,2.8408,0.6,RANGE
2026-06-09,V3_20,DOWN,20,0.9,0.3,0.2,2.1179,2.4615,0.4966,0.05,RANGE
2026-06-09,A_V3_Top5,DOWN,5,0.8,0.6,0.4,3.3801,3.0201,-0.8343,0.0,RANGE
2026-06-09,A_V3_Top6,DOWN,6,0.6667,0.5,0.3333,3.3801,2.8165,0.1819,0.1667,RANGE
2026-06-09,C1_Top5,DOWN,5,1.0,1.0,0.8,3.9001,4.1068,-1.4001,0.0,RANGE
2026-06-09,C1_Top6,DOWN,6,1.0,0.8333,0.6667,3.5015,3.7131,-1.1099,0.0,RANGE
2026-06-09,C2_Top5,DOWN,5,1.0,1.0,0.8,3.9001,4.1068,-1.4001,0.0,RANGE
2026-06-09,C2_Top6,DOWN,6,1.0,1.0,0.6667,3.5866,3.9346,-1.1667,0.0,RANGE
2026-06-09,C3_Top5,DOWN,5,0.8,0.6,0.4,3.3801,3.0201,-0.8343,0.0,RANGE
2026-06-09,C4_Top5,DOWN,5,1.0,1.0,0.8,3.9001,4.1068,-1.4001,0.0,RANGE
2026-06-09,C5_Top5,DOWN,5,1.0,1.0,0.8,3.9001,4.1068,-1.4001,0.0,RANGE
2026-06-09,Random_5,DOWN,5,1.0,0.6,0.4,2.4059,2.9641,0.3155,0.0,RANGE
2026-06-10,V3_20,UP,20,0.25,0.15,0.05,2.1283,1.3291,2.7041,0.6,RANGE
2026-06-10,A_V3_Top5,UP,5,0.4,0.2,0.2,2.4621,2.1269,3.35,0.4,RANGE
2026-06-10,A_V3_Top6,UP,6,0.3333,0.1667,0.1667,2.4621,1.7042,3.6585,0.5,RANGE
2026-06-10,C1_Top5,UP,5,0.4,0.2,0.0,1.3379,1.6892,2.0178,0.2,RANGE
2026-06-10,C1_Top6,UP,6,0.3333,0.1667,0.0,1.3379,1.5392,2.0479,0.3333,RANGE
2026-06-10,C2_Top5,UP,5,0.6,0.4,0.0,1.8544,2.7102,1.3785,0.2,RANGE
2026-06-10,C2_Top6,UP,6,0.5,0.3333,0.0,1.8544,2.39,1.5151,0.3333,RANGE
2026-06-10,C3_Top5,UP,5,0.4,0.2,0.2,2.4621,2.1269,3.35,0.4,RANGE
2026-06-10,C4_Top5,UP,5,0.4,0.2,0.0,1.3379,1.6892,2.0178,0.2,RANGE
2026-06-10,C5_Top5,UP,5,0.6,0.4,0.0,1.8544,2.7102,1.3785,0.2,RANGE
2026-06-10,Random_5,UP,5,0.4,0.2,0.0,1.3379,1.8131,2.961,0.6,RANGE
2026-06-10,V3_20,DOWN,20,0.75,0.3,0.15,1.8033,2.4435,0.6842,0.1,RANGE
2026-06-10,A_V3_Top5,DOWN,5,1.0,0.6,0.4,2.59,3.7726,0.0059,0.0,RANGE
2026-06-10,A_V3_Top6,DOWN,6,0.8333,0.5,0.3333,2.59,3.1906,0.4202,0.0,RANGE
2026-06-10,C1_Top5,DOWN,5,1.0,0.6,0.4,2.59,3.7726,0.0059,0.0,RANGE
2026-06-10,C1_Top6,DOWN,6,0.8333,0.5,0.3333,2.59,3.4373,1.0307,0.1667,RANGE
2026-06-10,C2_Top5,DOWN,5,1.0,0.6,0.4,2.5088,3.9046,0.3377,0.0,RANGE
2026-06-10,C2_Top6,DOWN,6,1.0,0.6667,0.3333,2.5374,3.782,0.1126,0.0,RANGE
2026-06-10,C3_Top5,DOWN,5,1.0,0.6,0.4,2.5088,3.9046,0.3377,0.0,RANGE
2026-06-10,C4_Top5,DOWN,5,1.0,0.6,0.4,2.59,3.7726,0.0059,0.0,RANGE
2026-06-10,C5_Top5,DOWN,5,1.0,0.6,0.4,2.5088,3.9046,0.3377,0.0,RANGE
2026-06-10,Random_5,DOWN,5,0.8,0.4,0.0,1.9117,2.659,0.969,0.0,RANGE
2026-06-11,V3_20,UP,20,0.8,0.55,0.2,3.227,3.5311,0.0695,0.05,RANGE
2026-06-11,A_V3_Top5,UP,5,0.6,0.4,0.2,4.7752,4.53,-0.0077,0.0,RANGE
2026-06-11,A_V3_Top6,UP,6,0.6667,0.5,0.3333,4.4638,4.6896,-0.1119,0.0,RANGE
2026-06-11,C1_Top5,UP,5,0.6,0.4,0.2,4.7752,4.53,-0.0077,0.0,RANGE
2026-06-11,C1_Top6,UP,6,0.6667,0.5,0.3333,4.4638,4.6896,-0.1119,0.0,RANGE
2026-06-11,C2_Top5,UP,5,1.0,0.8,0.4,4.9146,6.1545,-0.5231,0.0,RANGE
2026-06-11,C2_Top6,UP,6,1.0,0.8333,0.5,4.6837,6.0433,-0.5414,0.0,RANGE
2026-06-11,C3_Top5,UP,5,0.8,0.6,0.4,5.6069,5.851,-0.301,0.0,RANGE
2026-06-11,C4_Top5,UP,5,0.6,0.4,0.2,4.7752,4.53,-0.0077,0.0,RANGE
2026-06-11,C5_Top5,UP,5,1.0,0.8,0.4,4.9146,6.1545,-0.5231,0.0,RANGE
2026-06-11,Random_5,UP,5,0.8,0.8,0.2,3.9658,4.0268,0.0355,0.0,RANGE
2026-06-11,V3_20,DOWN,20,0.25,0.1,0.05,1.7527,0.155,2.5501,0.65,RANGE
2026-06-11,A_V3_Top5,DOWN,5,0.2,0.2,0.2,4.9981,0.0413,2.3718,0.8,RANGE
2026-06-11,A_V3_Top6,DOWN,6,0.1667,0.1667,0.1667,4.9981,-0.1725,2.6106,0.8333,RANGE
2026-06-11,C1_Top5,DOWN,5,0.4,0.4,0.2,3.8441,0.7853,1.2347,0.6,RANGE
2026-06-11,C1_Top6,DOWN,6,0.3333,0.3333,0.1667,3.8441,0.6108,1.8833,0.6667,RANGE
2026-06-11,C2_Top5,DOWN,5,0.4,0.4,0.2,3.8441,1.5515,0.3326,0.4,RANGE
2026-06-11,C2_Top6,DOWN,6,0.3333,0.3333,0.1667,3.8441,1.3631,0.5353,0.3333,RANGE
2026-06-11,C3_Top5,DOWN,5,0.2,0.2,0.2,4.9981,0.0413,2.3718,0.8,RANGE
2026-06-11,C4_Top5,DOWN,5,0.4,0.4,0.2,3.8441,0.7853,1.2347,0.6,RANGE
2026-06-11,C5_Top5,DOWN,5,0.4,0.4,0.2,3.8441,1.5515,0.3326,0.4,RANGE
2026-06-11,Random_5,DOWN,5,0.0,0.0,0.0,,-0.6896,3.3204,0.8,RANGE
2026-06-12,V3_20,UP,20,0.7,0.3,0.2,2.1576,3.1242,0.5427,0.25,RANGE
2026-06-12,A_V3_Top5,UP,5,0.4,0.4,0.4,4.4482,3.7513,1.1616,0.6,RANGE
2026-06-12,A_V3_Top6,UP,6,0.5,0.3333,0.3333,3.5893,3.495,0.9382,0.5,RANGE
2026-06-12,C1_Top5,UP,5,0.4,0.4,0.4,4.4482,3.7513,1.1616,0.6,RANGE
2026-06-12,C1_Top6,UP,6,0.5,0.3333,0.3333,3.5893,3.495,0.9382,0.5,RANGE
2026-06-12,C2_Top5,UP,5,1.0,0.8,0.6,3.3571,4.8629,-0.8142,0.0,RANGE
2026-06-12,C2_Top6,UP,6,1.0,0.6667,0.5,3.0174,4.5144,-0.872,0.0,RANGE
2026-06-12,C3_Top5,UP,5,0.8,0.6,0.4,3.0,4.3335,0.5788,0.2,RANGE
2026-06-12,C4_Top5,UP,5,0.4,0.4,0.4,4.4482,3.7513,1.1616,0.6,RANGE
2026-06-12,C5_Top5,UP,5,1.0,0.8,0.6,3.3571,4.8629,-0.8142,0.0,RANGE
2026-06-12,Random_5,UP,5,0.4,0.0,0.0,0.9244,2.7232,1.8189,0.6,RANGE
2026-06-12,V3_20,DOWN,20,0.3,0.05,0.0,0.9245,0.6396,3.0833,0.45,RANGE
2026-06-12,A_V3_Top5,DOWN,5,0.2,0.0,0.0,0.489,1.6957,5.3876,0.6,RANGE
2026-06-12,A_V3_Top6,DOWN,6,0.3333,0.0,0.0,0.3163,1.7043,4.5694,0.5,RANGE
2026-06-12,C1_Top5,DOWN,5,0.4,0.0,0.0,0.3163,2.1307,5.1658,0.6,RANGE
2026-06-12,C1_Top6,DOWN,6,0.3333,0.0,0.0,0.3163,1.7043,4.5694,0.5,RANGE
2026-06-12,C2_Top5,DOWN,5,0.4,0.0,0.0,0.5897,1.632,1.924,0.2,RANGE
2026-06-12,C2_Top6,DOWN,6,0.3333,0.0,0.0,0.5897,1.1762,2.2753,0.3333,RANGE
2026-06-12,C3_Top5,DOWN,5,0.2,0.0,0.0,0.489,1.6957,5.3876,0.6,RANGE
2026-06-12,C4_Top5,DOWN,5,0.4,0.0,0.0,0.3163,2.1307,5.1658,0.6,RANGE
2026-06-12,C5_Top5,DOWN,5,0.4,0.0,0.0,0.5897,1.632,1.924,0.2,RANGE
2026-06-12,Random_5,DOWN,5,0.0,0.0,0.0,,0.153,5.3311,0.8,RANGE
2026-06-15,V3_20,UP,20,0.65,0.2,0.1,1.4838,1.7531,1.2084,0.2,RANGE
2026-06-15,A_V3_Top5,UP,5,0.6,0.2,0.2,1.8095,2.0429,1.6879,0.4,RANGE
2026-06-15,A_V3_Top6,UP,6,0.5,0.1667,0.1667,1.8095,1.8155,1.7764,0.5,RANGE
2026-06-15,C1_Top5,UP,5,0.4,0.2,0.2,1.9039,1.7904,2.0858,0.6,RANGE
2026-06-15,C1_Top6,UP,6,0.5,0.1667,0.1667,1.2803,1.81,1.8604,0.5,RANGE
2026-06-15,C2_Top5,UP,5,0.6,0.0,0.0,0.3411,1.5027,1.7046,0.4,RANGE
2026-06-15,C2_Top6,UP,6,0.6667,0.0,0.0,0.6564,1.5486,1.4478,0.3333,RANGE
2026-06-15,C3_Top5,UP,5,0.6,0.2,0.2,1.8095,2.0429,1.6879,0.4,RANGE
2026-06-15,C4_Top5,UP,5,0.4,0.2,0.2,1.9039,1.7904,2.0858,0.6,RANGE
2026-06-15,C5_Top5,UP,5,0.6,0.0,0.0,0.3411,1.5027,1.7046,0.4,RANGE
2026-06-15,Random_5,UP,5,0.4,0.0,0.0,0.4963,1.0051,1.9711,0.4,RANGE
2026-06-15,V3_20,DOWN,20,0.2,0.1,0.0,1.3445,0.5288,2.641,0.65,RANGE
2026-06-15,A_V3_Top5,DOWN,5,0.0,0.0,0.0,,0.2661,3.18,0.6,RANGE
2026-06-15,A_V3_Top6,DOWN,6,0.0,0.0,0.0,,0.2533,3.0019,0.6667,RANGE
2026-06-15,C1_Top5,DOWN,5,0.2,0.2,0.0,2.7071,1.6387,1.4478,0.4,RANGE
2026-06-15,C1_Top6,DOWN,6,0.3333,0.1667,0.0,1.5683,1.6256,1.2781,0.3333,RANGE
2026-06-15,C2_Top5,DOWN,5,0.4,0.2,0.0,1.5683,1.8444,1.3046,0.4,RANGE
2026-06-15,C2_Top6,DOWN,6,0.3333,0.1667,0.0,1.5683,1.7088,1.3647,0.3333,RANGE
2026-06-15,C3_Top5,DOWN,5,0.0,0.0,0.0,,0.2661,3.18,0.6,RANGE
2026-06-15,C4_Top5,DOWN,5,0.2,0.2,0.0,2.7071,1.6387,1.4478,0.4,RANGE
2026-06-15,C5_Top5,DOWN,5,0.4,0.2,0.0,1.5683,1.8444,1.3046,0.4,RANGE
2026-06-15,Random_5,DOWN,5,0.2,0.0,0.0,0.0536,0.208,3.312,0.8,RANGE
2026-06-16,V3_20,UP,20,0.7,0.2,0.15,1.6637,2.1419,0.9963,0.1,RANGE
2026-06-16,A_V3_Top5,UP,5,0.6,0.0,0.0,0.8889,1.2183,1.0831,0.2,RANGE
2026-06-16,A_V3_Top6,UP,6,0.5,0.0,0.0,0.8889,1.2318,1.7352,0.3333,RANGE
2026-06-16,C1_Top5,UP,5,0.8,0.2,0.2,1.7574,2.5636,0.4545,0.0,RANGE
2026-06-16,C1_Top6,UP,6,0.8333,0.3333,0.1667,1.8721,2.591,0.5571,0.0,RANGE
2026-06-16,C2_Top5,UP,5,0.8,0.2,0.0,0.8642,1.8931,0.6305,0.0,RANGE
2026-06-16,C2_Top6,UP,6,0.6667,0.1667,0.0,0.8642,1.6954,0.8194,0.0,RANGE
2026-06-16,C3_Top5,UP,5,0.6,0.0,0.0,0.2543,0.9199,1.2975,0.2,RANGE
2026-06-16,C4_Top5,UP,5,0.8,0.2,0.2,1.7574,2.5636,0.4545,0.0,RANGE
2026-06-16,C5_Top5,UP,5,0.8,0.2,0.0,0.8642,1.8931,0.6305,0.0,RANGE
2026-06-16,Random_5,UP,5,0.6,0.2,0.2,1.6765,1.8624,1.0693,0.0,RANGE
2026-06-16,V3_20,DOWN,20,0.35,0.0,0.0,0.6218,0.7687,2.3531,0.55,RANGE
2026-06-16,A_V3_Top5,DOWN,5,0.2,0.0,0.0,0.6196,0.6999,4.2453,0.8,RANGE
2026-06-16,A_V3_Top6,DOWN,6,0.1667,0.0,0.0,0.6196,0.5273,3.9031,0.8333,RANGE
2026-06-16,C1_Top5,DOWN,5,0.4,0.0,0.0,0.9581,1.1785,3.0459,0.6,RANGE
2026-06-16,C1_Top6,DOWN,6,0.5,0.0,0.0,0.7986,1.2158,2.6908,0.5,RANGE
2026-06-16,C2_Top5,DOWN,5,0.6,0.0,0.0,0.7986,1.4637,1.7003,0.4,RANGE
2026-06-16,C2_Top6,DOWN,6,0.6667,0.0,0.0,0.6245,1.3389,1.5418,0.3333,RANGE
2026-06-16,C3_Top5,DOWN,5,0.2,0.0,0.0,0.6196,0.6999,4.2453,0.8,RANGE
2026-06-16,C4_Top5,DOWN,5,0.4,0.0,0.0,0.9581,1.1785,3.0459,0.6,RANGE
2026-06-16,C5_Top5,DOWN,5,0.6,0.0,0.0,0.7986,1.4637,1.7003,0.4,RANGE
2026-06-16,Random_5,DOWN,5,0.6,0.0,0.0,0.4004,1.2411,1.9068,0.4,RANGE
2026-06-17,V3_20,UP,20,0.7,0.2,0.2,2.0772,2.509,0.7035,0.1,RANGE
2026-06-17,A_V3_Top5,UP,5,0.8,0.0,0.0,1.0993,2.3769,0.837,0.2,RANGE
2026-06-17,A_V3_Top6,UP,6,0.8333,0.1667,0.1667,2.2331,3.1998,0.8439,0.1667,RANGE
2026-06-17,C1_Top5,UP,5,1.0,0.2,0.2,2.1821,3.7641,0.5325,0.0,RANGE
2026-06-17,C1_Top6,UP,6,1.0,0.3333,0.3333,2.6513,3.9696,-0.2252,0.0,RANGE
2026-06-17,C2_Top5,UP,5,0.8,0.4,0.4,2.6864,3.1022,-0.3222,0.2,RANGE
2026-06-17,C2_Top6,UP,6,0.8333,0.3333,0.3333,2.4438,3.0299,-0.2619,0.1667,RANGE
2026-06-17,C3_Top5,UP,5,1.0,0.4,0.4,2.5835,3.7847,-0.767,0.0,RANGE
2026-06-17,C4_Top5,UP,5,1.0,0.2,0.2,2.1821,3.7641,0.5325,0.0,RANGE
2026-06-17,C5_Top5,UP,5,0.8,0.4,0.4,2.6864,3.1022,-0.3222,0.2,RANGE
2026-06-17,Random_5,UP,5,0.6,0.0,0.0,0.6766,1.3233,1.472,0.2,RANGE
2026-06-17,V3_20,DOWN,20,0.5,0.0,0.0,0.5018,0.8707,1.3639,0.2,RANGE
2026-06-17,A_V3_Top5,DOWN,5,0.8,0.0,0.0,0.8604,1.5075,0.7058,0.0,RANGE
2026-06-17,A_V3_Top6,DOWN,6,0.6667,0.0,0.0,0.8604,1.3401,1.1359,0.1667,RANGE
2026-06-17,C1_Top5,DOWN,5,0.8,0.0,0.0,0.8604,1.5921,0.8853,0.2,RANGE
2026-06-17,C1_Top6,DOWN,6,0.8333,0.0,0.0,0.7029,1.5348,0.8619,0.1667,RANGE
2026-06-17,C2_Top5,DOWN,5,1.0,0.0,0.0,0.7191,1.9444,0.3973,0.0,RANGE
2026-06-17,C2_Top6,DOWN,6,0.8333,0.0,0.0,0.7191,1.7675,0.4881,0.0,RANGE
2026-06-17,C3_Top5,DOWN,5,0.8,0.0,0.0,0.8604,1.5075,0.7058,0.0,RANGE
2026-06-17,C4_Top5,DOWN,5,0.8,0.0,0.0,0.8604,1.5921,0.8853,0.2,RANGE
2026-06-17,C5_Top5,DOWN,5,1.0,0.0,0.0,0.7191,1.9444,0.3973,0.0,RANGE
2026-06-17,Random_5,DOWN,5,0.4,0.0,0.0,0.6573,0.6622,2.003,0.4,RANGE
2026-06-18,V3_20,UP,20,0.4,0.2,0.2,3.3346,2.0881,1.5269,0.3,RANGE
2026-06-18,A_V3_Top5,UP,5,0.8,0.6,0.6,4.5033,4.7846,0.857,0.2,RANGE
2026-06-18,A_V3_Top6,UP,6,0.6667,0.5,0.5,4.5033,3.7373,1.3109,0.3333,RANGE
2026-06-18,C1_Top5,UP,5,0.8,0.4,0.4,3.1905,4.2266,-0.315,0.0,RANGE
2026-06-18,C1_Top6,UP,6,0.8333,0.5,0.5,3.5713,4.5372,-0.1311,0.0,RANGE
2026-06-18,C2_Top5,UP,5,0.8,0.4,0.4,3.1905,4.2266,-0.315,0.0,RANGE
2026-06-18,C2_Top6,UP,6,0.6667,0.3333,0.3333,3.1905,3.5432,0.0382,0.0,RANGE
2026-06-18,C3_Top5,UP,5,0.8,0.6,0.6,4.6515,5.6104,-0.5459,0.0,RANGE
2026-06-18,C4_Top5,UP,5,0.8,0.4,0.4,3.1905,4.2266,-0.315,0.0,RANGE
2026-06-18,C5_Top5,UP,5,0.8,0.4,0.4,3.1905,4.2266,-0.315,0.0,RANGE
2026-06-18,Random_5,UP,5,0.4,0.2,0.2,4.5838,2.6702,2.2844,0.2,RANGE
2026-06-18,V3_20,DOWN,20,0.5,0.25,0.1,1.9398,2.2936,0.9505,0.45,RANGE
2026-06-18,A_V3_Top5,DOWN,5,0.6,0.4,0.2,2.0952,2.8157,1.2237,0.4,RANGE
2026-06-18,A_V3_Top6,DOWN,6,0.6667,0.3333,0.1667,1.6398,2.4744,1.1364,0.3333,RANGE
2026-06-18,C1_Top5,DOWN,5,0.6,0.6,0.0,2.6153,4.7078,-0.2558,0.4,RANGE
2026-06-18,C1_Top6,DOWN,6,0.6667,0.6667,0.1667,3.6488,5.3644,-1.1223,0.3333,RANGE
2026-06-18,C2_Top5,DOWN,5,0.8,0.8,0.2,3.6488,6.3459,-1.6267,0.2,RANGE
2026-06-18,C2_Top6,DOWN,6,0.6667,0.6667,0.1667,3.6488,5.423,-0.9155,0.3333,RANGE
2026-06-18,C3_Top5,DOWN,5,0.8,0.8,0.2,3.6488,6.3552,-1.6927,0.2,RANGE
2026-06-18,C4_Top5,DOWN,5,0.6,0.6,0.0,2.6153,4.7078,-0.2558,0.4,RANGE
2026-06-18,C5_Top5,DOWN,5,0.8,0.8,0.2,3.6488,6.3459,-1.6267,0.2,RANGE
2026-06-18,Random_5,DOWN,5,0.4,0.2,0.2,1.596,1.226,2.1942,0.6,RANGE
2026-06-19,V3_20,UP,20,0.6,0.25,0.05,1.5366,2.3803,1.2596,0.3,RANGE
2026-06-19,A_V3_Top5,UP,5,0.4,0.0,0.0,0.7993,1.0408,2.2916,0.6,RANGE
2026-06-19,A_V3_Top6,UP,6,0.5,0.0,0.0,0.7248,1.1209,2.0433,0.5,RANGE
2026-06-19,C1_Top5,UP,5,0.8,0.0,0.0,0.599,2.2066,1.2938,0.2,RANGE
2026-06-19,C1_Top6,UP,6,0.8333,0.1667,0.0,0.9641,2.3316,1.1,0.1667,RANGE
2026-06-19,C2_Top5,UP,5,0.6,0.4,0.2,2.5469,3.5557,-0.2197,0.0,RANGE
2026-06-19,C2_Top6,UP,6,0.6667,0.3333,0.1667,2.073,3.2493,-0.1831,0.0,RANGE
2026-06-19,C3_Top5,UP,5,0.6,0.2,0.2,1.8023,3.1335,0.3964,0.2,RANGE
2026-06-19,C4_Top5,UP,5,0.8,0.0,0.0,0.599,2.2066,1.2938,0.2,RANGE
2026-06-19,C5_Top5,UP,5,0.6,0.4,0.2,2.5469,3.5557,-0.2197,0.0,RANGE
2026-06-19,Random_5,UP,5,0.4,0.2,0.2,3.2011,2.4504,0.922,0.6,RANGE
2026-06-19,V3_20,DOWN,20,0.2,0.1,0.0,1.6804,0.5067,2.9592,0.45,RANGE
2026-06-19,A_V3_Top5,DOWN,5,0.4,0.2,0.0,1.5944,0.9974,1.6133,0.2,RANGE
2026-06-19,A_V3_Top6,DOWN,6,0.5,0.1667,0.0,1.2779,1.0533,1.8195,0.1667,RANGE
2026-06-19,C1_Top5,DOWN,5,0.4,0.2,0.0,1.7665,1.3528,2.848,0.6,RANGE
2026-06-19,C1_Top6,DOWN,6,0.3333,0.1667,0.0,1.7665,1.1073,2.7181,0.6667,RANGE
2026-06-19,C2_Top5,DOWN,5,0.4,0.2,0.0,1.7665,1.3528,2.848,0.6,RANGE
2026-06-19,C2_Top6,DOWN,6,0.3333,0.1667,0.0,1.7665,1.1073,2.7181,0.6667,RANGE
2026-06-19,C3_Top5,DOWN,5,0.4,0.2,0.0,1.5944,0.9974,1.6133,0.2,RANGE
2026-06-19,C4_Top5,DOWN,5,0.4,0.2,0.0,1.7665,1.3528,2.848,0.6,RANGE
2026-06-19,C5_Top5,DOWN,5,0.4,0.2,0.0,1.7665,1.3528,2.848,0.6,RANGE
2026-06-19,Random_5,DOWN,5,0.0,0.0,0.0,,0.4529,2.6178,0.4,RANGE
2026-06-22,V3_20,UP,20,0.15,0.05,0.05,2.0695,1.5297,2.1664,0.7,RANGE
2026-06-22,A_V3_Top5,UP,5,0.0,0.0,0.0,,2.1208,3.0918,0.8,RANGE
2026-06-22,A_V3_Top6,UP,6,0.0,0.0,0.0,,2.049,3.4096,0.8333,RANGE
2026-06-22,C1_Top5,UP,5,0.2,0.2,0.2,4.9912,3.3663,1.0682,0.6,RANGE
2026-06-22,C1_Top6,UP,6,0.1667,0.1667,0.1667,4.9912,2.8938,1.2481,0.6667,RANGE
2026-06-22,C2_Top5,UP,5,0.2,0.2,0.2,4.9912,3.3663,1.0682,0.6,RANGE
2026-06-22,C2_Top6,UP,6,0.1667,0.1667,0.1667,4.9912,2.8938,1.2481,0.6667,RANGE
2026-06-22,C3_Top5,UP,5,0.2,0.2,0.2,4.9912,2.9803,1.2825,0.6,RANGE
2026-06-22,C4_Top5,UP,5,0.2,0.2,0.2,4.9912,3.3663,1.0682,0.6,RANGE
2026-06-22,C5_Top5,UP,5,0.2,0.2,0.2,4.9912,3.3663,1.0682,0.6,RANGE
2026-06-22,Random_5,UP,5,0.2,0.2,0.2,4.9912,2.894,1.0615,0.6,RANGE
2026-06-22,V3_20,DOWN,20,0.9,0.35,0.25,1.9355,2.359,0.6099,0.0,RANGE
2026-06-22,A_V3_Top5,DOWN,5,0.8,0.6,0.4,2.7429,2.7482,0.9198,0.0,RANGE
2026-06-22,A_V3_Top6,DOWN,6,0.8333,0.6667,0.5,2.872,2.9065,0.6085,0.0,RANGE
2026-06-22,C1_Top5,DOWN,5,0.8,0.6,0.4,3.0503,3.056,0.3445,0.0,RANGE
2026-06-22,C1_Top6,DOWN,6,0.8333,0.6667,0.5,3.3468,3.378,0.3406,0.0,RANGE
2026-06-22,C2_Top5,DOWN,5,0.8,0.6,0.6,3.2369,3.291,0.0906,0.0,RANGE
2026-06-22,C2_Top6,DOWN,6,0.8333,0.5,0.5,2.9267,3.0674,0.2071,0.0,RANGE
2026-06-22,C3_Top5,DOWN,5,0.8,0.6,0.4,2.7429,2.7482,0.9198,0.0,RANGE
2026-06-22,C4_Top5,DOWN,5,0.8,0.6,0.4,3.0503,3.056,0.3445,0.0,RANGE
2026-06-22,C5_Top5,DOWN,5,0.8,0.6,0.6,3.2369,3.291,0.0906,0.0,RANGE
2026-06-22,Random_5,DOWN,5,0.8,0.2,0.2,1.9611,2.0645,0.7834,0.0,RANGE
2026-06-23,V3_20,UP,20,0.3,0.0,0.0,0.4203,1.1975,2.3903,0.45,RANGE
2026-06-23,A_V3_Top5,UP,5,0.2,0.0,0.0,0.3497,1.5403,2.4756,0.4,RANGE
2026-06-23,A_V3_Top6,UP,6,0.3333,0.0,0.0,0.3059,1.6691,2.1627,0.3333,RANGE
2026-06-23,C1_Top5,UP,5,0.4,0.0,0.0,0.3597,1.3755,1.8558,0.2,RANGE
2026-06-23,C1_Top6,UP,6,0.3333,0.0,0.0,0.3597,1.2768,1.9955,0.3333,RANGE
2026-06-23,C2_Top5,UP,5,0.4,0.0,0.0,0.3597,1.2218,1.6778,0.4,RANGE
2026-06-23,C2_Top6,UP,6,0.3333,0.0,0.0,0.3597,1.1487,1.8472,0.5,RANGE
2026-06-23,C3_Top5,UP,5,0.2,0.0,0.0,0.3497,1.5403,2.4756,0.4,RANGE
2026-06-23,C4_Top5,UP,5,0.4,0.0,0.0,0.3597,1.3755,1.8558,0.2,RANGE
2026-06-23,C5_Top5,UP,5,0.4,0.0,0.0,0.3597,1.2218,1.6778,0.4,RANGE
2026-06-23,Random_5,UP,5,0.2,0.0,0.0,0.3696,1.6707,2.8779,0.6,RANGE
2026-06-23,V3_20,DOWN,20,0.35,0.05,0.05,1.285,1.3103,1.5879,0.4,RANGE
2026-06-23,A_V3_Top5,DOWN,5,0.4,0.2,0.2,1.9088,1.1767,1.8865,0.6,RANGE
2026-06-23,A_V3_Top6,DOWN,6,0.3333,0.1667,0.1667,1.9088,1.3569,2.0785,0.6667,RANGE
2026-06-23,C1_Top5,DOWN,5,0.4,0.2,0.2,1.9088,2.4005,1.0055,0.4,RANGE
2026-06-23,C1_Top6,DOWN,6,0.3333,0.1667,0.1667,1.9088,2.2453,1.0182,0.3333,RANGE
2026-06-23,C2_Top5,DOWN,5,0.6,0.2,0.2,1.5682,2.469,0.1871,0.0,RANGE
2026-06-23,C2_Top6,DOWN,6,0.5,0.1667,0.1667,1.5682,2.2195,0.5118,0.1667,RANGE
2026-06-23,C3_Top5,DOWN,5,0.4,0.2,0.2,1.9088,1.1767,1.8865,0.6,RANGE
2026-06-23,C4_Top5,DOWN,5,0.4,0.2,0.2,1.9088,2.4005,1.0055,0.4,RANGE
2026-06-23,C5_Top5,DOWN,5,0.6,0.2,0.2,1.5682,2.469,0.1871,0.0,RANGE
2026-06-23,Random_5,DOWN,5,0.4,0.2,0.2,2.1418,1.5454,1.1071,0.2,RANGE
2026-06-24,V3_20,UP,20,0.4,0.15,0.15,2.0437,1.7718,1.7733,0.4,RANGE
2026-06-24,A_V3_Top5,UP,5,0.6,0.2,0.2,2.3898,2.6189,1.5897,0.2,RANGE
2026-06-24,A_V3_Top6,UP,6,0.5,0.1667,0.1667,2.3898,1.35,2.1571,0.3333,RANGE
2026-06-24,C1_Top5,UP,5,0.6,0.2,0.2,2.2891,2.5179,1.991,0.2,RANGE
2026-06-24,C1_Top6,UP,6,0.5,0.1667,0.1667,2.2891,2.3345,2.3791,0.3333,RANGE
2026-06-24,C2_Top5,UP,5,0.4,0.2,0.2,1.6924,2.202,1.5104,0.2,RANGE
2026-06-24,C2_Top6,UP,6,0.5,0.1667,0.1667,1.7772,2.2844,1.4016,0.1667,RANGE
2026-06-24,C3_Top5,UP,5,0.6,0.2,0.2,2.3898,2.6189,1.5897,0.2,RANGE
2026-06-24,C4_Top5,UP,5,0.6,0.2,0.2,2.2891,2.5179,1.991,0.2,RANGE
2026-06-24,C5_Top5,UP,5,0.4,0.2,0.2,1.6924,2.202,1.5104,0.2,RANGE
2026-06-24,Random_5,UP,5,0.6,0.0,0.0,0.7951,1.5121,1.5622,0.2,RANGE
2026-06-24,V3_20,DOWN,20,0.65,0.35,0.25,2.4305,1.9469,1.0799,0.15,RANGE
2026-06-24,A_V3_Top5,DOWN,5,0.6,0.4,0.0,2.0507,1.6638,1.8415,0.2,RANGE
2026-06-24,A_V3_Top6,DOWN,6,0.6667,0.3333,0.0,1.7353,1.655,1.4896,0.1667,RANGE
2026-06-24,C1_Top5,DOWN,5,0.8,0.6,0.6,2.9381,3.538,-0.4789,0.0,RANGE
2026-06-24,C1_Top6,DOWN,6,0.8333,0.6667,0.6667,3.2915,3.7684,-0.7028,0.0,RANGE
2026-06-24,C2_Top5,DOWN,5,1.0,0.8,0.8,3.2915,3.7355,-1.1014,0.0,RANGE
2026-06-24,C2_Top6,DOWN,6,0.8333,0.6667,0.6667,3.2915,3.7684,-0.7028,0.0,RANGE
2026-06-24,C3_Top5,DOWN,5,0.6,0.6,0.4,3.7844,2.6797,0.7709,0.2,RANGE
2026-06-24,C4_Top5,DOWN,5,0.8,0.6,0.6,2.9381,3.538,-0.4789,0.0,RANGE
2026-06-24,C5_Top5,DOWN,5,1.0,0.8,0.8,3.2915,3.7355,-1.1014,0.0,RANGE
2026-06-24,Random_5,DOWN,5,0.6,0.2,0.2,1.8735,1.0454,1.3453,0.2,RANGE
2026-06-25,V3_20,UP,20,0.0,0.0,0.0,,0.0,0.0,0.0,RANGE
2026-06-25,A_V3_Top5,UP,5,0.0,0.0,0.0,,0.0,0.0,0.0,RANGE
2026-06-25,A_V3_Top6,UP,6,0.0,0.0,0.0,,0.0,0.0,0.0,RANGE
2026-06-25,C1_Top5,UP,5,0.0,0.0,0.0,,0.0,0.0,0.0,RANGE
2026-06-25,C1_Top6,UP,6,0.0,0.0,0.0,,0.0,0.0,0.0,RANGE
2026-06-25,C2_Top5,UP,5,0.0,0.0,0.0,,0.0,0.0,0.0,RANGE
2026-06-25,C2_Top6,UP,6,0.0,0.0,0.0,,0.0,0.0,0.0,RANGE
2026-06-25,C3_Top5,UP,5,0.0,0.0,0.0,,0.0,0.0,0.0,RANGE
2026-06-25,C4_Top5,UP,5,0.0,0.0,0.0,,0.0,0.0,0.0,RANGE
2026-06-25,C5_Top5,UP,5,0.0,0.0,0.0,,0.0,0.0,0.0,RANGE
2026-06-25,Random_5,UP,5,0.0,0.0,0.0,,0.0,0.0,0.0,RANGE
2026-06-25,V3_20,DOWN,20,0.0,0.0,0.0,,0.0,0.0,0.0,RANGE
2026-06-25,A_V3_Top5,DOWN,5,0.0,0.0,0.0,,0.0,0.0,0.0,RANGE
2026-06-25,A_V3_Top6,DOWN,6,0.0,0.0,0.0,,0.0,0.0,0.0,RANGE
2026-06-25,C1_Top5,DOWN,5,0.0,0.0,0.0,,0.0,0.0,0.0,RANGE
2026-06-25,C1_Top6,DOWN,6,0.0,0.0,0.0,,0.0,0.0,0.0,RANGE
2026-06-25,C2_Top5,DOWN,5,0.0,0.0,0.0,,0.0,0.0,0.0,RANGE
2026-06-25,C2_Top6,DOWN,6,0.0,0.0,0.0,,0.0,0.0,0.0,RANGE
2026-06-25,C3_Top5,DOWN,5,0.0,0.0,0.0,,0.0,0.0,0.0,RANGE
2026-06-25,C4_Top5,DOWN,5,0.0,0.0,0.0,,0.0,0.0,0.0,RANGE
2026-06-25,C5_Top5,DOWN,5,0.0,0.0,0.0,,0.0,0.0,0.0,RANGE
2026-06-25,Random_5,DOWN,5,0.0,0.0,0.0,,0.0,0.0,0.0,RANGE
2026-06-29,V3_20,UP,20,0.65,0.1,0.0,1.001,1.2074,1.6244,0.15,RANGE
2026-06-29,A_V3_Top5,UP,5,1.0,0.2,0.0,1.0173,1.9394,2.0051,0.0,RANGE
2026-06-29,A_V3_Top6,UP,6,1.0,0.1667,0.0,1.0377,1.8616,1.8409,0.0,RANGE
2026-06-29,C1_Top5,UP,5,1.0,0.4,0.0,1.1603,2.1593,1.2093,0.0,RANGE
2026-06-29,C1_Top6,UP,6,1.0,0.3333,0.0,1.1153,2.0812,1.0454,0.0,RANGE
2026-06-29,C2_Top5,UP,5,1.0,0.0,0.0,0.4466,1.3985,1.3792,0.0,RANGE
2026-06-29,C2_Top6,UP,6,1.0,0.0,0.0,0.5206,1.4473,1.1869,0.0,RANGE
2026-06-29,C3_Top5,UP,5,1.0,0.2,0.0,1.0173,1.9394,2.0051,0.0,RANGE
2026-06-29,C4_Top5,UP,5,1.0,0.4,0.0,1.1603,2.1593,1.2093,0.0,RANGE
2026-06-29,C5_Top5,UP,5,1.0,0.0,0.0,0.4466,1.3985,1.3792,0.0,RANGE
2026-06-29,Random_5,UP,5,0.6,0.2,0.0,1.1321,1.3982,2.5193,0.2,RANGE
2026-06-29,V3_20,DOWN,20,0.55,0.1,0.0,1.2592,1.2363,1.8746,0.3,RANGE
2026-06-29,A_V3_Top5,DOWN,5,0.4,0.0,0.0,1.0322,0.45,3.8813,0.4,RANGE
2026-06-29,A_V3_Top6,DOWN,6,0.5,0.0,0.0,0.7176,0.4522,3.3797,0.3333,RANGE
2026-06-29,C1_Top5,DOWN,5,0.6,0.4,0.0,2.1204,1.9217,1.3264,0.4,RANGE
2026-06-29,C1_Top6,DOWN,6,0.6667,0.3333,0.0,1.9242,1.9821,1.0673,0.3333,RANGE
2026-06-29,C2_Top5,DOWN,5,0.8,0.2,0.0,1.5364,2.2853,0.1618,0.2,RANGE
2026-06-29,C2_Top6,DOWN,6,0.6667,0.1667,0.0,1.5364,1.9044,0.8052,0.3333,RANGE
2026-06-29,C3_Top5,DOWN,5,0.4,0.0,0.0,1.0322,0.45,3.8813,0.4,RANGE
2026-06-29,C4_Top5,DOWN,5,0.6,0.4,0.0,2.1204,1.9217,1.3264,0.4,RANGE
2026-06-29,C5_Top5,DOWN,5,0.8,0.2,0.0,1.5364,2.2853,0.1618,0.2,RANGE
2026-06-29,Random_5,DOWN,5,0.2,0.0,0.0,0.9508,0.2042,4.1949,0.6,RANGE
2026-06-30,V3_20,UP,20,0.45,0.2,0.2,2.4073,2.3827,1.3121,0.25,RANGE
2026-06-30,A_V3_Top5,UP,5,0.4,0.2,0.2,2.8883,2.4975,1.6854,0.4,RANGE
2026-06-30,A_V3_Top6,UP,6,0.3333,0.1667,0.1667,2.8883,2.3116,1.7846,0.5,RANGE
2026-06-30,C1_Top5,UP,5,0.4,0.4,0.4,4.3459,3.4326,0.8336,0.4,RANGE
2026-06-30,C1_Top6,UP,6,0.3333,0.3333,0.3333,4.3459,3.1833,0.833,0.3333,RANGE
2026-06-30,C2_Top5,UP,5,0.4,0.4,0.4,4.431,3.1479,0.8922,0.4,RANGE
2026-06-30,C2_Top6,UP,6,0.5,0.5,0.5,4.1904,3.765,0.6772,0.3333,RANGE
2026-06-30,C3_Top5,UP,5,0.4,0.2,0.2,2.8883,2.4975,1.6854,0.4,RANGE
2026-06-30,C4_Top5,UP,5,0.4,0.4,0.4,4.3459,3.4326,0.8336,0.4,RANGE
2026-06-30,C5_Top5,UP,5,0.4,0.4,0.4,4.431,3.1479,0.8922,0.4,RANGE
2026-06-30,Random_5,UP,5,0.2,0.2,0.2,5.3539,3.1336,1.7418,0.6,RANGE
2026-06-30,V3_20,DOWN,20,0.6,0.2,0.1,2.7683,2.2154,0.8032,0.0,RANGE
2026-06-30,A_V3_Top5,DOWN,5,1.0,0.2,0.2,1.5614,2.5386,0.8507,0.0,RANGE
2026-06-30,A_V3_Top6,DOWN,6,0.8333,0.1667,0.1667,1.5614,2.1725,1.0036,0.0,RANGE
2026-06-30,C1_Top5,DOWN,5,1.0,0.6,0.4,5.1066,5.5434,-1.1303,0.0,RANGE
2026-06-30,C1_Top6,DOWN,6,1.0,0.5,0.3333,4.2818,4.7105,-0.5573,0.0,RANGE
2026-06-30,C2_Top5,DOWN,5,0.8,0.6,0.4,6.4141,5.5552,-1.4492,0.0,RANGE
2026-06-30,C2_Top6,DOWN,6,0.8333,0.5,0.3333,5.3483,4.8541,-0.9626,0.0,RANGE
2026-06-30,C3_Top5,DOWN,5,1.0,0.4,0.4,4.7159,5.6761,-1.3595,0.0,RANGE
2026-06-30,C4_Top5,DOWN,5,1.0,0.6,0.4,5.1066,5.5434,-1.1303,0.0,RANGE
2026-06-30,C5_Top5,DOWN,5,0.8,0.6,0.4,6.4141,5.5552,-1.4492,0.0,RANGE
2026-06-30,Random_5,DOWN,5,0.6,0.4,0.2,2.509,1.7867,1.2066,0.0,RANGE
2026-07-01,V3_20,UP,20,0.7,0.25,0.2,3.032,2.7621,0.7746,0.15,RANGE
2026-07-01,A_V3_Top5,UP,5,1.0,0.8,0.6,6.2832,6.6751,0.126,0.0,RANGE
2026-07-01,A_V3_Top6,UP,6,1.0,0.6667,0.5,5.3134,5.765,0.2156,0.0,RANGE
2026-07-01,C1_Top5,UP,5,1.0,0.6,0.6,6.1177,6.6513,0.0298,0.0,RANGE
2026-07-01,C1_Top6,UP,6,0.8333,0.5,0.5,6.1177,5.9242,0.344,0.1667,RANGE
2026-07-01,C2_Top5,UP,5,0.8,0.2,0.2,1.6101,2.3198,0.3734,0.2,RANGE
2026-07-01,C2_Top6,UP,6,0.8333,0.3333,0.3333,2.2239,2.7979,0.2198,0.1667,RANGE
2026-07-01,C3_Top5,UP,5,0.8,0.8,0.6,7.4828,6.7336,0.546,0.2,RANGE
2026-07-01,C4_Top5,UP,5,1.0,0.6,0.6,6.1177,6.6513,0.0298,0.0,RANGE
2026-07-01,C5_Top5,UP,5,0.8,0.2,0.2,1.6101,2.3198,0.3734,0.2,RANGE
2026-07-01,Random_5,UP,5,0.4,0.4,0.4,11.4951,4.8485,1.0027,0.2,RANGE
2026-07-01,V3_20,DOWN,20,0.15,0.0,0.0,0.9245,0.2661,2.7904,0.55,RANGE
2026-07-01,A_V3_Top5,DOWN,5,0.0,0.0,0.0,,0.3717,3.4587,0.6,RANGE
2026-07-01,A_V3_Top6,DOWN,6,0.0,0.0,0.0,,0.3656,3.1467,0.5,RANGE
2026-07-01,C1_Top5,DOWN,5,0.4,0.0,0.0,1.2284,1.061,1.8075,0.2,RANGE
2026-07-01,C1_Top6,DOWN,6,0.3333,0.0,0.0,1.2284,1.0917,2.0243,0.3333,RANGE
2026-07-01,C2_Top5,DOWN,5,0.4,0.0,0.0,1.2284,1.061,1.8075,0.2,RANGE
2026-07-01,C2_Top6,DOWN,6,0.3333,0.0,0.0,1.2284,1.0917,2.0243,0.3333,RANGE
2026-07-01,C3_Top5,DOWN,5,0.0,0.0,0.0,,0.3717,3.4587,0.6,RANGE
2026-07-01,C4_Top5,DOWN,5,0.4,0.0,0.0,1.2284,1.061,1.8075,0.2,RANGE
2026-07-01,C5_Top5,DOWN,5,0.4,0.0,0.0,1.2284,1.061,1.8075,0.2,RANGE
2026-07-01,Random_5,DOWN,5,0.0,0.0,0.0,,0.083,3.1043,0.6,RANGE
2026-07-02,V3_20,UP,20,0.5,0.2,0.1,2.3929,2.5387,1.2239,0.15,RANGE
2026-07-02,A_V3_Top5,UP,5,0.8,0.6,0.4,4.1822,5.1434,0.8911,0.0,RANGE
2026-07-02,A_V3_Top6,UP,6,0.6667,0.5,0.3333,4.1822,4.5331,1.0045,0.0,RANGE
2026-07-02,C1_Top5,UP,5,0.6,0.4,0.4,4.7014,4.7758,1.0347,0.0,RANGE
2026-07-02,C1_Top6,UP,6,0.6667,0.3333,0.3333,3.7713,4.2685,0.8552,0.0,RANGE
2026-07-02,C2_Top5,UP,5,0.6,0.4,0.4,4.7616,4.9921,1.1217,0.2,RANGE
2026-07-02,C2_Top6,UP,6,0.6667,0.3333,0.3333,3.6936,4.595,0.9482,0.1667,RANGE
2026-07-02,C3_Top5,UP,5,0.8,0.6,0.4,4.1822,5.1434,0.8911,0.0,RANGE
2026-07-02,C4_Top5,UP,5,0.6,0.4,0.4,4.7014,4.7758,1.0347,0.0,RANGE
2026-07-02,C5_Top5,UP,5,0.6,0.4,0.4,4.7616,4.9921,1.1217,0.2,RANGE
2026-07-02,Random_5,UP,5,0.4,0.2,0.2,1.8364,2.3372,2.1193,0.2,RANGE
2026-07-02,V3_20,DOWN,20,0.4,0.0,0.0,0.9563,0.6821,2.5515,0.55,RANGE
2026-07-02,A_V3_Top5,DOWN,5,0.2,0.0,0.0,0.0268,0.1186,3.6121,0.8,RANGE
2026-07-02,A_V3_Top6,DOWN,6,0.1667,0.0,0.0,0.0268,-0.1187,3.6847,0.8333,RANGE
2026-07-02,C1_Top5,DOWN,5,0.4,0.0,0.0,1.2281,1.8043,2.3289,0.6,RANGE
2026-07-02,C1_Top6,DOWN,6,0.5,0.0,0.0,1.3571,1.8828,2.1987,0.5,RANGE
2026-07-02,C2_Top5,DOWN,5,0.4,0.0,0.0,1.4547,1.9641,2.4986,0.6,RANGE
2026-07-02,C2_Top6,DOWN,6,0.3333,0.0,0.0,1.4547,1.7126,2.5266,0.6667,RANGE
2026-07-02,C3_Top5,DOWN,5,0.2,0.0,0.0,0.0268,0.9672,3.5868,0.8,RANGE
2026-07-02,C4_Top5,DOWN,5,0.4,0.0,0.0,1.2281,1.8043,2.3289,0.6,RANGE
2026-07-02,C5_Top5,DOWN,5,0.4,0.0,0.0,1.4547,1.9641,2.4986,0.6,RANGE
2026-07-02,Random_5,DOWN,5,0.4,0.0,0.0,1.0442,0.4413,2.2619,0.6,RANGE
2026-07-03,V3_20,UP,20,0.35,0.15,0.0,1.3504,1.3137,1.9438,0.25,RANGE
2026-07-03,A_V3_Top5,UP,5,0.4,0.0,0.0,0.623,1.0076,4.0572,0.6,RANGE
2026-07-03,A_V3_Top6,UP,6,0.3333,0.0,0.0,0.623,0.8863,3.7228,0.5,RANGE
2026-07-03,C1_Top5,UP,5,0.4,0.2,0.0,1.7196,1.5496,1.0692,0.2,RANGE
2026-07-03,C1_Top6,UP,6,0.5,0.3333,0.0,1.8558,1.7959,0.902,0.1667,RANGE
2026-07-03,C2_Top5,UP,5,0.6,0.6,0.0,2.3598,2.2502,0.3912,0.0,RANGE
2026-07-03,C2_Top6,UP,6,0.5,0.5,0.0,2.3598,1.997,0.7644,0.1667,RANGE
2026-07-03,C3_Top5,UP,5,0.4,0.0,0.0,0.623,1.0076,4.0572,0.6,RANGE
2026-07-03,C4_Top5,UP,5,0.4,0.2,0.0,1.7196,1.5496,1.0692,0.2,RANGE
2026-07-03,C5_Top5,UP,5,0.6,0.6,0.0,2.3598,2.2502,0.3912,0.0,RANGE
2026-07-03,Random_5,UP,5,0.6,0.0,0.0,0.4821,1.0675,2.1553,0.2,RANGE
2026-07-03,V3_20,DOWN,20,0.6,0.0,0.0,0.7989,1.5635,1.7626,0.35,RANGE
2026-07-03,A_V3_Top5,DOWN,5,0.4,0.0,0.0,0.6329,1.337,1.765,0.4,RANGE
2026-07-03,A_V3_Top6,DOWN,6,0.3333,0.0,0.0,0.6329,1.9474,2.304,0.5,RANGE
2026-07-03,C1_Top5,DOWN,5,0.4,0.0,0.0,0.9046,2.8724,2.5008,0.6,RANGE
2026-07-03,C1_Top6,DOWN,6,0.3333,0.0,0.0,0.9046,2.4199,2.3914,0.6667,RANGE
2026-07-03,C2_Top5,DOWN,5,0.4,0.0,0.0,0.4576,2.8602,2.5511,0.6,RANGE
2026-07-03,C2_Top6,DOWN,6,0.5,0.0,0.0,0.6882,2.6194,2.1703,0.5,RANGE
2026-07-03,C3_Top5,DOWN,5,0.4,0.0,0.0,0.6329,1.337,1.765,0.4,RANGE
2026-07-03,C4_Top5,DOWN,5,0.4,0.0,0.0,0.9046,2.8724,2.5008,0.6,RANGE
2026-07-03,C5_Top5,DOWN,5,0.4,0.0,0.0,0.4576,2.8602,2.5511,0.6,RANGE
2026-07-03,Random_5,DOWN,5,0.4,0.0,0.0,0.1778,1.5985,2.1357,0.6,RANGE
2026-07-06,V3_20,UP,20,0.4,0.05,0.05,1.1994,1.5907,2.2414,0.4,RANGE
2026-07-06,A_V3_Top5,UP,5,0.2,0.0,0.0,0.9186,0.8662,3.4697,0.8,RANGE
2026-07-06,A_V3_Top6,UP,6,0.3333,0.0,0.0,1.3281,1.144,2.9612,0.6667,RANGE
2026-07-06,C1_Top5,UP,5,0.4,0.2,0.2,2.6607,1.8558,1.0342,0.2,RANGE
2026-07-06,C1_Top6,UP,6,0.5,0.1667,0.1667,2.08,2.0586,1.0475,0.1667,RANGE
2026-07-06,C2_Top5,UP,5,0.4,0.2,0.2,2.6607,1.8558,1.0342,0.2,RANGE
2026-07-06,C2_Top6,UP,6,0.3333,0.1667,0.1667,2.6607,1.6962,1.8226,0.3333,RANGE
2026-07-06,C3_Top5,UP,5,0.2,0.0,0.0,0.9186,0.8662,3.4697,0.8,RANGE
2026-07-06,C4_Top5,UP,5,0.4,0.2,0.2,2.6607,1.8558,1.0342,0.2,RANGE
2026-07-06,C5_Top5,UP,5,0.4,0.2,0.2,2.6607,1.8558,1.0342,0.2,RANGE
2026-07-06,Random_5,UP,5,0.2,0.0,0.0,1.2329,1.2544,3.0447,0.4,RANGE
2026-07-06,V3_20,DOWN,20,0.55,0.2,0.05,1.8269,1.7562,1.0524,0.2,RANGE
2026-07-06,A_V3_Top5,DOWN,5,0.6,0.4,0.2,3.1413,2.2219,0.362,0.0,RANGE
2026-07-06,A_V3_Top6,DOWN,6,0.5,0.3333,0.1667,3.1413,2.1647,0.6717,0.1667,RANGE
2026-07-06,C1_Top5,DOWN,5,0.4,0.2,0.2,2.9855,1.8127,1.726,0.6,RANGE
2026-07-06,C1_Top6,DOWN,6,0.5,0.3333,0.1667,2.6935,1.9764,1.3655,0.5,RANGE
2026-07-06,C2_Top5,DOWN,5,0.6,0.4,0.2,2.6935,1.9959,1.1945,0.4,RANGE
2026-07-06,C2_Top6,DOWN,6,0.5,0.3333,0.1667,2.6935,1.9764,1.3655,0.5,RANGE
2026-07-06,C3_Top5,DOWN,5,0.6,0.4,0.2,3.1413,2.2219,0.362,0.0,RANGE
2026-07-06,C4_Top5,DOWN,5,0.4,0.2,0.2,2.9855,1.8127,1.726,0.6,RANGE
2026-07-06,C5_Top5,DOWN,5,0.6,0.4,0.2,2.6935,1.9959,1.1945,0.4,RANGE
2026-07-06,Random_5,DOWN,5,0.4,0.2,0.0,2.2551,1.3746,1.1541,0.0,RANGE
2026-07-07,V3_20,UP,20,0.1,0.0,0.0,0.9793,0.8562,3.0097,0.7,BULL
2026-07-07,A_V3_Top5,UP,5,0.4,0.0,0.0,0.9793,1.3963,2.8985,0.6,BULL
2026-07-07,A_V3_Top6,UP,6,0.3333,0.0,0.0,0.9793,1.2864,2.5305,0.5,BULL
2026-07-07,C1_Top5,UP,5,0.2,0.0,0.0,1.6861,1.5682,1.3277,0.4,BULL
2026-07-07,C1_Top6,UP,6,0.1667,0.0,0.0,1.6861,1.4796,1.3448,0.3333,BULL
2026-07-07,C2_Top5,UP,5,0.2,0.0,0.0,1.6861,1.522,1.6704,0.4,BULL
2026-07-07,C2_Top6,UP,6,0.1667,0.0,0.0,1.6861,1.4092,1.6814,0.3333,BULL
2026-07-07,C3_Top5,UP,5,0.4,0.0,0.0,0.9793,1.3963,2.8985,0.6,BULL
2026-07-07,C4_Top5,UP,5,0.2,0.0,0.0,1.6861,1.5682,1.3277,0.4,BULL
2026-07-07,C5_Top5,UP,5,0.2,0.0,0.0,1.6861,1.522,1.6704,0.4,BULL
2026-07-07,Random_5,UP,5,0.4,0.0,0.0,0.9793,1.815,2.562,0.6,BULL
2026-07-07,V3_20,DOWN,20,0.95,0.5,0.1,2.0288,2.7057,0.9938,0.05,BULL
2026-07-07,A_V3_Top5,DOWN,5,1.0,0.4,0.2,2.2772,2.8582,0.6986,0.0,BULL
2026-07-07,A_V3_Top6,DOWN,6,1.0,0.5,0.1667,2.3593,3.0432,0.9048,0.0,BULL
2026-07-07,C1_Top5,DOWN,5,1.0,0.6,0.2,2.7394,3.286,-0.0039,0.0,BULL
2026-07-07,C1_Top6,DOWN,6,1.0,0.5,0.1667,2.2997,2.9771,0.1235,0.0,BULL
2026-07-07,C2_Top5,DOWN,5,1.0,1.0,0.4,3.224,3.5941,-0.8041,0.0,BULL
2026-07-07,C2_Top6,DOWN,6,1.0,1.0,0.3333,3.1583,3.5568,-0.7841,0.0,BULL
2026-07-07,C3_Top5,DOWN,5,1.0,0.4,0.2,2.2772,2.8582,0.6986,0.0,BULL
2026-07-07,C4_Top5,DOWN,5,1.0,0.6,0.2,2.7394,3.286,-0.0039,0.0,BULL
2026-07-07,C5_Top5,DOWN,5,1.0,1.0,0.4,3.224,3.5941,-0.8041,0.0,BULL
2026-07-07,Random_5,DOWN,5,1.0,0.6,0.0,1.9583,2.6599,0.0826,0.0,BULL
2026-07-08,V3_20,UP,20,0.7,0.3,0.2,3.1275,3.1057,0.9673,0.1,RANGE
2026-07-08,A_V3_Top5,UP,5,0.8,0.4,0.4,3.3241,3.8106,0.6043,0.2,RANGE
2026-07-08,A_V3_Top6,UP,6,0.8333,0.3333,0.3333,2.9669,3.5951,0.5614,0.1667,RANGE
2026-07-08,C1_Top5,UP,5,0.8,0.4,0.2,2.4707,2.8153,0.5692,0.2,RANGE
2026-07-08,C1_Top6,UP,6,0.8333,0.5,0.3333,2.578,3.0834,0.4352,0.1667,RANGE
2026-07-08,C2_Top5,UP,5,1.0,0.6,0.4,2.578,3.3436,-0.0263,0.0,RANGE
2026-07-08,C2_Top6,UP,6,0.8333,0.5,0.3333,2.578,3.0834,0.4352,0.1667,RANGE
2026-07-08,C3_Top5,UP,5,0.8,0.4,0.4,3.3241,3.8106,0.6043,0.2,RANGE
2026-07-08,C4_Top5,UP,5,0.8,0.4,0.2,2.4707,2.8153,0.5692,0.2,RANGE
2026-07-08,C5_Top5,UP,5,1.0,0.6,0.4,2.578,3.3436,-0.0263,0.0,RANGE
2026-07-08,Random_5,UP,5,0.4,0.0,0.0,1.4017,1.3932,1.8988,0.4,RANGE
2026-07-08,V3_20,DOWN,20,0.15,0.0,0.0,1.3965,0.7897,2.3845,0.65,RANGE
2026-07-08,A_V3_Top5,DOWN,5,0.2,0.0,0.0,1.9317,1.9504,2.5504,0.6,RANGE
2026-07-08,A_V3_Top6,DOWN,6,0.1667,0.0,0.0,1.9317,1.7024,2.5401,0.6667,RANGE
2026-07-08,C1_Top5,DOWN,5,0.0,0.0,0.0,,1.2271,3.0879,0.6,RANGE
2026-07-08,C1_Top6,DOWN,6,0.0,0.0,0.0,,1.0161,2.9738,0.6667,RANGE
2026-07-08,C2_Top5,DOWN,5,0.0,0.0,0.0,,1.3524,3.3013,0.8,RANGE
2026-07-08,C2_Top6,DOWN,6,0.0,0.0,0.0,,1.1373,3.1389,0.8333,RANGE
2026-07-08,C3_Top5,DOWN,5,0.2,0.0,0.0,1.9317,1.9504,2.5504,0.6,RANGE
2026-07-08,C4_Top5,DOWN,5,0.0,0.0,0.0,,1.2271,3.0879,0.6,RANGE
2026-07-08,C5_Top5,DOWN,5,0.0,0.0,0.0,,1.3524,3.3013,0.8,RANGE
2026-07-08,Random_5,DOWN,5,0.0,0.0,0.0,,0.1654,2.4726,0.8,RANGE
2026-07-09,V3_20,UP,20,0.95,0.35,0.2,2.1958,3.6369,-0.2037,0.0,RANGE
2026-07-09,A_V3_Top5,UP,5,1.0,0.4,0.4,2.8121,4.7019,-0.1106,0.0,RANGE
2026-07-09,A_V3_Top6,UP,6,1.0,0.3333,0.3333,2.4547,4.2523,-0.0235,0.0,RANGE
2026-07-09,C1_Top5,UP,5,1.0,0.4,0.4,2.8121,4.7019,-0.1106,0.0,RANGE
2026-07-09,C1_Top6,UP,6,1.0,0.3333,0.3333,2.4547,4.2523,-0.0235,0.0,RANGE
2026-07-09,C2_Top5,UP,5,1.0,0.4,0.4,3.2079,5.0782,-0.7553,0.0,RANGE
2026-07-09,C2_Top6,UP,6,1.0,0.5,0.5,3.5065,5.0651,-0.8815,0.0,RANGE
2026-07-09,C3_Top5,UP,5,1.0,0.4,0.4,3.0149,4.9919,-0.1231,0.0,RANGE
2026-07-09,C4_Top5,UP,5,1.0,0.4,0.4,2.8121,4.7019,-0.1106,0.0,RANGE
2026-07-09,C5_Top5,UP,5,1.0,0.4,0.4,3.2079,5.0782,-0.7553,0.0,RANGE
2026-07-09,Random_5,UP,5,0.8,0.8,0.6,5.2285,5.1674,-0.1944,0.0,RANGE
2026-07-09,V3_20,DOWN,20,0.15,0.05,0.05,2.0941,0.3503,3.4145,0.65,RANGE
2026-07-09,A_V3_Top5,DOWN,5,0.4,0.2,0.2,2.4944,1.1342,4.1389,0.4,RANGE
2026-07-09,A_V3_Top6,DOWN,6,0.3333,0.1667,0.1667,2.4944,1.0631,4.3121,0.5,RANGE
2026-07-09,C1_Top5,DOWN,5,0.4,0.2,0.2,2.4944,1.3934,1.6678,0.4,RANGE
2026-07-09,C1_Top6,DOWN,6,0.3333,0.1667,0.1667,2.4944,0.9451,3.9379,0.5,RANGE
2026-07-09,C2_Top5,DOWN,5,0.4,0.2,0.2,2.4944,1.4167,1.7184,0.4,RANGE
2026-07-09,C2_Top6,DOWN,6,0.3333,0.1667,0.1667,2.4944,1.1356,1.9083,0.5,RANGE
2026-07-09,C3_Top5,DOWN,5,0.4,0.2,0.2,2.4944,1.1342,4.1389,0.4,RANGE
2026-07-09,C4_Top5,DOWN,5,0.4,0.2,0.2,2.4944,1.3934,1.6678,0.4,RANGE
2026-07-09,C5_Top5,DOWN,5,0.4,0.2,0.2,2.4944,1.4167,1.7184,0.4,RANGE
2026-07-09,Random_5,DOWN,5,0.0,0.0,0.0,,-0.5205,6.6487,1.0,RANGE
2026-07-10,V3_20,UP,20,0.7,0.25,0.15,2.3994,3.1987,1.6855,0.2,RANGE
2026-07-10,A_V3_Top5,UP,5,1.0,0.6,0.6,4.5273,7.5741,1.1173,0.0,RANGE
2026-07-10,A_V3_Top6,UP,6,1.0,0.5,0.5,3.8482,6.5826,1.145,0.0,RANGE
2026-07-10,C1_Top5,UP,5,0.6,0.0,0.0,0.8723,2.8805,1.9254,0.2,RANGE
2026-07-10,C1_Top6,UP,6,0.5,0.0,0.0,0.8723,2.5315,1.9342,0.3333,RANGE
2026-07-10,C2_Top5,UP,5,0.6,0.0,0.0,0.7988,2.6634,2.12,0.2,RANGE
2026-07-10,C2_Top6,UP,6,0.6667,0.0,0.0,0.8625,2.5511,1.9558,0.1667,RANGE
2026-07-10,C3_Top5,UP,5,1.0,0.6,0.6,4.5273,7.5741,1.1173,0.0,RANGE
2026-07-10,C4_Top5,UP,5,0.6,0.0,0.0,0.8723,2.8805,1.9254,0.2,RANGE
2026-07-10,C5_Top5,UP,5,0.6,0.0,0.0,0.7988,2.6634,2.12,0.2,RANGE
2026-07-10,Random_5,UP,5,0.8,0.6,0.4,3.8142,5.2015,2.0523,0.2,RANGE
2026-07-10,V3_20,DOWN,20,0.55,0.05,0.0,1.0319,1.853,1.2267,0.3,RANGE
2026-07-10,A_V3_Top5,DOWN,5,0.2,0.0,0.0,0.7876,1.4611,3.4645,0.8,RANGE
2026-07-10,A_V3_Top6,DOWN,6,0.1667,0.0,0.0,0.7876,1.4891,3.1262,0.6667,RANGE
2026-07-10,C1_Top5,DOWN,5,0.4,0.0,0.0,0.9932,2.4568,2.2466,0.4,RANGE
2026-07-10,C1_Top6,DOWN,6,0.3333,0.0,0.0,0.9932,2.4799,2.0158,0.3333,RANGE
2026-07-10,C2_Top5,DOWN,5,0.4,0.0,0.0,0.9932,2.5017,0.8857,0.4,RANGE
2026-07-10,C2_Top6,DOWN,6,0.5,0.0,0.0,1.2635,2.714,0.6226,0.3333,RANGE
2026-07-10,C3_Top5,DOWN,5,0.2,0.0,0.0,0.7876,1.8669,2.6458,0.6,RANGE
2026-07-10,C4_Top5,DOWN,5,0.4,0.0,0.0,0.9932,2.4568,2.2466,0.4,RANGE
2026-07-10,C5_Top5,DOWN,5,0.4,0.0,0.0,0.9932,2.5017,0.8857,0.4,RANGE
2026-07-10,Random_5,DOWN,5,0.6,0.0,0.0,0.6883,1.9082,1.4345,0.2,RANGE
2026-07-13,V3_20,UP,20,0.25,0.1,0.05,1.6266,1.5384,2.2282,0.45,RANGE
2026-07-13,A_V3_Top5,UP,5,0.4,0.4,0.2,3.226,3.1901,1.7301,0.4,RANGE
2026-07-13,A_V3_Top6,UP,6,0.3333,0.3333,0.1667,3.226,2.6634,2.2977,0.5,RANGE
2026-07-13,C1_Top5,UP,5,0.2,0.2,0.2,3.7403,2.4605,2.7246,0.6,RANGE
2026-07-13,C1_Top6,UP,6,0.3333,0.1667,0.1667,2.1907,2.32,2.4187,0.5,RANGE
2026-07-13,C2_Top5,UP,5,0.4,0.2,0.2,2.1907,2.6755,2.4086,0.4,RANGE
2026-07-13,C2_Top6,UP,6,0.3333,0.1667,0.1667,2.1907,2.506,2.1649,0.3333,RANGE
2026-07-13,C3_Top5,UP,5,0.4,0.4,0.2,3.226,3.1901,1.7301,0.4,RANGE
2026-07-13,C4_Top5,UP,5,0.2,0.2,0.2,3.7403,2.4605,2.7246,0.6,RANGE
2026-07-13,C5_Top5,UP,5,0.4,0.2,0.2,2.1907,2.6755,2.4086,0.4,RANGE
2026-07-13,Random_5,UP,5,0.2,0.2,0.2,3.7403,1.8948,2.8374,0.6,RANGE
2026-07-13,V3_20,DOWN,20,0.75,0.2,0.05,1.7342,2.5593,0.451,0.2,RANGE
2026-07-13,A_V3_Top5,DOWN,5,0.6,0.2,0.0,1.7118,1.7393,0.2609,0.2,RANGE
2026-07-13,A_V3_Top6,DOWN,6,0.6667,0.1667,0.0,1.4994,2.1118,0.2112,0.1667,RANGE
2026-07-13,C1_Top5,DOWN,5,0.8,0.2,0.0,1.4994,3.3403,0.5364,0.2,RANGE
2026-07-13,C1_Top6,DOWN,6,0.8333,0.1667,0.0,1.5621,3.1837,0.5028,0.1667,RANGE
2026-07-13,C2_Top5,DOWN,5,0.8,0.2,0.0,1.2894,3.5394,0.611,0.2,RANGE
2026-07-13,C2_Top6,DOWN,6,0.8333,0.3333,0.1667,1.7011,3.6626,0.3314,0.1667,RANGE
2026-07-13,C3_Top5,DOWN,5,0.4,0.2,0.0,1.8156,2.4104,1.1077,0.4,RANGE
2026-07-13,C4_Top5,DOWN,5,0.8,0.2,0.0,1.4994,3.3403,0.5364,0.2,RANGE
2026-07-13,C5_Top5,DOWN,5,0.8,0.2,0.0,1.2894,3.5394,0.611,0.2,RANGE
2026-07-13,Random_5,DOWN,5,0.6,0.2,0.0,2.0404,2.6366,0.7122,0.2,RANGE
2026-07-14,V3_20,UP,20,0.5,0.1,0.1,1.6521,2.2097,1.4536,0.2,RANGE
2026-07-14,A_V3_Top5,UP,5,0.4,0.2,0.2,1.8867,1.5185,1.6323,0.2,RANGE
2026-07-14,A_V3_Top6,UP,6,0.5,0.1667,0.1667,1.3661,1.8325,1.4463,0.1667,RANGE
2026-07-14,C1_Top5,UP,5,0.8,0.2,0.2,1.1348,2.213,0.8264,0.0,RANGE
2026-07-14,C1_Top6,UP,6,0.6667,0.1667,0.1667,1.1348,2.0086,0.9216,0.0,RANGE
2026-07-14,C2_Top5,UP,5,1.0,0.4,0.4,2.4567,4.7433,0.9633,0.0,RANGE
2026-07-14,C2_Top6,UP,6,0.8333,0.3333,0.3333,2.4567,4.1052,0.9909,0.0,RANGE
2026-07-14,C3_Top5,UP,5,0.4,0.2,0.2,1.8867,1.5185,1.6323,0.2,RANGE
2026-07-14,C4_Top5,UP,5,0.8,0.2,0.2,1.1348,2.213,0.8264,0.0,RANGE
2026-07-14,C5_Top5,UP,5,1.0,0.4,0.4,2.4567,4.7433,0.9633,0.0,RANGE
2026-07-14,Random_5,UP,5,0.4,0.2,0.2,2.5617,2.1636,2.0792,0.4,RANGE
2026-07-14,V3_20,DOWN,20,0.4,0.05,0.0,0.7525,0.5355,1.8502,0.25,RANGE
2026-07-14,A_V3_Top5,DOWN,5,0.6,0.2,0.0,1.356,1.0871,1.0256,0.0,RANGE
2026-07-14,A_V3_Top6,DOWN,6,0.5,0.1667,0.0,1.356,0.7868,1.6873,0.1667,RANGE
2026-07-14,C1_Top5,DOWN,5,0.4,0.2,0.0,1.8756,1.4775,0.931,0.0,RANGE
2026-07-14,C1_Top6,DOWN,6,0.5,0.1667,0.0,1.4921,1.4,0.8967,0.0,RANGE
2026-07-14,C2_Top5,DOWN,5,0.6,0.2,0.0,1.1575,1.3721,1.028,0.0,RANGE
2026-07-14,C2_Top6,DOWN,6,0.6667,0.1667,0.0,1.0777,1.3349,0.91,0.0,RANGE
2026-07-14,C3_Top5,DOWN,5,0.6,0.2,0.0,1.356,1.0871,1.0256,0.0,RANGE
2026-07-14,C4_Top5,DOWN,5,0.4,0.2,0.0,1.8756,1.4775,0.931,0.0,RANGE
2026-07-14,C5_Top5,DOWN,5,0.6,0.2,0.0,1.1575,1.3721,1.028,0.0,RANGE
2026-07-14,Random_5,DOWN,5,0.4,0.2,0.0,1.3639,0.7595,2.1785,0.4,RANGE
2026-07-15,V3_20,UP,20,0.55,0.15,0.1,2.013,2.7719,1.0848,0.15,RANGE
2026-07-15,A_V3_Top5,UP,5,0.2,0.0,0.0,1.4036,2.47,1.8588,0.4,RANGE
2026-07-15,A_V3_Top6,UP,6,0.1667,0.0,0.0,1.4036,2.3513,1.7975,0.3333,RANGE
2026-07-15,C1_Top5,UP,5,0.2,0.0,0.0,1.4036,2.5479,1.5878,0.4,RANGE
2026-07-15,C1_Top6,UP,6,0.3333,0.0,0.0,0.8178,2.2761,1.5335,0.3333,RANGE
2026-07-15,C2_Top5,UP,5,0.8,0.4,0.4,3.9086,5.5474,0.1015,0.2,RANGE
2026-07-15,C2_Top6,UP,6,0.8333,0.3333,0.3333,3.1733,4.7756,0.2949,0.1667,RANGE
2026-07-15,C3_Top5,UP,5,0.2,0.2,0.2,10.0718,4.5508,1.4311,0.4,RANGE
2026-07-15,C4_Top5,UP,5,0.2,0.0,0.0,1.4036,2.5479,1.5878,0.4,RANGE
2026-07-15,C5_Top5,UP,5,0.8,0.4,0.4,3.9086,5.5474,0.1015,0.2,RANGE
2026-07-15,Random_5,UP,5,0.6,0.2,0.0,1.0376,1.7949,2.1283,0.2,RANGE
2026-07-15,V3_20,DOWN,20,0.5,0.0,0.0,0.8363,0.6235,1.4182,0.2,RANGE
2026-07-15,A_V3_Top5,DOWN,5,0.6,0.0,0.0,0.8092,0.6916,1.3997,0.4,RANGE
2026-07-15,A_V3_Top6,DOWN,6,0.6667,0.0,0.0,0.7735,0.7211,1.1874,0.3333,RANGE
2026-07-15,C1_Top5,DOWN,5,1.0,0.0,0.0,0.76,1.1498,0.475,0.0,RANGE
2026-07-15,C1_Top6,DOWN,6,1.0,0.0,0.0,0.8585,1.2461,0.4771,0.0,RANGE
2026-07-15,C2_Top5,DOWN,5,1.0,0.0,0.0,0.76,1.1498,0.475,0.0,RANGE
2026-07-15,C2_Top6,DOWN,6,0.8333,0.0,0.0,0.76,1.0437,0.5005,0.0,RANGE
2026-07-15,C3_Top5,DOWN,5,0.6,0.0,0.0,0.8092,0.6916,1.3997,0.4,RANGE
2026-07-15,C4_Top5,DOWN,5,1.0,0.0,0.0,0.76,1.1498,0.475,0.0,RANGE
2026-07-15,C5_Top5,DOWN,5,1.0,0.0,0.0,0.76,1.1498,0.475,0.0,RANGE
2026-07-15,Random_5,DOWN,5,0.8,0.0,0.0,0.7808,0.8404,1.4482,0.2,RANGE
2026-07-16,V3_20,UP,20,0.3,0.15,0.15,2.2671,1.4234,2.1911,0.45,RANGE
2026-07-16,A_V3_Top5,UP,5,0.6,0.2,0.2,2.0013,2.5215,2.9817,0.4,RANGE
2026-07-16,A_V3_Top6,UP,6,0.5,0.1667,0.1667,2.0013,2.2019,3.1562,0.5,RANGE
2026-07-16,C1_Top5,UP,5,0.4,0.0,0.0,0.459,1.3932,2.8771,0.2,RANGE
2026-07-16,C1_Top6,UP,6,0.3333,0.0,0.0,0.459,1.2863,2.8291,0.3333,RANGE
2026-07-16,C2_Top5,UP,5,0.8,0.4,0.4,2.0381,2.8229,1.392,0.0,RANGE
2026-07-16,C2_Top6,UP,6,0.6667,0.3333,0.3333,2.0381,2.4778,1.5916,0.1667,RANGE
2026-07-16,C3_Top5,UP,5,0.6,0.2,0.2,2.0013,2.5215,2.9817,0.4,RANGE
2026-07-16,C4_Top5,UP,5,0.4,0.0,0.0,0.459,1.3932,2.8771,0.2,RANGE
2026-07-16,C5_Top5,UP,5,0.8,0.4,0.4,2.0381,2.8229,1.392,0.0,RANGE
2026-07-16,Random_5,UP,5,0.2,0.0,0.0,0.6692,1.2967,3.1844,0.4,RANGE
2026-07-16,V3_20,DOWN,20,0.6,0.15,0.1,1.4395,1.8855,0.9476,0.2,RANGE
2026-07-16,A_V3_Top5,DOWN,5,0.6,0.2,0.2,1.6924,2.1596,0.9276,0.0,RANGE
2026-07-16,A_V3_Top6,DOWN,6,0.6667,0.1667,0.1667,1.6784,2.1442,0.9594,0.0,RANGE
2026-07-16,C1_Top5,DOWN,5,0.6,0.2,0.2,1.7028,2.611,-0.3352,0.0,RANGE
2026-07-16,C1_Top6,DOWN,6,0.6667,0.1667,0.1667,1.5446,2.4424,-0.0683,0.0,RANGE
2026-07-16,C2_Top5,DOWN,5,0.6,0.2,0.2,1.7028,2.611,-0.3352,0.0,RANGE
2026-07-16,C2_Top6,DOWN,6,0.5,0.1667,0.1667,1.7028,2.3263,0.0208,0.0,RANGE
2026-07-16,C3_Top5,DOWN,5,0.8,0.4,0.4,2.2368,2.9784,0.1187,0.0,RANGE
2026-07-16,C4_Top5,DOWN,5,0.6,0.2,0.2,1.7028,2.611,-0.3352,0.0,RANGE
2026-07-16,C5_Top5,DOWN,5,0.6,0.2,0.2,1.7028,2.611,-0.3352,0.0,RANGE
2026-07-16,Random_5,DOWN,5,0.4,0.0,0.0,1.0741,1.0397,1.8908,0.4,RANGE
2026-07-17,V3_20,UP,20,0.65,0.0,0.0,0.6794,1.3477,1.0963,0.15,RANGE
2026-07-17,A_V3_Top5,UP,5,0.2,0.0,0.0,0.2225,1.0917,1.2073,0.4,RANGE
2026-07-17,A_V3_Top6,UP,6,0.1667,0.0,0.0,0.2225,1.0966,1.3677,0.5,RANGE
2026-07-17,C1_Top5,UP,5,0.4,0.0,0.0,0.5122,1.4383,0.6588,0.0,RANGE
2026-07-17,C1_Top6,UP,6,0.5,0.0,0.0,0.5736,1.46,0.732,0.0,RANGE
2026-07-17,C2_Top5,UP,5,0.6,0.0,0.0,0.5736,1.6719,0.4849,0.0,RANGE
2026-07-17,C2_Top6,UP,6,0.6667,0.0,0.0,0.6414,1.5827,0.5669,0.0,RANGE
2026-07-17,C3_Top5,UP,5,0.2,0.0,0.0,0.2225,1.0917,1.2073,0.4,RANGE
2026-07-17,C4_Top5,UP,5,0.4,0.0,0.0,0.5122,1.4383,0.6588,0.0,RANGE
2026-07-17,C5_Top5,UP,5,0.6,0.0,0.0,0.5736,1.6719,0.4849,0.0,RANGE
2026-07-17,Random_5,UP,5,0.8,0.0,0.0,0.4703,1.8065,0.9047,0.2,RANGE
2026-07-17,V3_20,DOWN,20,0.2,0.0,0.0,0.6439,0.8638,1.813,0.3,RANGE
2026-07-17,A_V3_Top5,DOWN,5,0.0,0.0,0.0,,0.8146,2.0627,0.4,RANGE
2026-07-17,A_V3_Top6,DOWN,6,0.0,0.0,0.0,,0.6396,2.1463,0.5,RANGE
2026-07-17,C1_Top5,DOWN,5,0.0,0.0,0.0,,1.8274,1.1539,0.2,RANGE
2026-07-17,C1_Top6,DOWN,6,0.0,0.0,0.0,,1.5894,1.1714,0.1667,RANGE
2026-07-17,C2_Top5,DOWN,5,0.0,0.0,0.0,,1.8274,1.1539,0.2,RANGE
2026-07-17,C2_Top6,DOWN,6,0.0,0.0,0.0,,1.6708,1.3488,0.3333,RANGE
2026-07-17,C3_Top5,DOWN,5,0.0,0.0,0.0,,1.2348,2.0597,0.4,RANGE
2026-07-17,C4_Top5,DOWN,5,0.0,0.0,0.0,,1.8274,1.1539,0.2,RANGE
2026-07-17,C5_Top5,DOWN,5,0.0,0.0,0.0,,1.8274,1.1539,0.2,RANGE
2026-07-17,Random_5,DOWN,5,0.0,0.0,0.0,,0.8791,2.0485,0.4,RANGE
2026-07-20,V3_20,UP,20,0.75,0.15,0.15,1.1557,1.7867,0.6399,0.05,RANGE
2026-07-20,A_V3_Top5,UP,5,1.0,0.2,0.2,1.1333,1.8747,0.4194,0.0,RANGE
2026-07-20,A_V3_Top6,UP,6,1.0,0.1667,0.1667,0.9614,1.891,0.5892,0.0,RANGE
2026-07-20,C1_Top5,UP,5,0.8,0.2,0.2,1.1989,1.7669,0.6411,0.0,RANGE
2026-07-20,C1_Top6,UP,6,0.8333,0.1667,0.1667,1.0991,2.0458,0.6393,0.0,RANGE
2026-07-20,C2_Top5,UP,5,1.0,0.4,0.4,1.8495,2.949,0.2357,0.0,RANGE
2026-07-20,C2_Top6,UP,6,1.0,0.3333,0.3333,1.6578,3.0309,0.3015,0.0,RANGE
2026-07-20,C3_Top5,UP,5,1.0,0.2,0.2,1.1333,1.8747,0.4194,0.0,RANGE
2026-07-20,C4_Top5,UP,5,0.8,0.2,0.2,1.1989,1.7669,0.6411,0.0,RANGE
2026-07-20,C5_Top5,UP,5,1.0,0.4,0.4,1.8495,2.949,0.2357,0.0,RANGE
2026-07-20,Random_5,UP,5,0.8,0.2,0.2,1.5275,1.5159,0.6773,0.2,RANGE
2026-07-20,V3_20,DOWN,20,0.25,0.1,0.0,1.3685,0.8341,2.0995,0.35,RANGE
2026-07-20,A_V3_Top5,DOWN,5,0.6,0.4,0.0,1.8976,1.6571,1.5351,0.2,RANGE
2026-07-20,A_V3_Top6,DOWN,6,0.5,0.3333,0.0,1.8976,1.4729,1.6741,0.3333,RANGE
2026-07-20,C1_Top5,DOWN,5,0.4,0.2,0.0,1.6637,1.2114,1.5865,0.2,RANGE
2026-07-20,C1_Top6,DOWN,6,0.3333,0.1667,0.0,1.6637,1.1015,1.717,0.3333,RANGE
2026-07-20,C2_Top5,DOWN,5,0.4,0.2,0.0,1.6637,1.159,1.7565,0.4,RANGE
2026-07-20,C2_Top6,DOWN,6,0.3333,0.1667,0.0,1.6637,1.031,1.9262,0.5,RANGE
2026-07-20,C3_Top5,DOWN,5,0.6,0.4,0.0,1.8976,1.6571,1.5351,0.2,RANGE
2026-07-20,C4_Top5,DOWN,5,0.4,0.2,0.0,1.6637,1.2114,1.5865,0.2,RANGE
2026-07-20,C5_Top5,DOWN,5,0.4,0.2,0.0,1.6637,1.159,1.7565,0.4,RANGE
2026-07-20,Random_5,DOWN,5,0.2,0.2,0.0,2.4385,0.9744,2.661,0.2,RANGE
2026-07-21,V3_20,UP,20,0.2,0.1,0.1,3.17,1.5909,1.7066,0.4,RANGE
2026-07-21,A_V3_Top5,UP,5,0.2,0.2,0.2,8.0892,2.6255,0.5554,0.2,RANGE
2026-07-21,A_V3_Top6,UP,6,0.1667,0.1667,0.1667,8.0892,2.3088,0.8702,0.3333,RANGE
2026-07-21,C1_Top5,UP,5,0.4,0.4,0.4,5.5689,3.566,0.1083,0.2,RANGE
2026-07-21,C1_Top6,UP,6,0.3333,0.3333,0.3333,5.5689,3.7386,0.3854,0.1667,RANGE
2026-07-21,C2_Top5,UP,5,0.4,0.4,0.4,5.5689,4.4169,0.272,0.2,RANGE
2026-07-21,C2_Top6,UP,6,0.3333,0.3333,0.3333,5.5689,3.8377,0.5061,0.1667,RANGE
2026-07-21,C3_Top5,UP,5,0.2,0.2,0.2,8.0892,2.6255,0.5554,0.2,RANGE
2026-07-21,C4_Top5,UP,5,0.4,0.4,0.4,5.5689,3.566,0.1083,0.2,RANGE
2026-07-21,C5_Top5,UP,5,0.4,0.4,0.4,5.5689,4.4169,0.272,0.2,RANGE
2026-07-21,Random_5,UP,5,0.4,0.4,0.4,5.5689,3.5496,0.0147,0.2,RANGE
2026-07-21,V3_20,DOWN,20,0.95,0.5,0.2,2.0007,2.9419,0.6131,0.05,RANGE
2026-07-21,A_V3_Top5,DOWN,5,1.0,0.8,0.2,2.5535,3.431,0.6744,0.0,RANGE
2026-07-21,A_V3_Top6,DOWN,6,1.0,0.6667,0.1667,2.1522,3.0025,0.7977,0.0,RANGE
2026-07-21,C1_Top5,DOWN,5,0.8,0.4,0.2,2.0648,2.996,0.2465,0.2,RANGE
2026-07-21,C1_Top6,DOWN,6,0.8333,0.5,0.1667,2.1349,3.1835,0.5379,0.1667,RANGE
2026-07-21,C2_Top5,DOWN,5,0.8,0.4,0.2,2.0648,2.996,0.2465,0.2,RANGE
2026-07-21,C2_Top6,DOWN,6,0.8333,0.3333,0.1667,1.8699,2.7397,0.2033,0.1667,RANGE
2026-07-21,C3_Top5,DOWN,5,1.0,0.8,0.2,2.5535,3.431,0.6744,0.0,RANGE
2026-07-21,C4_Top5,DOWN,5,0.8,0.4,0.2,2.0648,2.996,0.2465,0.2,RANGE
2026-07-21,C5_Top5,DOWN,5,0.8,0.4,0.2,2.0648,2.996,0.2465,0.2,RANGE
2026-07-21,Random_5,DOWN,5,1.0,0.2,0.0,1.3161,2.3476,0.7231,0.0,RANGE
2026-07-22,V3_20,UP,20,0.25,0.05,0.0,0.9765,0.8482,2.78,0.65,RANGE
2026-07-22,A_V3_Top5,UP,5,0.6,0.0,0.0,0.5644,1.726,2.0096,0.4,RANGE
2026-07-22,A_V3_Top6,UP,6,0.5,0.0,0.0,0.5644,1.016,2.7836,0.5,RANGE
2026-07-22,C1_Top5,UP,5,0.0,0.0,0.0,,0.7789,2.9129,0.8,RANGE
2026-07-22,C1_Top6,UP,6,0.1667,0.0,0.0,0.7386,1.4449,2.5085,0.6667,RANGE
2026-07-22,C2_Top5,UP,5,0.0,0.0,0.0,,0.7789,2.9129,0.8,RANGE
2026-07-22,C2_Top6,UP,6,0.0,0.0,0.0,,0.7511,2.6765,0.8333,RANGE
2026-07-22,C3_Top5,UP,5,0.6,0.0,0.0,0.5644,1.726,2.0096,0.4,RANGE
2026-07-22,C4_Top5,UP,5,0.0,0.0,0.0,,0.7789,2.9129,0.8,RANGE
2026-07-22,C5_Top5,UP,5,0.0,0.0,0.0,,0.7789,2.9129,0.8,RANGE
2026-07-22,Random_5,UP,5,0.2,0.0,0.0,0.6425,0.796,2.5915,0.8,RANGE
2026-07-22,V3_20,DOWN,20,0.65,0.15,0.1,1.8138,1.8098,1.9858,0.25,RANGE
2026-07-22,A_V3_Top5,DOWN,5,0.4,0.0,0.0,1.5591,1.432,2.8717,0.4,RANGE
2026-07-22,A_V3_Top6,DOWN,6,0.5,0.1667,0.1667,3.1313,2.3287,2.3444,0.3333,RANGE
2026-07-22,C1_Top5,DOWN,5,0.4,0.0,0.0,1.0134,1.2679,2.3627,0.4,RANGE
2026-07-22,C1_Top6,DOWN,6,0.5,0.0,0.0,1.2136,1.446,2.0041,0.3333,RANGE
2026-07-22,C2_Top5,DOWN,5,0.8,0.2,0.2,2.1123,2.5492,0.3022,0.0,RANGE
2026-07-22,C2_Top6,DOWN,6,0.8333,0.1667,0.1667,1.8137,2.3934,0.2846,0.0,RANGE
2026-07-22,C3_Top5,DOWN,5,0.4,0.0,0.0,1.5591,1.432,2.8717,0.4,RANGE
2026-07-22,C4_Top5,DOWN,5,0.4,0.0,0.0,1.0134,1.2679,2.3627,0.4,RANGE
2026-07-22,C5_Top5,DOWN,5,0.8,0.2,0.2,2.1123,2.5492,0.3022,0.0,RANGE
2026-07-22,Random_5,DOWN,5,0.6,0.0,0.0,1.2578,1.2762,1.309,0.2,RANGE
2026-07-23,V3_20,UP,20,0.3,0.15,0.05,1.9572,1.1953,2.8045,0.55,RANGE
2026-07-23,A_V3_Top5,UP,5,0.2,0.0,0.0,0.1419,0.58,4.1869,0.6,RANGE
2026-07-23,A_V3_Top6,UP,6,0.1667,0.0,0.0,0.1419,0.3987,3.8994,0.6667,RANGE
2026-07-23,C1_Top5,UP,5,0.4,0.4,0.2,3.5853,2.3963,1.9745,0.4,RANGE
2026-07-23,C1_Top6,UP,6,0.3333,0.3333,0.1667,3.5853,1.9843,2.3412,0.5,RANGE
2026-07-23,C2_Top5,UP,5,0.4,0.4,0.2,3.5853,2.3963,1.9745,0.4,RANGE
2026-07-23,C2_Top6,UP,6,0.5,0.3333,0.1667,2.4694,2.254,1.91,0.3333,RANGE
2026-07-23,C3_Top5,UP,5,0.2,0.0,0.0,0.1419,0.58,4.1869,0.6,RANGE
2026-07-23,C4_Top5,UP,5,0.4,0.4,0.2,3.5853,2.3963,1.9745,0.4,RANGE
2026-07-23,C5_Top5,UP,5,0.4,0.4,0.2,3.5853,2.3963,1.9745,0.4,RANGE
2026-07-23,Random_5,UP,5,0.2,0.2,0.0,2.7876,2.0597,4.1849,0.8,RANGE
2026-07-23,V3_20,DOWN,20,0.55,0.15,0.05,1.4798,2.1385,1.3695,0.35,RANGE
2026-07-23,A_V3_Top5,DOWN,5,0.4,0.2,0.2,3.3348,2.6196,1.8806,0.6,RANGE
2026-07-23,A_V3_Top6,DOWN,6,0.3333,0.1667,0.1667,3.3348,2.0998,2.0457,0.6667,RANGE
2026-07-23,C1_Top5,DOWN,5,0.4,0.2,0.2,3.3348,2.6735,1.4534,0.4,RANGE
2026-07-23,C1_Top6,DOWN,6,0.5,0.1667,0.1667,2.5574,2.8384,1.1978,0.3333,RANGE
2026-07-23,C2_Top5,DOWN,5,0.8,0.2,0.2,2.0669,2.9468,0.3196,0.2,RANGE
2026-07-23,C2_Top6,DOWN,6,0.6667,0.1667,0.1667,2.0669,2.9601,0.7907,0.3333,RANGE
2026-07-23,C3_Top5,DOWN,5,0.4,0.2,0.2,3.3348,2.6196,1.8806,0.6,RANGE
2026-07-23,C4_Top5,DOWN,5,0.4,0.2,0.2,3.3348,2.6735,1.4534,0.4,RANGE
2026-07-23,C5_Top5,DOWN,5,0.8,0.2,0.2,2.0669,2.9468,0.3196,0.2,RANGE
2026-07-23,Random_5,DOWN,5,0.4,0.2,0.0,1.6353,2.4859,1.8762,0.6,RANGE
2026-07-24,V3_20,UP,20,0.7,0.15,0.1,1.8585,2.5339,0.8037,0.15,RANGE
2026-07-24,A_V3_Top5,UP,5,0.4,0.2,0.2,3.5586,3.4903,0.7534,0.4,RANGE
2026-07-24,A_V3_Top6,UP,6,0.5,0.1667,0.1667,2.4867,3.2201,0.6993,0.3333,RANGE
2026-07-24,C1_Top5,UP,5,0.6,0.2,0.2,2.4867,3.5368,0.5256,0.2,RANGE
2026-07-24,C1_Top6,UP,6,0.6667,0.1667,0.1667,2.3209,3.5317,0.4333,0.1667,RANGE
2026-07-24,C2_Top5,UP,5,0.6,0.4,0.4,4.9308,5.0726,0.0721,0.2,RANGE
2026-07-24,C2_Top6,UP,6,0.6667,0.3333,0.3333,4.1879,4.6467,-0.0226,0.1667,RANGE
2026-07-24,C3_Top5,UP,5,0.4,0.2,0.2,3.5586,3.4903,0.7534,0.4,RANGE
2026-07-24,C4_Top5,UP,5,0.6,0.2,0.2,2.4867,3.5368,0.5256,0.2,RANGE
2026-07-24,C5_Top5,UP,5,0.6,0.4,0.4,4.9308,5.0726,0.0721,0.2,RANGE
2026-07-24,Random_5,UP,5,0.6,0.2,0.2,2.7992,3.2838,0.9642,0.2,RANGE
2026-07-24,V3_20,DOWN,20,0.35,0.1,0.05,1.3904,0.4824,2.5272,0.4,RANGE
2026-07-24,A_V3_Top5,DOWN,5,0.2,0.2,0.2,4.3947,0.3951,3.8459,0.8,RANGE
2026-07-24,A_V3_Top6,DOWN,6,0.3333,0.1667,0.1667,2.7265,0.5356,3.3901,0.6667,RANGE
2026-07-24,C1_Top5,DOWN,5,0.2,0.0,0.0,1.5605,0.2503,3.3247,0.4,RANGE
2026-07-24,C1_Top6,DOWN,6,0.3333,0.1667,0.1667,2.9776,1.0186,3.2084,0.3333,RANGE
2026-07-24,C2_Top5,DOWN,5,0.4,0.0,0.0,0.999,0.4864,2.2437,0.2,RANGE
2026-07-24,C2_Top6,DOWN,6,0.5,0.0,0.0,0.6698,0.4517,2.0961,0.1667,RANGE
2026-07-24,C3_Top5,DOWN,5,0.2,0.2,0.2,4.3947,0.3951,3.8459,0.8,RANGE
2026-07-24,C4_Top5,DOWN,5,0.2,0.0,0.0,1.5605,0.2503,3.3247,0.4,RANGE
2026-07-24,C5_Top5,DOWN,5,0.4,0.0,0.0,0.999,0.4864,2.2437,0.2,RANGE
2026-07-24,Random_5,DOWN,5,0.6,0.2,0.0,1.2769,0.788,2.7726,0.4,RANGE
2026-07-27,V3_20,UP,20,0.6,0.25,0.05,2.1805,1.9498,1.3222,0.4,RANGE
2026-07-27,A_V3_Top5,UP,5,0.2,0.2,0.0,2.6555,0.4712,3.1941,0.8,RANGE
2026-07-27,A_V3_Top6,UP,6,0.3333,0.3333,0.0,2.8016,0.9965,2.6105,0.6667,RANGE
2026-07-27,C1_Top5,UP,5,0.6,0.4,0.2,5.0036,3.8701,0.0545,0.4,RANGE
2026-07-27,C1_Top6,UP,6,0.6667,0.3333,0.1667,3.8815,3.4465,0.0537,0.3333,RANGE
2026-07-27,C2_Top5,UP,5,0.6,0.2,0.2,3.6955,2.9251,0.2393,0.4,RANGE
2026-07-27,C2_Top6,UP,6,0.6667,0.1667,0.1667,3.2096,3.0305,0.1338,0.3333,RANGE
2026-07-27,C3_Top5,UP,5,0.2,0.2,0.2,10.3114,2.0552,2.6186,0.8,RANGE
2026-07-27,C4_Top5,UP,5,0.6,0.4,0.2,5.0036,3.8701,0.0545,0.4,RANGE
2026-07-27,C5_Top5,UP,5,0.6,0.2,0.2,3.6955,2.9251,0.2393,0.4,RANGE
2026-07-27,Random_5,UP,5,0.6,0.2,0.0,1.4251,0.9964,3.0543,0.4,RANGE
2026-07-27,V3_20,DOWN,20,0.65,0.05,0.0,1.0737,1.319,1.922,0.2,RANGE
2026-07-27,A_V3_Top5,DOWN,5,0.8,0.0,0.0,1.0142,1.3099,2.1641,0.2,RANGE
2026-07-27,A_V3_Top6,DOWN,6,0.6667,0.0,0.0,1.0142,0.9698,2.3836,0.3333,RANGE
2026-07-27,C1_Top5,DOWN,5,0.6,0.2,0.0,1.3659,2.1337,1.7055,0.0,RANGE
2026-07-27,C1_Top6,DOWN,6,0.5,0.1667,0.0,1.3659,1.7663,2.7909,0.1667,RANGE
2026-07-27,C2_Top5,DOWN,5,0.6,0.2,0.0,1.3659,2.1337,1.7055,0.0,RANGE
2026-07-27,C2_Top6,DOWN,6,0.6667,0.1667,0.0,1.333,2.0377,1.5437,0.0,RANGE
2026-07-27,C3_Top5,DOWN,5,0.8,0.2,0.0,1.1619,1.7819,2.5413,0.2,RANGE
2026-07-27,C4_Top5,DOWN,5,0.6,0.2,0.0,1.3659,2.1337,1.7055,0.0,RANGE
2026-07-27,C5_Top5,DOWN,5,0.6,0.2,0.0,1.3659,2.1337,1.7055,0.0,RANGE
2026-07-27,Random_5,DOWN,5,0.8,0.0,0.0,1.2324,0.9659,1.393,0.2,RANGE
2026-07-28,V3_20,UP,20,0.75,0.3,0.15,2.3035,3.1481,0.2152,0.05,RANGE
2026-07-28,A_V3_Top5,UP,5,1.0,0.4,0.2,2.5738,4.6193,-0.2863,0.0,RANGE
2026-07-28,A_V3_Top6,UP,6,1.0,0.5,0.1667,2.4826,4.3881,-0.3574,0.0,RANGE
2026-07-28,C1_Top5,UP,5,1.0,0.6,0.2,2.7244,4.8222,-0.4812,0.0,RANGE
2026-07-28,C1_Top6,UP,6,0.8333,0.5,0.1667,2.7244,4.3922,-0.3015,0.0,RANGE
2026-07-28,C2_Top5,UP,5,0.8,0.4,0.2,2.5507,3.6479,-0.2831,0.2,RANGE
2026-07-28,C2_Top6,UP,6,0.8333,0.3333,0.1667,2.1506,3.4252,-0.2859,0.1667,RANGE
2026-07-28,C3_Top5,UP,5,1.0,0.6,0.4,3.2217,5.2394,-0.7492,0.0,RANGE
2026-07-28,C4_Top5,UP,5,1.0,0.6,0.2,2.7244,4.8222,-0.4812,0.0,RANGE
2026-07-28,C5_Top5,UP,5,0.8,0.4,0.2,2.5507,3.6479,-0.2831,0.2,RANGE
2026-07-28,Random_5,UP,5,0.8,0.4,0.4,3.2931,4.3313,-0.3452,0.0,RANGE
2026-07-28,V3_20,DOWN,20,0.15,0.0,0.0,0.4177,0.5499,2.4654,0.55,RANGE
2026-07-28,A_V3_Top5,DOWN,5,0.0,0.0,0.0,,0.961,2.1097,0.4,RANGE
2026-07-28,A_V3_Top6,DOWN,6,0.0,0.0,0.0,,0.8668,1.9589,0.3333,RANGE
2026-07-28,C1_Top5,DOWN,5,0.4,0.0,0.0,0.456,0.6301,1.7621,0.4,RANGE
2026-07-28,C1_Top6,DOWN,6,0.3333,0.0,0.0,0.456,0.5216,1.8376,0.5,RANGE
2026-07-28,C2_Top5,DOWN,5,0.4,0.0,0.0,0.456,0.5904,1.9215,0.6,RANGE
2026-07-28,C2_Top6,DOWN,6,0.3333,0.0,0.0,0.456,0.5216,1.8376,0.5,RANGE
2026-07-28,C3_Top5,DOWN,5,0.0,0.0,0.0,,0.961,2.1097,0.4,RANGE
2026-07-28,C4_Top5,DOWN,5,0.4,0.0,0.0,0.456,0.6301,1.7621,0.4,RANGE
2026-07-28,C5_Top5,DOWN,5,0.4,0.0,0.0,0.456,0.5904,1.9215,0.6,RANGE
2026-07-28,Random_5,DOWN,5,0.2,0.0,0.0,0.3411,0.4494,2.2826,0.6,RANGE
2026-07-29,V3_20,UP,20,0.35,0.0,0.0,1.1315,1.673,1.9342,0.4,RANGE
2026-07-29,A_V3_Top5,UP,5,0.8,0.0,0.0,1.0337,1.9206,2.4773,0.2,RANGE
2026-07-29,A_V3_Top6,UP,6,0.6667,0.0,0.0,1.0337,2.0635,2.1265,0.1667,RANGE
2026-07-29,C1_Top5,UP,5,0.6,0.0,0.0,0.7562,2.5026,0.9561,0.2,RANGE
2026-07-29,C1_Top6,UP,6,0.6667,0.0,0.0,1.0325,2.6078,0.877,0.1667,RANGE
2026-07-29,C2_Top5,UP,5,0.4,0.0,0.0,1.624,1.8555,0.936,0.2,RANGE
2026-07-29,C2_Top6,UP,6,0.3333,0.0,0.0,1.624,2.0058,0.905,0.1667,RANGE
2026-07-29,C3_Top5,UP,5,0.8,0.0,0.0,1.0337,1.9206,2.4773,0.2,RANGE
2026-07-29,C4_Top5,UP,5,0.6,0.0,0.0,0.7562,2.5026,0.9561,0.2,RANGE
2026-07-29,C5_Top5,UP,5,0.4,0.0,0.0,1.624,1.8555,0.936,0.2,RANGE
2026-07-29,Random_5,UP,5,0.6,0.0,0.0,1.0833,2.0958,2.7355,0.4,RANGE
2026-07-29,V3_20,DOWN,20,0.7,0.05,0.05,1.0603,1.8056,1.5715,0.25,RANGE
2026-07-29,A_V3_Top5,DOWN,5,0.6,0.2,0.2,2.063,2.5897,2.3671,0.4,RANGE
2026-07-29,A_V3_Top6,DOWN,6,0.5,0.1667,0.1667,2.063,2.4421,2.1657,0.3333,RANGE
2026-07-29,C1_Top5,DOWN,5,0.6,0.2,0.2,2.1875,2.8972,2.4725,0.4,RANGE
2026-07-29,C1_Top6,DOWN,6,0.6667,0.1667,0.1667,1.6734,2.4707,2.3108,0.3333,RANGE
2026-07-29,C2_Top5,DOWN,5,0.6,0.2,0.2,2.1875,2.9491,1.3836,0.2,RANGE
2026-07-29,C2_Top6,DOWN,6,0.5,0.1667,0.1667,2.1875,2.6983,2.2535,0.3333,RANGE
2026-07-29,C3_Top5,DOWN,5,0.6,0.2,0.2,2.063,2.5897,2.3671,0.4,RANGE
2026-07-29,C4_Top5,DOWN,5,0.6,0.2,0.2,2.1875,2.8972,2.4725,0.4,RANGE
2026-07-29,C5_Top5,DOWN,5,0.6,0.2,0.2,2.1875,2.9491,1.3836,0.2,RANGE
2026-07-29,Random_5,DOWN,5,0.6,0.0,0.0,0.8651,1.199,2.447,0.4,RANGE
