trading_date,t1_date,universe_size,split,market_regime,market_ret_1d,V3_20_UP_dir_acc,V3_20_UP_ge2_rate,V3_20_UP_ge3_rate,V3_20_UP_avg_ret,V3_20_DN_dir_acc,V3_20_DN_ge2_rate,V3_20_DN_ge3_rate,V3_20_DN_avg_ret,V3_Top5_UP_dir_acc,V3_Top5_UP_ge2_rate,V3_Top5_UP_ge3_rate,V3_Top5_UP_avg_ret,V3_Top5_DN_dir_acc,V3_Top5_DN_ge2_rate,V3_Top5_DN_ge3_rate,V3_Top5_DN_avg_ret,Know_Top10_UP_dir_acc,Know_Top10_UP_ge2_rate,Know_Top10_UP_ge3_rate,Know_Top10_UP_avg_ret,Know_Top10_DN_dir_acc,Know_Top10_DN_ge2_rate,Know_Top10_DN_ge3_rate,Know_Top10_DN_avg_ret,Know_Top6_UP_dir_acc,Know_Top6_UP_ge2_rate,Know_Top6_UP_ge3_rate,Know_Top6_UP_avg_ret,Know_Top6_DN_dir_acc,Know_Top6_DN_ge2_rate,Know_Top6_DN_ge3_rate,Know_Top6_DN_avg_ret,Know_Top5_UP_dir_acc,Know_Top5_UP_ge2_rate,Know_Top5_UP_ge3_rate,Know_Top5_UP_avg_ret,Know_Top5_DN_dir_acc,Know_Top5_DN_ge2_rate,Know_Top5_DN_ge3_rate,Know_Top5_DN_avg_ret,Random_5_UP_dir_acc,Random_5_UP_ge2_rate,Random_5_UP_ge3_rate,Random_5_UP_avg_ret,Random_5_DN_dir_acc,Random_5_DN_ge2_rate,Random_5_DN_ge3_rate,Random_5_DN_avg_ret
2025-09-16,2025-09-17,207,TRAIN,BULL,0.7167,0.6,0.15,0.15,1.949,0.6,0.0,0.0,-0.9681,0.6,0.2,0.2,1.8035,0.6,0.0,0.0,-0.7061,0.5,0.1,0.1,1.5262,0.5,0.0,0.0,-0.9396,0.8333,0.1667,0.1667,1.5262,0.5,0.0,0.0,-1.152,0.8,0.2,0.2,1.4922,0.4,0.0,0.0,-1.5465,0.56,0.16,0.16,1.9465,0.56,0.0,0.0,-0.833
2025-09-17,2025-09-18,208,TRAIN,RANGE,0.3726,0.25,0.05,0.05,1.2565,0.4,0.0,0.0,-0.5812,0.6,0.0,0.0,0.8189,0.4,0.0,0.0,-0.8502,0.3,0.0,0.0,0.7469,0.5,0.0,0.0,-0.5055,0.3333,0.0,0.0,0.6734,0.3333,0.0,0.0,-0.4056,0.4,0.0,0.0,0.6734,0.4,0.0,0.0,-0.4056,0.32,0.04,0.04,0.8042,0.44,0.0,0.0,-0.7095
2025-09-18,2025-09-19,206,TRAIN,RANGE,0.2073,0.5,0.0,0.0,0.6779,0.8,0.05,0.0,-1.0623,0.2,0.0,0.0,0.9316,0.8,0.0,0.0,-1.3316,0.2,0.0,0.0,0.8286,0.8,0.0,0.0,-0.763,0.3333,0.0,0.0,0.8286,0.8333,0.0,0.0,-0.4754,0.2,0.0,0.0,0.2621,0.8,0.0,0.0,-0.337,0.56,0.0,0.0,0.7003,0.88,0.08,0.0,-1.2549
2025-09-19,2025-09-22,207,TRAIN,RANGE,0.0393,0.4,0.25,0.15,3.868,0.7,0.25,0.15,-1.6026,0.4,0.4,0.2,3.7436,0.8,0.2,0.2,-1.4877,0.3,0.2,0.0,2.0197,0.8,0.2,0.2,-1.5515,0.5,0.3333,0.0,2.0197,0.6667,0.1667,0.1667,-1.8283,0.6,0.4,0.0,2.0197,0.8,0.2,0.2,-1.8283,0.44,0.24,0.16,3.1034,0.64,0.24,0.16,-1.5798
2025-09-22,2025-09-23,209,TRAIN,BEAR,-0.584,0.4,0.2,0.15,2.0135,0.7,0.3,0.1,-1.6404,0.6,0.2,0.2,1.5771,1.0,0.4,0.4,-2.0094,0.5,0.2,0.1,1.6856,0.8,0.3,0.2,-1.8094,0.5,0.1667,0.0,1.2292,0.8333,0.5,0.3333,-2.5028,0.6,0.2,0.0,1.2292,0.8,0.6,0.4,-2.8059,0.48,0.24,0.2,2.0477,0.68,0.16,0.12,-1.3806
2025-09-23,2025-09-24,207,TRAIN,RANGE,-0.3133,0.35,0.1,0.1,1.4571,0.75,0.15,0.05,-1.0492,0.2,0.2,0.2,4.063,0.8,0.4,0.0,-1.6527,0.3,0.1,0.1,1.7863,0.9,0.2,0.0,-1.0364,0.5,0.1667,0.1667,1.7863,1.0,0.3333,0.0,-1.4263,0.4,0.2,0.2,2.0453,1.0,0.4,0.0,-1.4466,0.36,0.16,0.16,2.1219,0.68,0.2,0.04,-1.0867
2025-09-24,2025-09-25,207,TRAIN,BEAR,-0.637,0.35,0.05,0.0,0.6529,0.8,0.1,0.0,-1.281,0.4,0.0,0.0,0.8163,0.6,0.0,0.0,-1.5686,0.2,0.0,0.0,0.3311,0.8,0.2,0.0,-1.6687,0.1667,0.0,0.0,0.5849,0.8333,0.1667,0.0,-1.6767,0.2,0.0,0.0,0.5849,0.8,0.2,0.0,-1.6665,0.48,0.04,0.0,0.5802,0.76,0.08,0.0,-1.389
2025-09-25,2025-09-26,207,TRAIN,BEAR,-0.6114,0.05,0.0,0.0,0.2163,0.95,0.5,0.2,-2.1026,0.0,0.0,0.0,0.0,1.0,0.8,0.4,-2.7881,0.0,0.0,0.0,0.0,0.9,0.5,0.2,-2.301,0.0,0.0,0.0,0.0,1.0,0.5,0.1667,-2.1222,0.0,0.0,0.0,0.0,1.0,0.6,0.2,-2.2548,0.04,0.0,0.0,0.0433,0.96,0.56,0.24,-2.2821
2025-09-26,2025-09-29,208,TRAIN,BEAR,-1.8279,0.4,0.1,0.05,1.318,0.4,0.2,0.15,-2.4904,0.2,0.2,0.2,3.7965,0.4,0.2,0.2,-2.4174,0.5,0.2,0.1,1.6292,0.4,0.2,0.1,-2.1949,0.3333,0.0,0.0,0.9859,0.3333,0.3333,0.1667,-3.0621,0.2,0.0,0.0,0.5016,0.4,0.4,0.2,-3.0621,0.36,0.12,0.08,1.1375,0.44,0.2,0.12,-2.2461
2025-09-29,2025-09-30,209,TRAIN,RANGE,-0.0008,0.5,0.15,0.05,1.2242,0.35,0.0,0.0,-0.7471,0.4,0.2,0.2,1.9776,0.4,0.0,0.0,-0.6007,0.4,0.2,0.1,1.7158,0.2,0.0,0.0,-0.5457,0.5,0.1667,0.1667,1.3483,0.1667,0.0,0.0,-0.494,0.4,0.2,0.2,1.9776,0.2,0.0,0.0,-0.494,0.52,0.12,0.08,0.7291,0.44,0.0,0.0,-0.7052
2025-09-30,2025-10-01,210,TRAIN,RANGE,0.1662,0.45,0.05,0.0,0.6207,0.05,0.0,0.0,-1.5782,0.2,0.0,0.0,0.2946,0.0,0.0,0.0,0.0,0.3,0.0,0.0,0.2867,0.1,0.0,0.0,-1.5782,0.1667,0.0,0.0,0.2946,0.1667,0.0,0.0,-1.5782,0.2,0.0,0.0,0.2946,0.2,0.0,0.0,-1.5782,0.4,0.04,0.0,0.2977,0.04,0.0,0.0,-0.3156
2025-10-01,2025-10-03,210,TRAIN,BULL,0.9108,0.85,0.4,0.15,2.257,0.3,0.05,0.05,-1.9626,1.0,0.8,0.2,3.1616,0.4,0.0,0.0,-0.7665,0.9,0.4,0.1,2.2906,0.4,0.0,0.0,-0.5497,0.8333,0.3333,0.0,1.7685,0.6667,0.0,0.0,-0.5497,0.8,0.4,0.0,1.963,0.6,0.0,0.0,-0.7311,0.8,0.4,0.12,2.3725,0.36,0.04,0.04,-1.2588
2025-10-03,2025-10-06,208,TRAIN,BULL,0.8057,0.45,0.15,0.05,1.2285,0.55,0.05,0.0,-0.9412,0.6,0.2,0.0,1.2411,0.8,0.0,0.0,-0.5175,0.2,0.0,0.0,0.3921,0.6,0.0,0.0,-0.4791,0.1667,0.0,0.0,0.2257,0.5,0.0,0.0,-0.4126,0.2,0.0,0.0,0.2257,0.6,0.0,0.0,-0.4126,0.48,0.16,0.04,1.1545,0.56,0.04,0.0,-0.6497
2025-10-06,2025-10-07,206,TRAIN,RANGE,0.1637,0.5,0.05,0.0,0.883,0.6,0.05,0.0,-0.8659,0.6,0.0,0.0,0.7384,0.4,0.0,0.0,-0.7399,0.5,0.0,0.0,0.6555,0.5,0.0,0.0,-0.8437,0.3333,0.0,0.0,0.3342,0.5,0.0,0.0,-1.1381,0.4,0.0,0.0,0.3342,0.4,0.0,0.0,-1.0042,0.4,0.0,0.0,0.6416,0.56,0.08,0.0,-1.0929
2025-10-07,2025-10-08,209,TRAIN,RANGE,0.147,0.2,0.05,0.05,1.3687,0.65,0.1,0.0,-1.1537,0.2,0.0,0.0,1.6128,0.6,0.0,0.0,-0.8575,0.2,0.0,0.0,0.4224,0.8,0.2,0.0,-1.0933,0.3333,0.0,0.0,0.4224,0.6667,0.0,0.0,-0.7435,0.4,0.0,0.0,0.4224,0.6,0.0,0.0,-0.7052,0.24,0.04,0.04,0.9866,0.6,0.04,0.0,-0.9357
2025-10-08,2025-10-09,210,TRAIN,BEAR,-0.6463,0.75,0.1,0.05,1.0714,0.45,0.05,0.05,-1.0958,0.8,0.2,0.2,1.1519,0.4,0.0,0.0,-1.1559,0.8,0.2,0.1,1.2224,0.4,0.1,0.1,-1.3969,0.8333,0.1667,0.1667,1.0215,0.0,0.0,0.0,0.0,0.8,0.2,0.2,1.2108,0.0,0.0,0.0,0.0,0.76,0.08,0.08,1.2361,0.44,0.0,0.0,-0.8453
2025-10-09,2025-10-10,209,TRAIN,BULL,0.5115,0.4,0.1,0.0,0.8524,0.4,0.1,0.0,-1.2896,0.6,0.2,0.0,0.999,0.8,0.0,0.0,-0.9613,0.5,0.2,0.0,1.1731,0.4,0.1,0.0,-1.3285,0.6667,0.1667,0.0,0.8552,0.6667,0.1667,0.0,-1.3285,0.8,0.2,0.0,0.8552,0.6,0.2,0.0,-1.3039,0.4,0.08,0.0,0.5257,0.44,0.04,0.0,-1.0744
2025-10-10,2025-10-13,209,TRAIN,RANGE,0.3742,0.25,0.05,0.05,1.377,0.7,0.2,0.0,-1.1953,0.2,0.2,0.2,3.8155,0.6,0.4,0.0,-1.9459,0.3,0.1,0.1,2.1737,0.7,0.3,0.0,-1.2707,0.3333,0.1667,0.1667,2.5372,0.6667,0.3333,0.0,-1.5375,0.4,0.2,0.2,2.5372,0.6,0.4,0.0,-2.0363,0.2,0.08,0.08,1.4339,0.68,0.2,0.0,-1.0536
2025-10-13,2025-10-14,206,TRAIN,RANGE,-0.3587,0.45,0.1,0.1,2.0759,0.9,0.15,0.1,-1.5108,0.8,0.4,0.4,3.4245,0.8,0.0,0.0,-0.874,0.6,0.1,0.1,1.4267,0.9,0.1,0.1,-1.3361,0.6667,0.0,0.0,0.8145,0.8333,0.1667,0.1667,-1.5539,0.8,0.0,0.0,0.8145,0.8,0.2,0.2,-1.8764,0.48,0.16,0.16,1.8425,0.88,0.08,0.04,-1.2567
2025-10-14,2025-10-15,209,TRAIN,BEAR,-0.7574,0.65,0.3,0.2,2.1215,0.25,0.15,0.05,-1.653,0.8,0.4,0.2,2.2468,0.4,0.4,0.2,-2.7927,0.7,0.3,0.1,1.7641,0.1,0.1,0.0,-2.1564,0.6667,0.1667,0.0,1.0648,0.1667,0.1667,0.0,-2.1564,0.8,0.2,0.0,1.0648,0.0,0.0,0.0,0.0,0.64,0.36,0.24,2.3361,0.28,0.16,0.08,-1.0659
2025-10-15,2025-10-16,208,TRAIN,BULL,0.9529,0.55,0.3,0.1,1.8096,0.3,0.0,0.0,-0.3671,0.6,0.2,0.0,1.5678,0.2,0.0,0.0,-0.1206,0.6,0.3,0.1,1.7023,0.0,0.0,0.0,0.0,0.6667,0.5,0.1667,2.3172,0.0,0.0,0.0,0.0,0.6,0.4,0.2,2.2137,0.0,0.0,0.0,0.0,0.56,0.28,0.08,1.408,0.28,0.0,0.0,-0.2899
2025-10-16,2025-10-17,209,TRAIN,BULL,0.6032,0.25,0.05,0.05,3.1627,0.75,0.15,0.0,-1.4296,0.2,0.2,0.2,11.8436,1.0,0.2,0.0,-1.6097,0.4,0.1,0.1,3.7008,0.7,0.1,0.0,-1.3483,0.3333,0.0,0.0,1.2058,0.5,0.0,0.0,-1.0943,0.4,0.0,0.0,1.2058,0.4,0.0,0.0,-1.0244,0.24,0.08,0.08,5.1978,0.72,0.2,0.0,-1.3829
2025-10-17,2025-10-20,208,TRAIN,RANGE,-0.2462,0.45,0.1,0.05,1.6064,0.45,0.05,0.0,-0.6803,0.2,0.2,0.0,2.4864,0.4,0.0,0.0,-0.8034,0.5,0.1,0.0,1.1644,0.4,0.0,0.0,-0.4799,0.3333,0.0,0.0,0.6789,0.1667,0.0,0.0,-0.1453,0.4,0.0,0.0,0.6789,0.2,0.0,0.0,-0.1453,0.4,0.16,0.08,1.9062,0.44,0.04,0.0,-0.5328
2025-10-20,2025-10-21,209,TRAIN,RANGE,0.4415,0.65,0.15,0.05,1.4043,0.2,0.0,0.0,-0.2688,0.4,0.2,0.0,1.4952,0.2,0.0,0.0,-0.5243,0.6,0.2,0.1,1.7365,0.1,0.0,0.0,-0.5243,0.6667,0.1667,0.0,1.4831,0.1667,0.0,0.0,-0.5243,0.6,0.0,0.0,1.0053,0.2,0.0,0.0,-0.5243,0.68,0.16,0.08,1.3392,0.16,0.0,0.0,-0.2336
2025-10-21,2025-10-23,53,TRAIN,RANGE,0.359,0.35,0.1,0.05,1.5404,0.7,0.1,0.0,-1.2695,0.6,0.2,0.2,2.1281,0.6,0.0,0.0,-1.043,0.4,0.1,0.1,1.6861,0.7,0.1,0.0,-1.2642,0.6667,0.1667,0.1667,1.6861,0.8333,0.0,0.0,-1.0658,0.8,0.2,0.2,1.6861,0.8,0.0,0.0,-1.1133,0.28,0.12,0.08,1.6784,0.6,0.12,0.0,-1.3626
2025-10-23,2025-10-24,208,TRAIN,RANGE,-0.0521,0.2,0.0,0.0,0.7207,0.45,0.0,0.0,-0.5517,0.4,0.0,0.0,0.7187,0.4,0.0,0.0,-0.1981,0.3,0.0,0.0,0.8292,0.4,0.0,0.0,-0.569,0.3333,0.0,0.0,0.7187,0.3333,0.0,0.0,-0.3865,0.4,0.0,0.0,0.7187,0.2,0.0,0.0,-0.176,0.2,0.0,0.0,0.432,0.52,0.0,0.0,-0.3829
2025-10-24,2025-10-27,206,TRAIN,RANGE,-0.0794,0.55,0.25,0.15,2.1879,0.45,0.05,0.0,-0.8049,0.6,0.4,0.4,3.0309,0.2,0.0,0.0,-0.5438,0.5,0.3,0.2,2.7387,0.2,0.0,0.0,-0.5672,0.5,0.3333,0.3333,3.1697,0.3333,0.0,0.0,-0.5672,0.6,0.4,0.4,3.1697,0.2,0.0,0.0,-0.5438,0.6,0.2,0.12,1.9677,0.4,0.04,0.0,-0.9625
2025-10-27,2025-10-28,204,TRAIN,RANGE,0.4592,0.5,0.1,0.0,1.2913,0.7,0.1,0.05,-1.1372,0.2,0.2,0.0,2.124,0.6,0.0,0.0,-0.5827,0.6,0.2,0.0,1.4749,0.6,0.0,0.0,-0.9482,0.5,0.0,0.0,1.3384,0.6667,0.0,0.0,-0.9902,0.4,0.0,0.0,1.2798,0.8,0.0,0.0,-0.9902,0.44,0.16,0.0,1.4914,0.68,0.08,0.04,-1.3015
2025-10-28,2025-10-29,207,TRAIN,RANGE,-0.2347,0.6,0.2,0.1,1.6369,0.2,0.05,0.0,-0.9501,0.6,0.4,0.0,1.6339,0.6,0.0,0.0,-0.5402,0.6,0.2,0.1,1.57,0.3,0.1,0.0,-1.113,0.5,0.3333,0.1667,2.0226,0.5,0.1667,0.0,-1.113,0.4,0.4,0.2,2.9112,0.4,0.0,0.0,-0.5796,0.56,0.2,0.08,1.3319,0.28,0.08,0.0,-0.7242
2025-10-29,2025-10-30,206,TRAIN,BULL,0.8266,0.45,0.15,0.05,1.9036,0.55,0.1,0.05,-1.0633,0.4,0.2,0.0,1.3997,1.0,0.2,0.0,-0.8398,0.5,0.2,0.0,1.2261,0.7,0.1,0.1,-0.88,0.5,0.1667,0.0,1.1164,0.8333,0.1667,0.1667,-1.1262,0.4,0.2,0.0,1.3997,1.0,0.2,0.2,-1.1262,0.44,0.2,0.08,1.7584,0.6,0.12,0.04,-0.9604
2025-10-30,2025-10-31,208,TRAIN,RANGE,-0.3688,0.35,0.2,0.15,3.1362,0.75,0.1,0.0,-0.9004,0.6,0.6,0.4,4.971,1.0,0.2,0.0,-0.7501,0.5,0.3,0.3,3.6284,0.8,0.1,0.0,-0.8151,0.5,0.3333,0.3333,4.5688,0.6667,0.1667,0.0,-0.9189,0.6,0.4,0.4,4.5688,0.6,0.2,0.0,-1.0853,0.4,0.24,0.2,2.9612,0.76,0.08,0.0,-0.906
2025-10-31,2025-11-03,208,TRAIN,RANGE,-0.3572,0.7,0.2,0.15,2.038,0.45,0.0,0.0,-0.4383,0.6,0.4,0.4,3.6137,0.4,0.0,0.0,-0.089,0.7,0.2,0.2,2.3218,0.4,0.0,0.0,-0.4992,0.5,0.1667,0.1667,2.6745,0.1667,0.0,0.0,-0.1336,0.4,0.2,0.2,3.5884,0.2,0.0,0.0,-0.1336,0.68,0.2,0.16,2.0015,0.48,0.0,0.0,-0.2548
2025-11-03,2025-11-04,205,TRAIN,BULL,0.6703,0.6,0.15,0.05,1.3452,0.75,0.15,0.05,-1.3208,0.6,0.4,0.2,2.2952,0.6,0.2,0.0,-1.5498,0.5,0.2,0.0,1.5124,0.7,0.1,0.0,-1.1554,0.5,0.1667,0.0,1.5311,0.5,0.1667,0.0,-1.2208,0.4,0.2,0.0,1.6542,0.4,0.2,0.0,-1.6258,0.56,0.2,0.08,1.0709,0.68,0.16,0.04,-1.488
2025-11-04,2025-11-06,205,TRAIN,BEAR,-0.6,0.1,0.05,0.0,1.3016,0.8,0.2,0.2,-1.6744,0.2,0.0,0.0,0.4294,0.8,0.4,0.4,-2.6437,0.1,0.0,0.0,0.4294,0.8,0.3,0.3,-2.1527,0.0,0.0,0.0,0.0,0.8333,0.3333,0.3333,-2.1971,0.0,0.0,0.0,0.0,1.0,0.4,0.4,-2.1971,0.12,0.04,0.0,0.3462,0.76,0.2,0.2,-1.8349
2025-11-06,2025-11-07,206,TRAIN,BEAR,-1.393,0.4,0.2,0.1,2.0816,0.55,0.05,0.05,-0.926,0.4,0.2,0.0,2.1886,0.4,0.0,0.0,-0.2079,0.4,0.3,0.1,2.3914,0.5,0.1,0.1,-1.477,0.3333,0.3333,0.0,2.6117,0.5,0.1667,0.1667,-1.5768,0.4,0.4,0.0,2.6117,0.4,0.2,0.2,-2.3321,0.4,0.24,0.08,2.4687,0.56,0.04,0.04,-0.6597
2025-11-07,2025-11-10,206,TRAIN,RANGE,0.0195,0.45,0.05,0.0,0.8174,0.5,0.15,0.1,-1.8552,0.4,0.0,0.0,0.5976,0.8,0.4,0.2,-2.3514,0.5,0.1,0.0,1.1555,0.6,0.2,0.1,-1.7951,0.5,0.1667,0.0,1.4209,0.8333,0.3333,0.1667,-2.0226,0.4,0.0,0.0,0.9469,0.8,0.2,0.2,-1.8001,0.44,0.04,0.0,0.904,0.6,0.16,0.08,-1.6415
2025-11-10,2025-11-11,207,TRAIN,RANGE,0.2899,0.7,0.2,0.2,2.0869,0.4,0.1,0.05,-1.223,0.8,0.4,0.4,3.2746,0.0,0.0,0.0,0.0,0.7,0.2,0.2,2.3143,0.2,0.0,0.0,-0.3139,0.6667,0.1667,0.1667,1.4392,0.1667,0.0,0.0,-0.6096,0.8,0.2,0.2,1.4392,0.2,0.0,0.0,-0.6096,0.76,0.2,0.2,1.9581,0.32,0.0,0.0,-1.0191
2025-11-11,2025-11-12,207,TRAIN,RANGE,0.269,0.5,0.15,0.05,1.4727,0.35,0.0,0.0,-1.0001,0.6,0.0,0.0,0.9524,0.4,0.0,0.0,-0.8586,0.6,0.2,0.0,1.4706,0.3,0.0,0.0,-0.7769,0.5,0.1667,0.0,1.7267,0.3333,0.0,0.0,-1.0163,0.6,0.2,0.0,1.7267,0.2,0.0,0.0,-0.9785,0.44,0.12,0.08,1.3786,0.32,0.0,0.0,-1.0395
2025-11-12,2025-11-13,206,TRAIN,BULL,0.6836,0.3,0.15,0.1,2.5352,0.6,0.1,0.0,-1.1455,0.2,0.0,0.0,0.6443,0.8,0.2,0.0,-1.5126,0.2,0.1,0.1,3.918,0.6,0.0,0.0,-0.904,0.3333,0.1667,0.1667,3.918,0.6667,0.0,0.0,-0.9532,0.4,0.2,0.2,3.918,0.8,0.0,0.0,-0.9532,0.32,0.12,0.04,1.4489,0.68,0.08,0.0,-1.2584
2025-11-13,2025-11-14,207,TRAIN,RANGE,-0.1341,0.55,0.3,0.25,3.0014,0.7,0.1,0.0,-0.9285,1.0,0.8,0.6,3.6931,0.6,0.2,0.0,-1.419,0.7,0.4,0.4,3.1815,0.8,0.0,0.0,-0.7448,0.6667,0.3333,0.3333,2.6725,0.8333,0.0,0.0,-0.7359,0.8,0.4,0.4,2.6725,0.8,0.0,0.0,-0.9171,0.64,0.4,0.32,3.5071,0.72,0.08,0.0,-0.9023
2025-11-14,2025-11-17,204,TRAIN,RANGE,-0.0206,0.45,0.05,0.05,1.2151,0.15,0.0,0.0,-0.7691,0.2,0.0,0.0,0.9368,0.0,0.0,0.0,0.0,0.3,0.1,0.1,1.7973,0.1,0.0,0.0,-0.6255,0.1667,0.0,0.0,0.1639,0.1667,0.0,0.0,-0.6255,0.2,0.0,0.0,0.1639,0.2,0.0,0.0,-0.6255,0.48,0.04,0.04,1.055,0.08,0.0,0.0,-0.3364
2025-11-17,2025-11-18,207,TRAIN,BULL,0.5509,0.2,0.05,0.0,0.8667,0.8,0.1,0.0,-1.1796,0.2,0.0,0.0,0.9236,0.4,0.0,0.0,-1.5025,0.3,0.1,0.0,1.1041,0.9,0.2,0.0,-1.2431,0.1667,0.0,0.0,0.0172,0.8333,0.3333,0.0,-1.6539,0.0,0.0,0.0,0.0,0.8,0.4,0.0,-1.9634,0.12,0.0,0.0,0.4003,0.76,0.04,0.0,-1.0463
2025-11-18,2025-11-19,209,TRAIN,BEAR,-0.6384,0.3,0.1,0.0,1.4625,0.45,0.05,0.0,-0.7357,0.4,0.0,0.0,0.8791,0.6,0.0,0.0,-0.2915,0.3,0.0,0.0,1.0286,0.4,0.0,0.0,-0.6334,0.3333,0.0,0.0,1.3522,0.5,0.0,0.0,-0.4418,0.4,0.0,0.0,1.3522,0.6,0.0,0.0,-0.4418,0.28,0.04,0.0,0.8585,0.44,0.04,0.0,-0.5629
2025-11-19,2025-11-20,207,TRAIN,RANGE,0.1201,0.35,0.2,0.15,2.8886,0.55,0.05,0.0,-0.6931,0.4,0.4,0.4,5.9184,0.4,0.0,0.0,-0.2434,0.3,0.2,0.1,2.1501,0.6,0.0,0.0,-0.519,0.1667,0.1667,0.1667,3.6439,0.5,0.0,0.0,-0.6308,0.2,0.2,0.2,3.6439,0.4,0.0,0.0,-0.3387,0.36,0.24,0.16,2.7775,0.48,0.04,0.0,-0.5246
2025-11-20,2025-11-21,207,TRAIN,RANGE,0.0619,0.15,0.0,0.0,0.1522,0.7,0.2,0.0,-1.7236,0.0,0.0,0.0,0.0,0.6,0.4,0.0,-2.0285,0.1,0.0,0.0,0.1263,0.5,0.0,0.0,-1.2744,0.1667,0.0,0.0,0.1263,0.1667,0.0,0.0,-1.2821,0.2,0.0,0.0,0.1263,0.2,0.0,0.0,-1.2821,0.16,0.0,0.0,0.0529,0.68,0.2,0.0,-1.6951
2025-11-21,2025-11-24,210,TRAIN,BEAR,-1.2226,0.35,0.05,0.05,1.2684,0.65,0.35,0.1,-1.9934,0.4,0.2,0.2,2.7296,0.8,0.6,0.2,-2.6749,0.4,0.1,0.1,1.8606,0.7,0.4,0.2,-2.2147,0.5,0.0,0.0,1.0212,0.5,0.3333,0.1667,-2.4003,0.6,0.0,0.0,1.0212,0.6,0.4,0.2,-2.4003,0.4,0.08,0.08,1.4172,0.68,0.44,0.16,-2.3287
2025-11-24,2025-11-25,210,TRAIN,BEAR,-0.7532,0.4,0.0,0.0,0.8659,0.35,0.0,0.0,-0.6637,0.4,0.0,0.0,1.1405,0.6,0.0,0.0,-0.8544,0.3,0.0,0.0,0.6905,0.3,0.0,0.0,-0.3779,0.3333,0.0,0.0,0.6442,0.5,0.0,0.0,-0.3779,0.2,0.0,0.0,0.1347,0.4,0.0,0.0,-0.5274,0.4,0.0,0.0,1.0091,0.4,0.0,0.0,-0.6688
2025-11-25,2025-11-26,205,TRAIN,RANGE,0.1378,0.6,0.15,0.0,1.1852,0.15,0.05,0.05,-1.1124,0.4,0.0,0.0,0.9602,0.2,0.0,0.0,-0.1561,0.6,0.2,0.0,1.238,0.0,0.0,0.0,0.0,0.5,0.1667,0.0,1.6737,0.0,0.0,0.0,0.0,0.6,0.2,0.0,1.6737,0.0,0.0,0.0,0.0,0.64,0.08,0.0,1.0458,0.16,0.08,0.08,-0.9636
2025-11-26,2025-11-27,208,TRAIN,BULL,1.1331,0.5,0.15,0.1,2.0085,0.5,0.1,0.0,-1.2007,0.4,0.0,0.0,1.1347,0.6,0.2,0.0,-1.3185,0.5,0.1,0.1,2.2991,0.6,0.1,0.0,-1.2171,0.3333,0.0,0.0,1.1347,0.6667,0.1667,0.0,-1.3809,0.4,0.0,0.0,1.1347,0.6,0.2,0.0,-1.6189,0.48,0.16,0.12,2.1079,0.4,0.08,0.0,-1.5243
2025-11-27,2025-11-28,207,TRAIN,RANGE,-0.1898,0.5,0.1,0.0,0.7968,0.6,0.0,0.0,-0.7167,0.4,0.0,0.0,0.1341,0.2,0.0,0.0,-0.4832,0.6,0.1,0.0,0.6669,0.7,0.0,0.0,-0.7986,0.5,0.1667,0.0,1.0247,0.5,0.0,0.0,-0.7509,0.4,0.2,0.0,1.4596,0.4,0.0,0.0,-1.0943,0.48,0.08,0.0,0.5205,0.56,0.0,0.0,-0.6661
2025-11-28,2025-12-01,208,TRAIN,RANGE,-0.1332,0.45,0.15,0.05,1.3824,0.75,0.1,0.05,-1.4098,0.6,0.2,0.2,1.5348,0.8,0.2,0.2,-2.5417,0.4,0.2,0.1,1.9689,0.7,0.1,0.1,-1.7475,0.5,0.1667,0.1667,1.649,0.6667,0.1667,0.1667,-2.5177,0.4,0.2,0.2,1.7797,0.6,0.2,0.2,-3.0842,0.4,0.2,0.08,1.7324,0.68,0.16,0.08,-1.7731
2025-12-01,2025-12-02,207,TRAIN,RANGE,-0.0597,0.5,0.1,0.05,1.0136,0.55,0.0,0.0,-0.6835,0.6,0.2,0.2,1.7166,0.4,0.0,0.0,-0.7696,0.7,0.1,0.1,0.993,0.4,0.0,0.0,-0.5373,0.5,0.0,0.0,0.3182,0.3333,0.0,0.0,-0.4899,0.4,0.0,0.0,0.249,0.4,0.0,0.0,-0.4899,0.52,0.16,0.08,1.1652,0.52,0.0,0.0,-0.6792
2025-12-02,2025-12-03,209,TRAIN,RANGE,-0.2662,0.3,0.05,0.05,1.616,0.75,0.2,0.0,-1.4258,0.4,0.0,0.0,0.9997,0.6,0.4,0.0,-1.7932,0.2,0.1,0.1,2.2258,0.9,0.3,0.0,-1.5775,0.3333,0.1667,0.1667,2.2258,1.0,0.3333,0.0,-1.5339,0.4,0.2,0.2,2.2258,1.0,0.4,0.0,-1.4475,0.32,0.04,0.04,1.7174,0.68,0.2,0.0,-1.4401
2025-12-03,2025-12-04,208,TRAIN,BEAR,-0.5553,0.4,0.1,0.1,1.5602,0.55,0.0,0.0,-0.6266,0.2,0.0,0.0,1.9452,0.8,0.0,0.0,-0.6028,0.4,0.1,0.1,1.7337,0.7,0.0,0.0,-0.5791,0.1667,0.0,0.0,1.9452,0.6667,0.0,0.0,-0.5313,0.2,0.0,0.0,1.9452,0.6,0.0,0.0,-0.2333,0.44,0.08,0.08,1.495,0.6,0.0,0.0,-0.7006
2025-12-04,2025-12-05,208,TRAIN,RANGE,0.0777,0.3,0.05,0.0,1.0225,0.45,0.15,0.1,-1.412,0.2,0.2,0.0,2.1302,0.4,0.0,0.0,-0.2599,0.3,0.1,0.0,1.238,0.3,0.1,0.1,-1.3984,0.1667,0.1667,0.0,2.1302,0.1667,0.0,0.0,-0.2597,0.2,0.2,0.0,2.1302,0.2,0.0,0.0,-0.2597,0.28,0.08,0.0,0.8349,0.44,0.2,0.12,-1.1809
2025-12-05,2025-12-08,209,TRAIN,RANGE,0.0318,0.15,0.0,0.0,0.6881,0.8,0.45,0.4,-2.7218,0.2,0.0,0.0,1.0614,0.6,0.4,0.4,-3.2743,0.2,0.0,0.0,0.697,0.8,0.4,0.3,-2.7214,0.3333,0.0,0.0,0.697,0.8333,0.1667,0.1667,-1.8536,0.4,0.0,0.0,0.697,0.8,0.2,0.2,-1.8922,0.12,0.0,0.0,0.3855,0.8,0.48,0.44,-2.835
2025-12-08,2025-12-09,210,TRAIN,BEAR,-1.9238,0.4,0.1,0.05,1.2745,0.25,0.0,0.0,-0.5547,0.6,0.4,0.2,2.2782,0.2,0.0,0.0,-0.5839,0.6,0.1,0.0,0.8344,0.1,0.0,0.0,-1.0097,0.6667,0.1667,0.0,1.0903,0.0,0.0,0.0,0.0,0.6,0.2,0.0,1.3892,0.0,0.0,0.0,0.0,0.44,0.12,0.04,0.9155,0.16,0.0,0.0,-0.4831
2025-12-09,2025-12-10,210,TRAIN,RANGE,0.4888,0.4,0.0,0.0,0.6429,0.85,0.2,0.05,-1.4377,0.2,0.0,0.0,1.3324,1.0,0.4,0.0,-1.5502,0.2,0.0,0.0,0.7686,0.9,0.2,0.0,-1.2237,0.1667,0.0,0.0,1.3324,1.0,0.3333,0.0,-1.4304,0.2,0.0,0.0,1.3324,1.0,0.4,0.0,-1.5179,0.36,0.0,0.0,0.8345,0.76,0.2,0.04,-1.4532
2025-12-10,2025-12-11,208,TRAIN,RANGE,-0.426,0.7,0.1,0.1,1.672,0.2,0.0,0.0,-0.8255,0.2,0.0,0.0,1.563,0.4,0.0,0.0,-0.3218,0.7,0.0,0.0,1.0389,0.3,0.0,0.0,-0.443,0.5,0.0,0.0,1.4696,0.5,0.0,0.0,-0.443,0.4,0.0,0.0,1.6492,0.4,0.0,0.0,-0.3218,0.64,0.08,0.08,1.6148,0.16,0.0,0.0,-0.1452
2025-12-11,2025-12-12,204,TRAIN,BULL,0.5825,0.55,0.15,0.1,2.0265,0.4,0.0,0.0,-0.6533,0.2,0.0,0.0,1.3156,0.6,0.0,0.0,-1.2225,0.5,0.2,0.2,3.1412,0.2,0.0,0.0,-1.0629,0.5,0.1667,0.1667,3.3432,0.3333,0.0,0.0,-1.0629,0.6,0.2,0.2,3.3432,0.4,0.0,0.0,-1.0629,0.44,0.2,0.12,2.2175,0.36,0.0,0.0,-0.6187
2025-12-12,2025-12-15,203,TRAIN,BULL,0.6766,0.5,0.05,0.0,0.8844,0.65,0.05,0.0,-0.7223,0.6,0.0,0.0,0.7907,0.8,0.2,0.0,-0.8816,0.5,0.0,0.0,0.704,0.6,0.0,0.0,-0.6962,0.6667,0.0,0.0,0.7022,0.6667,0.0,0.0,-0.4527,0.6,0.0,0.0,0.6425,0.8,0.0,0.0,-0.4527,0.4,0.04,0.0,1.0099,0.68,0.08,0.0,-0.7951
2025-12-15,2025-12-16,203,TRAIN,RANGE,0.0336,0.1,0.05,0.05,2.108,0.7,0.05,0.05,-1.2527,0.0,0.0,0.0,0.0,0.8,0.0,0.0,-0.742,0.1,0.1,0.1,3.6585,0.7,0.0,0.0,-1.1384,0.1667,0.1667,0.1667,3.6585,0.8333,0.0,0.0,-1.1936,0.2,0.2,0.2,3.6585,0.8,0.0,0.0,-1.4375,0.12,0.08,0.08,1.5749,0.68,0.0,0.0,-0.845
2025-12-16,2025-12-17,208,TRAIN,BEAR,-0.6916,0.3,0.0,0.0,0.8946,0.6,0.25,0.05,-1.6369,0.4,0.0,0.0,0.9599,0.6,0.4,0.2,-2.1168,0.5,0.0,0.0,0.7001,0.6,0.2,0.1,-1.7109,0.5,0.0,0.0,0.5263,0.5,0.3333,0.1667,-2.1554,0.4,0.0,0.0,0.3199,0.6,0.4,0.2,-2.1554,0.32,0.0,0.0,0.6465,0.6,0.32,0.04,-1.7976
2025-12-17,2025-12-18,204,TRAIN,RANGE,-0.4938,0.5,0.1,0.05,1.507,0.35,0.0,0.0,-1.3146,0.8,0.2,0.0,1.5285,0.2,0.0,0.0,-1.9927,0.4,0.0,0.0,1.0816,0.3,0.0,0.0,-1.8641,0.6667,0.0,0.0,1.0816,0.3333,0.0,0.0,-1.9238,0.8,0.0,0.0,1.0816,0.4,0.0,0.0,-1.9238,0.52,0.08,0.04,1.4496,0.36,0.0,0.0,-1.221
2025-12-18,2025-12-19,205,TRAIN,RANGE,-0.1307,0.6,0.25,0.2,2.1608,0.2,0.0,0.0,-0.6454,0.4,0.2,0.2,1.7793,0.0,0.0,0.0,0.0,0.3,0.2,0.2,2.7171,0.2,0.0,0.0,-0.3686,0.5,0.3333,0.3333,2.7171,0.0,0.0,0.0,0.0,0.6,0.4,0.4,2.7171,0.0,0.0,0.0,0.0,0.68,0.28,0.2,1.954,0.24,0.0,0.0,-0.4059
2025-12-19,2025-12-22,207,TRAIN,BULL,1.1006,0.75,0.25,0.2,2.3562,0.15,0.05,0.05,-1.4866,1.0,0.8,0.8,5.1423,0.2,0.0,0.0,-0.36,0.7,0.3,0.2,3.3033,0.2,0.1,0.1,-2.0499,1.0,0.5,0.3333,3.591,0.3333,0.1667,0.1667,-2.0499,1.0,0.6,0.4,3.9456,0.2,0.2,0.2,-3.8347,0.76,0.36,0.28,2.7446,0.16,0.08,0.08,-1.6779
2025-12-22,2025-12-23,205,TRAIN,BULL,1.2137,0.35,0.2,0.0,1.8263,0.4,0.0,0.0,-0.3414,0.2,0.2,0.0,2.4549,0.0,0.0,0.0,0.0,0.2,0.2,0.0,2.5753,0.4,0.0,0.0,-0.3944,0.1667,0.1667,0.0,2.812,0.3333,0.0,0.0,-0.5145,0.2,0.2,0.0,2.812,0.4,0.0,0.0,-0.5145,0.28,0.12,0.0,1.6657,0.36,0.0,0.0,-0.4079
2025-12-23,2025-12-24,206,TRAIN,RANGE,0.3258,0.65,0.05,0.0,0.9189,0.65,0.1,0.05,-0.9668,0.8,0.0,0.0,0.649,0.6,0.2,0.0,-1.5345,0.7,0.1,0.0,0.9065,0.5,0.1,0.0,-1.165,0.6667,0.1667,0.0,1.4405,0.3333,0.1667,0.0,-1.6586,0.6,0.2,0.0,1.5453,0.4,0.2,0.0,-1.6586,0.6,0.04,0.0,0.7319,0.56,0.12,0.08,-1.1467
2025-12-24,2025-12-26,204,TRAIN,RANGE,-0.1972,0.7,0.35,0.25,3.2822,0.65,0.05,0.05,-0.9953,0.4,0.2,0.2,2.6535,1.0,0.2,0.2,-1.3287,0.6,0.3,0.3,3.848,0.7,0.1,0.1,-1.2074,0.5,0.1667,0.1667,1.9314,0.8333,0.1667,0.1667,-1.4396,0.4,0.2,0.2,2.6535,0.8,0.2,0.2,-1.4709,0.56,0.4,0.32,4.498,0.76,0.04,0.04,-0.8077
2025-12-26,2025-12-29,202,TRAIN,RANGE,-0.0568,0.1,0.05,0.05,5.2247,0.65,0.05,0.0,-1.0968,0.0,0.0,0.0,0.0,0.6,0.0,0.0,-0.8731,0.1,0.1,0.1,9.9969,0.6,0.0,0.0,-1.0847,0.1667,0.1667,0.1667,9.9969,0.8333,0.0,0.0,-1.1491,0.0,0.0,0.0,0.0,0.8,0.0,0.0,-1.1821,0.12,0.08,0.08,3.0443,0.72,0.08,0.0,-1.1312
2025-12-29,2025-12-30,204,TRAIN,RANGE,-0.4527,0.3,0.15,0.15,2.7845,0.8,0.2,0.1,-1.8219,0.4,0.0,0.0,1.0253,0.8,0.0,0.0,-1.0877,0.3,0.1,0.1,2.4063,0.8,0.1,0.0,-1.1047,0.5,0.1667,0.1667,2.4063,0.6667,0.0,0.0,-1.0877,0.4,0.2,0.2,3.1405,0.8,0.0,0.0,-1.0877,0.32,0.12,0.12,2.0868,0.76,0.16,0.12,-1.7896
2025-12-30,2025-12-31,206,TRAIN,RANGE,-0.2704,0.55,0.3,0.2,2.5942,0.1,0.0,0.0,-0.3302,0.2,0.2,0.2,4.2334,0.0,0.0,0.0,0.0,0.5,0.4,0.2,3.2016,0.2,0.0,0.0,-0.3302,0.3333,0.1667,0.1667,2.1372,0.1667,0.0,0.0,-0.3823,0.4,0.2,0.2,2.1372,0.2,0.0,0.0,-0.3823,0.52,0.24,0.16,1.7905,0.04,0.0,0.0,-0.0556
2025-12-31,2026-01-01,205,TRAIN,BULL,1.097,0.65,0.15,0.05,1.3117,0.6,0.1,0.0,-1.0656,0.8,0.2,0.0,1.1247,1.0,0.4,0.0,-1.3497,0.6,0.1,0.0,1.2781,0.6,0.1,0.0,-1.4195,0.6667,0.1667,0.0,1.427,0.8333,0.1667,0.0,-1.335,0.8,0.2,0.0,1.427,0.8,0.2,0.0,-1.4704,0.64,0.12,0.0,1.2228,0.64,0.12,0.0,-1.1043
2026-01-01,2026-01-02,200,TRAIN,RANGE,0.1851,0.65,0.15,0.1,1.6724,0.25,0.1,0.1,-2.3921,0.4,0.2,0.2,2.665,0.4,0.0,0.0,-1.1603,0.6,0.1,0.1,1.7736,0.2,0.1,0.1,-2.561,0.5,0.0,0.0,1.3456,0.3333,0.1667,0.1667,-2.561,0.4,0.0,0.0,1.3304,0.4,0.2,0.2,-2.561,0.56,0.16,0.08,1.8635,0.28,0.04,0.04,-1.0275
2026-01-02,2026-01-05,208,TRAIN,BULL,0.9541,0.6,0.2,0.1,1.519,0.65,0.15,0.05,-1.6963,0.6,0.4,0.2,2.7471,0.8,0.2,0.0,-1.1111,0.6,0.2,0.2,2.0457,0.7,0.2,0.0,-1.4404,0.8333,0.3333,0.3333,2.392,0.6667,0.1667,0.0,-1.0972,1.0,0.4,0.4,2.392,0.6,0.2,0.0,-1.0173,0.6,0.28,0.12,1.4882,0.64,0.12,0.04,-1.346
2026-01-05,2026-01-06,208,TRAIN,RANGE,0.037,0.35,0.1,0.05,1.2594,0.65,0.3,0.0,-1.6047,0.2,0.0,0.0,0.6365,0.6,0.4,0.0,-2.0346,0.5,0.1,0.0,0.7531,0.6,0.4,0.0,-1.9348,0.3333,0.1667,0.0,1.3591,0.6667,0.5,0.0,-1.8607,0.4,0.2,0.0,1.3591,0.8,0.6,0.0,-1.8607,0.24,0.08,0.04,0.8579,0.6,0.24,0.0,-1.605
2026-01-06,2026-01-07,206,TRAIN,RANGE,-0.1121,0.5,0.05,0.05,1.1243,0.45,0.1,0.05,-1.1361,0.4,0.0,0.0,0.8279,0.6,0.2,0.2,-1.4783,0.4,0.0,0.0,0.6597,0.4,0.1,0.1,-1.3891,0.3333,0.0,0.0,0.8279,0.5,0.0,0.0,-0.5744,0.2,0.0,0.0,1.4399,0.6,0.0,0.0,-0.5744,0.4,0.0,0.0,0.9405,0.52,0.12,0.08,-1.2085
2026-01-07,2026-01-08,207,TRAIN,RANGE,0.2033,0.15,0.05,0.0,1.3202,1.0,0.5,0.25,-2.257,0.2,0.0,0.0,0.9304,1.0,0.4,0.4,-2.0879,0.1,0.0,0.0,0.9304,1.0,0.4,0.1,-1.5499,0.1667,0.0,0.0,0.9304,1.0,0.5,0.1667,-1.9346,0.2,0.0,0.0,0.9304,1.0,0.4,0.2,-1.7494,0.16,0.04,0.0,0.617,1.0,0.44,0.24,-2.1985
2026-01-08,2026-01-09,207,TRAIN,BEAR,-1.7489,0.3,0.05,0.05,1.077,0.95,0.6,0.2,-2.0708,0.2,0.2,0.2,4.3628,0.8,0.6,0.4,-2.7199,0.3,0.0,0.0,0.4644,1.0,0.7,0.2,-2.0732,0.3333,0.0,0.0,0.4127,1.0,0.6667,0.3333,-2.0513,0.4,0.0,0.0,0.4127,1.0,0.6,0.4,-2.0369,0.24,0.08,0.08,1.635,0.96,0.6,0.2,-2.0128
2026-01-09,2026-01-12,208,TRAIN,BEAR,-1.1145,0.5,0.0,0.0,0.7409,0.55,0.05,0.0,-1.1782,0.4,0.0,0.0,0.8211,0.4,0.0,0.0,-1.0338,0.4,0.0,0.0,0.9725,0.3,0.1,0.0,-1.5757,0.5,0.0,0.0,0.9408,0.1667,0.0,0.0,-0.798,0.4,0.0,0.0,1.0002,0.2,0.0,0.0,-0.798,0.6,0.0,0.0,0.7587,0.52,0.04,0.0,-0.883
2026-01-12,2026-01-13,207,TRAIN,RANGE,-0.0549,0.45,0.1,0.05,1.2304,0.6,0.1,0.05,-1.3522,0.4,0.2,0.0,1.7916,0.4,0.0,0.0,-1.1533,0.3,0.1,0.1,2.2949,0.6,0.1,0.0,-1.2442,0.1667,0.0,0.0,1.4835,0.5,0.0,0.0,-1.0994,0.2,0.0,0.0,1.4835,0.4,0.0,0.0,-1.3711,0.48,0.12,0.04,0.9836,0.52,0.12,0.08,-1.6768
2026-01-13,2026-01-14,206,TRAIN,RANGE,-0.0494,0.6,0.2,0.15,1.9282,0.6,0.05,0.05,-0.9562,0.8,0.2,0.0,1.3181,0.4,0.0,0.0,-1.244,0.7,0.1,0.0,1.2286,0.6,0.0,0.0,-0.7763,0.6667,0.1667,0.0,1.2833,0.6667,0.0,0.0,-0.6674,0.6,0.2,0.0,1.6546,0.8,0.0,0.0,-0.6674,0.68,0.2,0.12,1.7171,0.56,0.04,0.04,-0.8666
2026-01-14,2026-01-15,205,TRAIN,RANGE,0.1277,0.0,0.0,0.0,0.0,0.0,0.0,0.0,0.0,0.0,0.0,0.0,0.0,0.0,0.0,0.0,0.0,0.0,0.0,0.0,0.0,0.0,0.0,0.0,0.0,0.0,0.0,0.0,0.0,0.0,0.0,0.0,0.0,0.0,0.0,0.0,0.0,0.0,0.0,0.0,0.0,0.0,0.0,0.0,0.0,0.0,0.0,0.0,0.0
2026-01-16,2026-01-19,206,TRAIN,RANGE,-0.2408,0.35,0.15,0.1,1.7696,0.75,0.25,0.1,-1.8131,0.4,0.2,0.2,2.1117,0.8,0.6,0.4,-3.2933,0.4,0.2,0.1,1.7228,0.6,0.2,0.1,-1.9226,0.5,0.3333,0.1667,2.2492,0.5,0.3333,0.1667,-2.7909,0.4,0.4,0.2,3.1791,0.6,0.4,0.2,-2.7909,0.32,0.16,0.12,1.8774,0.76,0.32,0.12,-1.9539
2026-01-19,2026-01-20,207,TRAIN,BEAR,-0.5832,0.1,0.05,0.05,1.9008,0.95,0.8,0.5,-3.4649,0.2,0.2,0.2,3.0815,1.0,0.8,0.6,-4.133,0.2,0.1,0.1,1.9008,1.0,0.8,0.6,-3.6911,0.3333,0.1667,0.1667,1.9008,1.0,0.6667,0.5,-3.5766,0.4,0.2,0.2,1.9008,1.0,0.8,0.6,-4.064,0.12,0.08,0.08,1.3766,0.96,0.76,0.44,-3.185
2026-01-20,2026-01-21,209,TRAIN,BEAR,-2.3266,0.4,0.05,0.0,0.8792,0.85,0.2,0.1,-1.9087,0.4,0.2,0.0,1.7555,1.0,0.4,0.4,-3.435,0.4,0.1,0.0,1.2003,1.0,0.2,0.2,-2.1795,0.3333,0.0,0.0,0.9224,1.0,0.1667,0.1667,-2.4819,0.4,0.0,0.0,0.9224,1.0,0.0,0.0,-0.5461,0.36,0.04,0.0,0.9349,0.84,0.2,0.16,-2.1429
2026-01-21,2026-01-22,208,TRAIN,BEAR,-0.5723,0.7,0.3,0.15,1.8534,0.4,0.15,0.1,-1.9306,0.2,0.0,0.0,0.2104,0.4,0.2,0.2,-3.1996,0.5,0.2,0.1,1.5546,0.4,0.1,0.1,-1.9594,0.5,0.1667,0.0,1.3974,0.5,0.1667,0.1667,-2.5062,0.4,0.2,0.0,1.9909,0.6,0.2,0.2,-2.5062,0.68,0.28,0.16,1.7495,0.36,0.12,0.08,-2.1789
2026-01-22,2026-01-23,208,TRAIN,BULL,1.0711,0.25,0.05,0.05,1.8043,0.85,0.35,0.3,-2.3763,0.2,0.0,0.0,0.7471,0.6,0.4,0.4,-3.4812,0.3,0.0,0.0,1.2176,0.8,0.3,0.2,-2.3371,0.1667,0.0,0.0,1.419,0.6667,0.3333,0.3333,-3.1235,0.2,0.0,0.0,1.419,0.6,0.2,0.2,-2.5527,0.24,0.08,0.08,1.8142,0.8,0.32,0.28,-2.2024
2026-01-23,2026-01-27,207,TRAIN,BEAR,-1.704,0.6,0.2,0.15,1.725,0.4,0.1,0.0,-1.3487,0.6,0.4,0.4,2.6177,0.4,0.2,0.0,-2.1678,0.6,0.3,0.2,2.0164,0.5,0.1,0.0,-1.2309,0.6667,0.1667,0.1667,1.5092,0.6667,0.1667,0.0,-1.4746,0.8,0.2,0.2,1.5092,0.8,0.2,0.0,-1.4746,0.56,0.24,0.2,1.5743,0.36,0.12,0.0,-1.4213
2026-01-27,2026-01-28,209,TRAIN,RANGE,0.3621,0.7,0.55,0.45,4.0982,0.25,0.0,0.0,-0.6829,0.2,0.0,0.0,0.1157,0.2,0.0,0.0,-0.2575,0.7,0.5,0.4,3.4576,0.4,0.0,0.0,-0.8129,0.6667,0.5,0.5,3.5649,0.1667,0.0,0.0,-0.2575,0.6,0.4,0.4,3.1286,0.2,0.0,0.0,-0.2575,0.6,0.44,0.36,4.2361,0.24,0.0,0.0,-0.838
2026-01-28,2026-01-29,206,TRAIN,BULL,2.0472,0.4,0.3,0.2,3.4701,0.6,0.25,0.05,-1.6132,0.6,0.6,0.4,5.1621,0.6,0.0,0.0,-0.2678,0.5,0.4,0.2,3.353,0.5,0.2,0.0,-1.3891,0.5,0.5,0.1667,4.2094,0.5,0.1667,0.0,-0.9656,0.6,0.6,0.2,4.2094,0.4,0.0,0.0,-0.1622,0.48,0.36,0.24,2.9608,0.6,0.2,0.08,-1.519
2026-01-29,2026-01-30,207,TRAIN,RANGE,-0.1455,0.45,0.2,0.2,2.8371,0.25,0.15,0.05,-3.5996,0.4,0.4,0.4,5.5988,0.0,0.0,0.0,0.0,0.5,0.4,0.4,4.5111,0.1,0.0,0.0,-0.1039,0.3333,0.1667,0.1667,4.3841,0.1667,0.0,0.0,-0.1039,0.4,0.2,0.2,4.3841,0.2,0.0,0.0,-0.1039,0.44,0.24,0.24,3.3691,0.24,0.12,0.04,-3.3533
2026-01-30,2026-02-02,209,TRAIN,RANGE,0.423,0.2,0.05,0.05,1.8112,0.5,0.2,0.1,-2.5239,0.2,0.2,0.2,3.7424,0.8,0.4,0.2,-3.2887,0.3,0.1,0.1,2.2412,0.4,0.2,0.1,-3.2049,0.1667,0.1667,0.1667,3.7424,0.6667,0.3333,0.1667,-3.2049,0.2,0.2,0.2,3.7424,0.8,0.4,0.2,-3.2049,0.16,0.04,0.04,1.2796,0.52,0.16,0.12,-1.9805
2026-02-02,2026-02-03,208,TRAIN,BEAR,-1.5746,0.85,0.4,0.35,3.8193,0.2,0.1,0.05,-2.4953,0.8,0.4,0.4,5.3502,0.2,0.2,0.2,-6.4735,0.7,0.4,0.3,3.7542,0.1,0.1,0.1,-6.4735,0.5,0.3333,0.3333,5.7256,0.0,0.0,0.0,0.0,0.4,0.2,0.2,6.9673,0.0,0.0,0.0,0.0,0.92,0.44,0.36,3.5137,0.12,0.08,0.08,-2.7637
2026-02-03,2026-02-04,208,TRAIN,BULL,2.3413,0.8,0.3,0.2,1.8084,0.25,0.05,0.0,-1.1784,1.0,0.4,0.2,1.9415,0.2,0.0,0.0,-1.0697,0.8,0.3,0.1,1.5883,0.3,0.0,0.0,-1.0019,0.8333,0.1667,0.0,1.2753,0.3333,0.0,0.0,-0.7437,1.0,0.2,0.0,1.2753,0.4,0.0,0.0,-0.7437,0.8,0.36,0.24,2.0547,0.28,0.08,0.0,-0.993
2026-02-04,2026-02-05,208,TRAIN,RANGE,0.464,0.5,0.2,0.15,2.1014,0.8,0.5,0.3,-2.5761,0.6,0.4,0.4,4.0742,1.0,1.0,0.4,-3.4041,0.5,0.2,0.1,1.6949,0.7,0.4,0.1,-2.2597,0.5,0.1667,0.1667,1.5954,0.6667,0.6667,0.1667,-3.0341,0.4,0.0,0.0,0.7954,0.8,0.8,0.2,-3.0341,0.52,0.2,0.16,2.0702,0.88,0.64,0.36,-2.8631
2026-02-05,2026-02-06,205,TRAIN,BEAR,-0.5833,0.35,0.1,0.05,1.3699,0.65,0.2,0.05,-1.3596,0.2,0.0,0.0,0.5918,0.6,0.2,0.0,-1.0721,0.4,0.2,0.1,1.8853,0.7,0.2,0.1,-1.6111,0.1667,0.1667,0.0,2.6792,0.6667,0.1667,0.0,-1.3416,0.0,0.0,0.0,0.0,0.6,0.2,0.0,-1.2583,0.28,0.08,0.04,0.9646,0.64,0.2,0.04,-1.3487
2026-02-06,2026-02-09,206,TRAIN,RANGE,-0.1403,0.8,0.4,0.3,3.6519,0.05,0.0,0.0,-1.448,0.8,0.4,0.4,4.2351,0.0,0.0,0.0,0.0,0.8,0.3,0.1,2.2064,0.0,0.0,0.0,0.0,0.8333,0.5,0.1667,2.7805,0.0,0.0,0.0,0.0,0.8,0.6,0.2,3.1121,0.0,0.0,0.0,0.0,0.88,0.48,0.36,4.4186,0.08,0.0,0.0,-0.5792
2026-02-09,2026-02-10,209,TRAIN,BULL,1.7449,0.55,0.25,0.25,3.6536,0.3,0.0,0.0,-0.2561,0.6,0.4,0.4,5.1255,0.0,0.0,0.0,0.0,0.3,0.2,0.2,3.8336,0.3,0.0,0.0,-0.1058,0.3333,0.3333,0.3333,5.2119,0.1667,0.0,0.0,-0.0299,0.4,0.4,0.4,5.2119,0.2,0.0,0.0,-0.0299,0.56,0.28,0.28,4.0209,0.36,0.0,0.0,-0.2328
2026-02-10,2026-02-11,209,TRAIN,RANGE,0.4814,0.5,0.25,0.1,2.0968,0.75,0.2,0.05,-1.9111,0.6,0.2,0.0,1.0959,0.6,0.0,0.0,-1.3613,0.5,0.2,0.1,2.2632,0.8,0.2,0.0,-1.4817,0.3333,0.1667,0.0,1.8196,0.8333,0.3333,0.0,-1.82,0.2,0.0,0.0,0.7263,0.8,0.4,0.0,-1.8427,0.56,0.32,0.12,1.6852,0.72,0.16,0.04,-2.0713
2026-02-11,2026-02-12,206,TRAIN,RANGE,0.0645,0.4,0.15,0.05,1.4126,0.8,0.15,0.15,-1.6485,0.4,0.2,0.2,2.2746,0.6,0.0,0.0,-0.6225,0.4,0.3,0.1,1.9495,0.8,0.2,0.2,-1.805,0.1667,0.0,0.0,0.1174,0.6667,0.0,0.0,-0.7303,0.2,0.0,0.0,0.1174,0.6,0.0,0.0,-0.7656,0.36,0.2,0.08,1.8058,0.72,0.12,0.12,-1.3511
2026-02-12,2026-02-13,206,TRAIN,BEAR,-0.6052,0.25,0.05,0.0,1.0946,0.9,0.6,0.35,-2.6584,0.2,0.2,0.0,2.8752,0.8,0.6,0.6,-3.4996,0.2,0.1,0.0,1.4829,0.8,0.5,0.2,-2.4139,0.0,0.0,0.0,0.0,0.6667,0.5,0.3333,-3.0767,0.0,0.0,0.0,0.0,0.6,0.4,0.4,-3.2903,0.2,0.08,0.0,0.9508,0.84,0.64,0.36,-2.7511
2026-02-13,2026-02-16,209,TRAIN,BEAR,-1.6751,0.55,0.05,0.0,0.773,0.45,0.1,0.0,-1.2406,0.4,0.0,0.0,0.5625,0.2,0.0,0.0,-1.9149,0.4,0.0,0.0,0.3658,0.4,0.1,0.0,-1.231,0.6667,0.0,0.0,0.3658,0.3333,0.0,0.0,-1.0427,0.6,0.0,0.0,0.3793,0.4,0.0,0.0,-1.0427,0.6,0.04,0.0,0.7093,0.48,0.08,0.0,-1.3171
2026-02-16,2026-02-17,202,TRAIN,RANGE,0.2935,0.75,0.1,0.1,1.4162,0.4,0.1,0.0,-1.0274,0.8,0.2,0.2,1.7284,0.8,0.2,0.0,-0.9577,0.6,0.1,0.1,1.7514,0.6,0.2,0.0,-1.3323,0.3333,0.0,0.0,0.3888,0.6667,0.1667,0.0,-0.9788,0.4,0.0,0.0,0.3888,0.8,0.2,0.0,-0.9788,0.72,0.12,0.12,1.3137,0.52,0.12,0.0,-0.906
2026-02-17,2026-02-18,207,TRAIN,BULL,0.6957,0.5,0.1,0.05,2.2618,0.45,0.05,0.0,-0.823,0.6,0.2,0.0,1.3477,0.4,0.0,0.0,-0.8339,0.5,0.1,0.0,0.955,0.5,0.1,0.0,-1.0844,0.5,0.1667,0.0,1.3207,0.5,0.0,0.0,-0.9796,0.6,0.2,0.0,1.3207,0.6,0.0,0.0,-0.9796,0.64,0.12,0.04,1.6611,0.4,0.0,0.0,-0.7244
2026-02-18,2026-02-19,207,TRAIN,RANGE,0.3348,0.15,0.05,0.0,1.3301,0.85,0.25,0.1,-1.5033,0.2,0.0,0.0,1.0176,0.8,0.4,0.0,-1.993,0.2,0.1,0.0,1.5447,0.9,0.3,0.2,-1.7215,0.1667,0.1667,0.0,2.0718,1.0,0.3333,0.1667,-1.6846,0.2,0.2,0.0,2.0718,1.0,0.4,0.2,-1.6942,0.2,0.04,0.0,0.9899,0.84,0.28,0.12,-1.5894
2026-02-19,2026-02-20,207,TRAIN,BEAR,-1.3281,0.5,0.2,0.0,1.4674,0.4,0.05,0.0,-1.0211,0.4,0.0,0.0,0.7567,0.8,0.2,0.0,-1.0663,0.5,0.1,0.0,1.1925,0.6,0.1,0.0,-1.0173,0.5,0.0,0.0,0.8262,0.6667,0.1667,0.0,-0.9356,0.6,0.0,0.0,0.8262,0.6,0.2,0.0,-1.1294,0.4,0.12,0.0,1.523,0.52,0.08,0.0,-0.8959
2026-02-20,2026-02-23,204,VAL,RANGE,0.4034,0.7,0.15,0.05,1.46,0.45,0.05,0.0,-0.783,0.4,0.4,0.2,3.8507,0.4,0.0,0.0,-0.4964,0.8,0.2,0.1,1.7007,0.4,0.1,0.0,-1.1081,1.0,0.3333,0.1667,1.7092,0.3333,0.1667,0.0,-1.3835,1.0,0.4,0.2,1.754,0.2,0.0,0.0,-0.5183,0.6,0.16,0.04,1.3362,0.44,0.08,0.0,-0.7313
2026-02-23,2026-02-24,208,VAL,RANGE,0.2446,0.6,0.25,0.2,2.1683,0.5,0.3,0.25,-3.4447,0.8,0.4,0.4,2.6936,0.6,0.2,0.2,-3.0074,0.8,0.4,0.3,2.6564,0.5,0.3,0.2,-3.336,1.0,0.5,0.5,2.9173,0.5,0.1667,0.1667,-2.7311,1.0,0.4,0.4,2.4815,0.6,0.2,0.2,-2.7311,0.68,0.24,0.2,1.8051,0.56,0.36,0.32,-3.6033
2026-02-24,2026-02-25,207,VAL,BEAR,-0.5325,0.65,0.3,0.15,3.0107,0.15,0.0,0.0,-0.8449,0.6,0.2,0.2,1.4767,0.4,0.0,0.0,-0.9085,0.7,0.3,0.1,1.952,0.2,0.0,0.0,-0.9085,0.8333,0.3333,0.1667,1.7849,0.3333,0.0,0.0,-0.9085,0.8,0.2,0.2,1.4897,0.4,0.0,0.0,-0.9085,0.68,0.32,0.2,3.7714,0.12,0.0,0.0,-0.5154
2026-02-25,2026-02-26,205,VAL,BULL,0.7225,0.6,0.1,0.05,1.4161,0.4,0.0,0.0,-1.0435,0.2,0.0,0.0,1.3259,0.4,0.0,0.0,-1.4898,0.7,0.1,0.0,1.1997,0.4,0.0,0.0,-1.1482,1.0,0.0,0.0,1.0233,0.3333,0.0,0.0,-1.4898,1.0,0.0,0.0,1.0555,0.4,0.0,0.0,-1.4898,0.56,0.12,0.04,1.3397,0.4,0.0,0.0,-0.9619
2026-02-26,2026-02-27,205,VAL,RANGE,0.3247,0.45,0.1,0.1,2.8841,0.55,0.2,0.1,-1.781,0.6,0.4,0.4,7.3853,0.6,0.0,0.0,-0.8414,0.5,0.1,0.1,3.8412,0.5,0.1,0.1,-1.3941,0.6667,0.1667,0.1667,4.7713,0.6667,0.0,0.0,-0.6753,0.8,0.2,0.2,4.7713,0.6,0.0,0.0,-0.56,0.56,0.12,0.12,3.6164,0.52,0.16,0.08,-1.5458
2026-02-27,2026-03-02,209,VAL,BEAR,-0.8388,0.25,0.15,0.1,3.8977,0.85,0.4,0.2,-2.1998,0.4,0.2,0.2,6.4963,1.0,0.6,0.0,-1.8813,0.3,0.2,0.2,5.3502,0.7,0.3,0.2,-1.867,0.1667,0.1667,0.1667,3.058,0.8333,0.5,0.3333,-1.9988,0.2,0.2,0.2,3.058,0.8,0.4,0.2,-1.4821,0.2,0.08,0.04,3.368,0.88,0.4,0.12,-1.966
2026-03-02,2026-03-04,207,VAL,BEAR,-1.4225,0.35,0.3,0.2,3.8403,0.9,0.6,0.5,-3.0833,0.6,0.6,0.4,4.4515,1.0,1.0,0.8,-4.0057,0.5,0.4,0.3,3.6003,1.0,0.8,0.7,-3.5299,0.6667,0.5,0.3333,3.7293,1.0,0.8333,0.8333,-3.9069,0.8,0.6,0.4,3.7293,1.0,1.0,1.0,-4.3662,0.4,0.36,0.24,4.0529,0.92,0.64,0.56,-3.4093
2026-03-04,2026-03-05,207,VAL,BEAR,-2.1049,0.4,0.25,0.2,3.7034,0.3,0.05,0.05,-1.624,0.4,0.4,0.4,8.5233,0.2,0.0,0.0,-0.9927,0.6,0.4,0.3,4.1616,0.2,0.1,0.1,-2.9947,0.5,0.3333,0.1667,3.3242,0.1667,0.0,0.0,-0.9927,0.4,0.2,0.2,3.5149,0.2,0.0,0.0,-0.9927,0.36,0.32,0.28,5.9418,0.36,0.04,0.04,-1.2969
2026-03-05,2026-03-06,208,VAL,BULL,1.3122,0.7,0.4,0.4,3.0373,0.85,0.3,0.05,-1.6558,0.8,0.6,0.6,3.3864,0.8,0.2,0.2,-2.2187,0.8,0.4,0.4,2.514,0.8,0.2,0.1,-1.9021,0.8333,0.3333,0.3333,2.4981,0.8333,0.1667,0.1667,-1.9799,0.8,0.2,0.2,2.0002,0.8,0.2,0.2,-1.9758,0.72,0.52,0.52,3.1812,0.84,0.28,0.08,-1.8249
2026-03-06,2026-03-09,207,VAL,RANGE,-0.3298,0.2,0.05,0.05,1.891,0.9,0.7,0.55,-3.3477,0.4,0.2,0.2,2.9244,1.0,0.6,0.6,-2.8262,0.1,0.1,0.1,5.7916,0.8,0.6,0.5,-3.3597,0.0,0.0,0.0,0.0,0.8333,0.5,0.5,-3.0516,0.0,0.0,0.0,0.0,0.8,0.6,0.6,-3.6907,0.24,0.04,0.04,0.9219,0.92,0.68,0.52,-3.2984
2026-03-09,2026-03-10,207,VAL,BEAR,-2.1631,0.65,0.35,0.2,2.2992,0.2,0.1,0.1,-2.745,0.4,0.4,0.4,5.243,0.4,0.0,0.0,-1.1896,0.8,0.3,0.3,2.3575,0.3,0.1,0.1,-2.5504,0.6667,0.3333,0.3333,2.365,0.3333,0.1667,0.1667,-3.4286,0.6,0.4,0.4,2.6044,0.2,0.2,0.2,-5.2719,0.52,0.28,0.2,2.2034,0.24,0.08,0.08,-1.3359
2026-03-10,2026-03-11,207,VAL,BULL,1.572,0.3,0.2,0.15,2.7931,0.7,0.3,0.15,-2.0498,0.2,0.2,0.2,4.3202,0.6,0.2,0.2,-2.2239,0.1,0.0,0.0,1.7298,0.8,0.3,0.2,-2.0328,0.0,0.0,0.0,0.0,0.6667,0.3333,0.3333,-2.5914,0.0,0.0,0.0,0.0,0.8,0.4,0.4,-2.5914,0.32,0.24,0.2,2.7664,0.68,0.32,0.16,-2.4564
2026-03-11,2026-03-12,207,VAL,BEAR,-0.7571,0.4,0.15,0.15,2.0873,0.7,0.25,0.1,-1.7903,0.6,0.4,0.4,3.0079,0.4,0.2,0.0,-1.9243,0.4,0.1,0.1,1.4308,0.7,0.4,0.2,-2.3757,0.3333,0.1667,0.1667,2.3779,0.6667,0.5,0.3333,-3.095,0.4,0.2,0.2,2.3779,0.8,0.6,0.4,-3.095,0.48,0.16,0.16,1.8721,0.68,0.16,0.04,-1.4849
2026-03-12,2026-03-13,205,VAL,RANGE,-0.3586,0.1,0.0,0.0,0.3012,1.0,0.95,0.65,-3.4948,0.0,0.0,0.0,0.0,1.0,1.0,0.8,-3.6442,0.2,0.0,0.0,0.3012,1.0,0.9,0.7,-3.9362,0.1667,0.0,0.0,0.1945,1.0,0.8333,0.6667,-3.845,0.2,0.0,0.0,0.1945,1.0,0.8,0.6,-3.8963,0.04,0.0,0.0,0.0816,1.0,0.92,0.68,-3.2433
2026-03-13,2026-03-16,206,VAL,BEAR,-2.4807,0.4,0.05,0.05,1.1473,0.35,0.2,0.15,-2.4316,0.6,0.2,0.2,2.3235,0.4,0.2,0.2,-2.0377,0.4,0.1,0.1,1.8715,0.3,0.1,0.1,-1.6666,0.3333,0.1667,0.1667,2.9108,0.5,0.1667,0.1667,-1.6666,0.4,0.2,0.2,2.9108,0.6,0.2,0.2,-1.6666,0.44,0.08,0.08,1.3123,0.32,0.2,0.2,-2.6723
2026-03-16,2026-03-17,208,VAL,RANGE,-0.4059,0.7,0.2,0.1,1.5517,0.05,0.0,0.0,-0.1965,0.6,0.4,0.4,3.4229,0.0,0.0,0.0,0.0,0.7,0.1,0.1,1.462,0.1,0.0,0.0,-0.1965,0.6667,0.1667,0.1667,1.8193,0.0,0.0,0.0,0.0,0.6,0.2,0.2,2.3475,0.0,0.0,0.0,0.0,0.72,0.24,0.16,1.7001,0.04,0.0,0.0,-0.0393
2026-03-17,2026-03-18,207,VAL,BULL,0.8235,0.65,0.25,0.15,2.3448,0.05,0.0,0.0,-0.4265,0.6,0.2,0.2,3.27,0.0,0.0,0.0,0.0,0.4,0.1,0.1,2.8879,0.0,0.0,0.0,0.0,0.1667,0.0,0.0,1.9341,0.0,0.0,0.0,0.0,0.2,0.0,0.0,1.9341,0.0,0.0,0.0,0.0,0.68,0.24,0.16,2.4162,0.04,0.0,0.0,-0.0853
2026-03-18,2026-03-19,208,VAL,BULL,1.6262,0.05,0.05,0.05,11.6667,1.0,0.85,0.6,-3.4478,0.2,0.2,0.2,11.6667,1.0,1.0,1.0,-4.3674,0.1,0.1,0.1,11.6667,1.0,0.8,0.7,-3.4031,0.1667,0.1667,0.1667,11.6667,1.0,0.8333,0.6667,-3.3239,0.2,0.2,0.2,11.6667,1.0,1.0,0.8,-3.8943,0.04,0.04,0.04,2.3333,1.0,0.88,0.56,-3.1846
2026-03-19,2026-03-20,204,VAL,BEAR,-2.9317,0.5,0.1,0.05,1.6747,0.5,0.1,0.05,-1.3957,0.4,0.4,0.2,6.2294,0.6,0.2,0.2,-2.2375,0.5,0.2,0.1,2.9415,0.6,0.0,0.0,-0.8893,0.3333,0.1667,0.1667,5.1083,0.5,0.0,0.0,-0.717,0.4,0.2,0.2,5.1083,0.4,0.0,0.0,-0.7909,0.52,0.16,0.08,2.0591,0.48,0.04,0.04,-1.2466
2026-03-20,2026-03-23,204,VAL,RANGE,0.4974,0.05,0.05,0.05,11.3782,1.0,1.0,0.85,-4.8583,0.0,0.0,0.0,0.0,1.0,1.0,0.8,-5.2686,0.1,0.1,0.1,11.3782,1.0,1.0,1.0,-5.3951,0.0,0.0,0.0,0.0,1.0,1.0,1.0,-5.8671,0.0,0.0,0.0,0.0,1.0,1.0,1.0,-6.1429,0.08,0.08,0.08,4.5513,1.0,1.0,0.88,-5.1487
2026-03-23,2026-03-24,204,VAL,BEAR,-3.8427,1.0,0.4,0.35,2.9036,0.05,0.05,0.05,-4.9938,1.0,0.2,0.2,2.0395,0.0,0.0,0.0,0.0,1.0,0.3,0.3,2.0169,0.0,0.0,0.0,0.0,1.0,0.1667,0.1667,1.7589,0.0,0.0,0.0,0.0,1.0,0.2,0.2,2.0829,0.0,0.0,0.0,0.0,1.0,0.32,0.32,2.7241,0.08,0.08,0.08,-1.9975
2026-03-24,2026-03-25,205,VAL,BULL,2.0032,0.7,0.5,0.35,3.0465,0.1,0.0,0.0,-0.5556,0.2,0.2,0.2,8.4686,0.0,0.0,0.0,0.0,0.5,0.3,0.3,3.5346,0.0,0.0,0.0,0.0,0.3333,0.1667,0.1667,2.0255,0.0,0.0,0.0,0.0,0.4,0.2,0.2,2.0255,0.0,0.0,0.0,0.0,0.6,0.52,0.32,3.5979,0.12,0.0,0.0,-0.3023
2026-03-25,2026-03-27,204,VAL,BULL,1.9596,0.05,0.0,0.0,0.4894,1.0,0.7,0.5,-2.9132,0.0,0.0,0.0,0.0,1.0,0.4,0.4,-2.8087,0.1,0.0,0.0,0.4894,1.0,0.6,0.4,-2.7024,0.1667,0.0,0.0,0.4894,1.0,0.5,0.1667,-2.1242,0.0,0.0,0.0,0.0,1.0,0.4,0.2,-2.1103,0.08,0.0,0.0,0.1958,1.0,0.64,0.44,-2.8106
2026-03-27,2026-03-30,207,VAL,BEAR,-2.2786,0.05,0.0,0.0,0.9576,0.85,0.75,0.7,-3.9456,0.0,0.0,0.0,0.0,0.8,0.8,0.8,-5.6539,0.1,0.0,0.0,0.9576,0.9,0.8,0.8,-3.6335,0.1667,0.0,0.0,0.9576,1.0,1.0,1.0,-4.0086,0.2,0.0,0.0,0.9576,1.0,1.0,1.0,-4.0932,0.0,0.0,0.0,0.0,0.84,0.72,0.72,-4.2068
2026-03-30,2026-04-01,205,VAL,BEAR,-2.4548,0.95,0.55,0.35,2.9265,0.05,0.05,0.05,-3.257,1.0,0.6,0.4,3.4651,0.0,0.0,0.0,0.0,1.0,0.5,0.3,2.1981,0.0,0.0,0.0,0.0,1.0,0.5,0.3333,2.3259,0.0,0.0,0.0,0.0,1.0,0.4,0.2,1.9712,0.0,0.0,0.0,0.0,0.96,0.48,0.32,2.7637,0.0,0.0,0.0,0.0
2026-04-01,2026-04-02,206,VAL,BULL,2.9406,0.35,0.05,0.05,0.9835,0.3,0.0,0.0,-0.5222,0.6,0.2,0.2,1.3021,0.4,0.0,0.0,-0.7702,0.4,0.1,0.1,1.1259,0.4,0.0,0.0,-0.5201,0.5,0.0,0.0,0.4761,0.3333,0.0,0.0,-0.7147,0.6,0.0,0.0,0.4761,0.4,0.0,0.0,-0.7147,0.36,0.08,0.08,1.3614,0.32,0.0,0.0,-0.4718
2026-04-02,2026-04-06,201,VAL,RANGE,0.137,0.8,0.2,0.2,2.0082,0.1,0.0,0.0,-1.0861,0.8,0.2,0.2,1.3931,0.2,0.0,0.0,-1.3677,0.7,0.2,0.2,1.5584,0.2,0.0,0.0,-1.0861,0.6667,0.1667,0.1667,1.8057,0.1667,0.0,0.0,-1.3677,0.6,0.0,0.0,1.0332,0.2,0.0,0.0,-1.3677,0.72,0.16,0.16,1.725,0.12,0.0,0.0,-0.4908
2026-04-06,2026-04-07,207,VAL,BULL,1.2493,0.6,0.1,0.05,1.2549,0.5,0.1,0.05,-1.5057,0.8,0.2,0.0,0.8809,0.8,0.2,0.0,-1.3076,0.5,0.0,0.0,0.6637,0.5,0.2,0.1,-2.0366,0.3333,0.0,0.0,0.4395,0.6667,0.1667,0.1667,-1.9108,0.4,0.0,0.0,0.4395,0.8,0.2,0.2,-1.9108,0.68,0.12,0.04,1.0901,0.56,0.12,0.04,-1.5164
2026-04-07,2026-04-08,204,VAL,RANGE,0.424,0.85,0.75,0.55,4.9316,0.2,0.0,0.0,-0.6547,1.0,1.0,0.8,5.8096,0.0,0.0,0.0,0.0,1.0,0.8,0.6,5.0499,0.3,0.0,0.0,-0.807,1.0,0.6667,0.5,3.9911,0.1667,0.0,0.0,-0.3929,1.0,0.6,0.4,2.535,0.2,0.0,0.0,-0.3929,0.84,0.76,0.64,5.9061,0.16,0.0,0.0,-0.282
2026-04-08,2026-04-09,208,VAL,BULL,3.7458,0.6,0.25,0.1,1.734,0.35,0.0,0.0,-1.1077,0.8,0.2,0.2,1.7414,0.2,0.0,0.0,-1.1721,0.8,0.2,0.0,1.3466,0.3,0.0,0.0,-1.4793,0.6667,0.0,0.0,1.2132,0.1667,0.0,0.0,-1.1721,0.6,0.0,0.0,1.1433,0.2,0.0,0.0,-1.1721,0.6,0.2,0.08,1.5328,0.24,0.0,0.0,-0.9758
2026-04-09,2026-04-10,206,VAL,RANGE,0.1618,1.0,0.55,0.5,2.9473,0.2,0.0,0.0,-0.458,1.0,1.0,0.8,4.1073,0.0,0.0,0.0,0.0,1.0,0.6,0.5,3.1226,0.2,0.0,0.0,-0.7389,1.0,0.5,0.5,3.0914,0.3333,0.0,0.0,-0.7389,1.0,0.4,0.4,2.5064,0.2,0.0,0.0,-0.9192,1.0,0.52,0.44,2.7838,0.04,0.0,0.0,-0.1117
2026-04-10,2026-04-13,207,VAL,BULL,1.3674,0.45,0.2,0.1,2.1651,0.65,0.15,0.05,-1.2545,0.6,0.4,0.2,2.9809,0.8,0.0,0.0,-0.4996,0.6,0.3,0.1,2.1579,0.5,0.1,0.1,-1.3242,0.5,0.3333,0.1667,2.9809,0.5,0.0,0.0,-0.5704,0.6,0.4,0.2,2.9809,0.6,0.0,0.0,-0.5704,0.56,0.28,0.12,2.2466,0.76,0.08,0.04,-1.0335
2026-04-13,2026-04-15,208,VAL,RANGE,-0.4602,0.95,0.75,0.5,3.8121,0.1,0.0,0.0,-1.5941,0.8,0.4,0.2,2.1997,0.4,0.0,0.0,-1.5941,0.9,0.7,0.6,4.6,0.1,0.0,0.0,-1.6142,0.8333,0.5,0.5,3.9943,0.1667,0.0,0.0,-1.6142,0.8,0.4,0.4,3.8505,0.2,0.0,0.0,-1.6142,0.92,0.76,0.4,3.2911,0.12,0.0,0.0,-0.9524
2026-04-15,2026-04-16,206,VAL,BULL,2.3441,0.8,0.45,0.15,2.0788,0.45,0.05,0.0,-0.7463,0.8,0.4,0.2,1.9575,0.6,0.2,0.0,-1.5939,0.8,0.3,0.0,1.5768,0.6,0.1,0.0,-0.7963,0.8333,0.1667,0.0,1.2904,0.6667,0.1667,0.0,-0.7102,0.8,0.2,0.0,1.4,0.8,0.2,0.0,-0.7102,0.88,0.52,0.16,2.0997,0.48,0.04,0.0,-0.9165
2026-04-16,2026-04-17,208,VAL,BULL,0.833,0.75,0.45,0.3,2.5076,0.2,0.05,0.05,-1.5126,0.6,0.4,0.2,2.7675,0.4,0.2,0.2,-1.5827,0.7,0.3,0.3,2.2946,0.3,0.1,0.1,-1.649,0.6667,0.1667,0.1667,1.6984,0.3333,0.1667,0.1667,-2.4181,0.6,0.2,0.2,2.1267,0.4,0.2,0.2,-2.4181,0.68,0.36,0.24,2.2373,0.28,0.08,0.08,-1.1241
2026-04-17,2026-04-20,207,VAL,BULL,1.2124,0.15,0.1,0.05,2.5017,0.35,0.1,0.0,-1.4036,0.0,0.0,0.0,0.0,0.2,0.2,0.0,-2.1905,0.1,0.0,0.0,0.2764,0.5,0.2,0.0,-1.6177,0.0,0.0,0.0,0.0,0.5,0.3333,0.0,-1.4992,0.0,0.0,0.0,0.0,0.4,0.4,0.0,-2.2377,0.12,0.08,0.08,1.9782,0.4,0.16,0.0,-1.5987
2026-04-20,2026-04-21,207,VAL,RANGE,-0.3067,0.65,0.25,0.15,1.8657,0.4,0.0,0.0,-0.558,0.6,0.0,0.0,0.5469,0.4,0.0,0.0,-0.3047,0.6,0.2,0.1,1.6303,0.5,0.0,0.0,-0.6531,0.6667,0.0,0.0,0.624,0.5,0.0,0.0,-0.8586,0.6,0.0,0.0,0.7893,0.6,0.0,0.0,-0.8586,0.64,0.2,0.16,1.7621,0.4,0.0,0.0,-0.5455
2026-04-21,2026-04-22,206,VAL,BULL,0.6548,0.85,0.4,0.25,3.149,0.5,0.05,0.0,-1.1158,0.6,0.2,0.2,2.9424,0.4,0.0,0.0,-0.4428,0.7,0.5,0.4,5.3596,0.5,0.1,0.0,-1.2874,0.6667,0.6667,0.5,7.1608,0.3333,0.0,0.0,-0.9454,0.6,0.6,0.6,8.871,0.4,0.0,0.0,-0.9454,0.84,0.32,0.28,3.2809,0.52,0.08,0.0,-0.9475
2026-04-22,2026-04-23,206,VAL,BULL,0.7735,0.45,0.15,0.05,2.1092,0.8,0.25,0.2,-1.7918,0.4,0.2,0.2,4.7694,0.8,0.0,0.0,-0.8761,0.7,0.2,0.1,2.1461,0.9,0.2,0.1,-1.3834,0.6667,0.3333,0.1667,2.9664,1.0,0.1667,0.0,-1.1257,0.6,0.2,0.2,3.2675,1.0,0.2,0.0,-1.1454,0.52,0.2,0.08,2.1487,0.8,0.24,0.16,-1.786
2026-04-23,2026-04-24,208,VAL,RANGE,-0.3612,0.45,0.15,0.05,1.6069,1.0,0.5,0.35,-2.7238,0.2,0.0,0.0,0.5701,1.0,0.8,0.8,-4.1252,0.4,0.1,0.0,1.0786,1.0,0.5,0.5,-2.763,0.5,0.1667,0.0,0.9214,1.0,0.3333,0.3333,-2.1292,0.4,0.0,0.0,0.3798,1.0,0.4,0.4,-2.2534,0.28,0.12,0.04,1.0782,1.0,0.56,0.44,-3.024
2026-04-24,2026-04-27,207,VAL,BEAR,-1.1322,0.75,0.3,0.3,2.5248,0.05,0.0,0.0,-0.5085,0.6,0.0,0.0,1.4374,0.0,0.0,0.0,0.0,0.8,0.2,0.2,1.9033,0.1,0.0,0.0,-0.5085,0.8333,0.0,0.0,1.2877,0.1667,0.0,0.0,-0.5085,0.8,0.0,0.0,1.3932,0.2,0.0,0.0,-0.5085,0.72,0.24,0.24,2.0661,0.0,0.0,0.0,0.0
2026-04-27,2026-04-28,207,VAL,BULL,1.6007,0.45,0.2,0.1,2.1572,0.6,0.2,0.1,-1.4923,0.6,0.4,0.2,2.0575,0.6,0.4,0.0,-2.1242,0.4,0.2,0.2,2.7538,0.9,0.4,0.2,-1.6816,0.1667,0.1667,0.1667,3.1369,1.0,0.3333,0.1667,-1.4562,0.2,0.2,0.2,3.1369,1.0,0.4,0.2,-1.6285,0.32,0.16,0.08,1.8085,0.56,0.24,0.12,-1.8804
2026-04-28,2026-04-29,208,VAL,RANGE,0.0751,0.4,0.2,0.15,2.4603,0.55,0.05,0.05,-1.256,0.4,0.2,0.2,3.7892,0.4,0.0,0.0,-1.5924,0.3,0.2,0.1,2.797,0.4,0.1,0.1,-1.7664,0.1667,0.0,0.0,0.2252,0.5,0.1667,0.1667,-2.1482,0.2,0.0,0.0,0.2252,0.6,0.2,0.2,-2.1482,0.32,0.16,0.12,3.0271,0.56,0.04,0.04,-1.2668
2026-04-29,2026-04-30,208,VAL,RANGE,0.4811,0.25,0.0,0.0,0.8864,0.8,0.3,0.05,-1.6381,0.2,0.0,0.0,1.1566,0.6,0.4,0.2,-2.4205,0.1,0.0,0.0,0.9248,0.9,0.2,0.1,-1.4345,0.1667,0.0,0.0,0.9248,1.0,0.3333,0.1667,-1.6997,0.0,0.0,0.0,0.0,1.0,0.4,0.2,-1.7321,0.36,0.0,0.0,0.9263,0.76,0.32,0.08,-1.7255
2026-04-30,2026-05-01,206,VAL,BEAR,-1.1327,0.0,0.0,0.0,0.0,0.0,0.0,0.0,0.0,0.0,0.0,0.0,0.0,0.0,0.0,0.0,0.0,0.0,0.0,0.0,0.0,0.0,0.0,0.0,0.0,0.0,0.0,0.0,0.0,0.0,0.0,0.0,0.0,0.0,0.0,0.0,0.0,0.0,0.0,0.0,0.0,0.0,0.0,0.0,0.0,0.0,0.0,0.0,0.0
2026-05-04,2026-05-05,207,VAL,BULL,0.7421,0.55,0.25,0.2,2.6975,0.4,0.1,0.0,-1.2291,0.4,0.4,0.2,6.083,0.6,0.0,0.0,-0.6597,0.6,0.2,0.1,2.7134,0.4,0.0,0.0,-0.7425,0.3333,0.0,0.0,0.8029,0.5,0.0,0.0,-0.6597,0.4,0.0,0.0,0.8029,0.6,0.0,0.0,-0.6597,0.6,0.24,0.16,2.3238,0.4,0.08,0.0,-1.1042
2026-05-05,2026-05-06,207,VAL,RANGE,0.2182,0.85,0.25,0.2,2.1772,0.4,0.0,0.0,-0.734,0.8,0.4,0.4,4.1486,0.4,0.0,0.0,-0.5819,0.8,0.4,0.3,3.005,0.3,0.0,0.0,-0.9672,0.8333,0.5,0.3333,3.6112,0.3333,0.0,0.0,-0.9834,0.8,0.4,0.2,2.0503,0.4,0.0,0.0,-0.9834,0.84,0.32,0.28,2.596,0.48,0.0,0.0,-0.617
2026-05-06,2026-05-07,208,VAL,BULL,1.6425,0.55,0.25,0.15,3.2906,0.3,0.05,0.0,-1.095,0.6,0.4,0.4,6.3057,0.0,0.0,0.0,0.0,0.6,0.3,0.3,4.5414,0.2,0.0,0.0,-1.0515,0.6667,0.1667,0.1667,4.7174,0.0,0.0,0.0,0.0,0.8,0.2,0.2,4.7174,0.0,0.0,0.0,0.0,0.56,0.32,0.2,3.9433,0.32,0.04,0.0,-0.9388
2026-05-07,2026-05-08,207,VAL,BULL,0.7098,0.5,0.15,0.1,2.2355,0.55,0.1,0.0,-1.1976,0.2,0.2,0.2,3.9887,0.6,0.2,0.0,-1.687,0.4,0.2,0.2,3.0001,0.6,0.1,0.0,-1.2439,0.5,0.1667,0.1667,2.6705,0.5,0.1667,0.0,-1.4201,0.6,0.2,0.2,2.6705,0.4,0.2,0.0,-1.9411,0.48,0.2,0.16,2.4349,0.52,0.12,0.0,-1.5173
2026-05-08,2026-05-11,208,VAL,RANGE,-0.1153,0.35,0.3,0.25,4.5125,0.85,0.3,0.1,-2.0306,0.2,0.0,0.0,0.519,0.6,0.4,0.2,-4.1861,0.4,0.3,0.2,3.2645,0.9,0.2,0.1,-1.4548,0.3333,0.1667,0.1667,2.2367,0.8333,0.3333,0.1667,-1.8877,0.4,0.2,0.2,2.2367,0.8,0.2,0.0,-1.508,0.32,0.24,0.24,3.8457,0.76,0.28,0.08,-2.2107
2026-05-11,2026-05-12,207,VAL,BEAR,-1.2762,0.05,0.05,0.05,3.0734,0.9,0.6,0.4,-3.0259,0.0,0.0,0.0,0.0,1.0,1.0,0.6,-3.4853,0.1,0.1,0.1,3.0734,0.9,0.6,0.4,-2.5848,0.1667,0.1667,0.1667,3.0734,1.0,0.8333,0.6667,-3.1655,0.2,0.2,0.2,3.0734,1.0,0.8,0.8,-3.2151,0.04,0.04,0.04,0.6147,0.88,0.64,0.4,-3.408
2026-05-12,2026-05-13,207,VAL,BEAR,-2.4268,0.65,0.3,0.25,2.5475,0.35,0.1,0.05,-2.1176,0.8,0.2,0.2,3.1798,0.4,0.2,0.0,-1.3448,0.7,0.4,0.4,3.3855,0.4,0.2,0.1,-3.3132,0.8333,0.3333,0.3333,3.2017,0.3333,0.1667,0.0,-1.3448,0.8,0.2,0.2,2.0257,0.2,0.2,0.0,-2.4929,0.68,0.32,0.28,2.8198,0.4,0.16,0.08,-3.0353
2026-05-13,2026-05-14,206,VAL,BULL,0.6231,0.65,0.3,0.1,1.5943,0.35,0.1,0.05,-1.3535,0.8,0.4,0.2,2.0563,0.2,0.0,0.0,-0.4763,0.6,0.3,0.1,1.4454,0.4,0.1,0.1,-1.4986,0.6667,0.3333,0.0,1.1991,0.3333,0.0,0.0,-0.5969,0.6,0.4,0.0,1.4871,0.4,0.0,0.0,-0.5969,0.68,0.24,0.12,1.4298,0.36,0.12,0.08,-1.5958
2026-05-14,2026-05-15,207,OOS,BULL,0.7563,0.25,0.1,0.05,1.7495,0.65,0.3,0.1,-1.9,0.2,0.0,0.0,0.1449,1.0,0.2,0.0,-1.1789,0.3,0.1,0.1,1.8275,0.8,0.3,0.1,-1.7931,0.3333,0.0,0.0,0.794,1.0,0.5,0.1667,-1.873,0.4,0.0,0.0,0.794,1.0,0.6,0.2,-2.137,0.24,0.04,0.04,1.3784,0.72,0.32,0.12,-1.747
2026-05-15,2026-05-18,205,OOS,BEAR,-0.5803,0.35,0.1,0.1,1.7278,0.8,0.35,0.1,-2.0898,0.4,0.2,0.2,2.1216,0.8,0.4,0.2,-2.0701,0.4,0.2,0.2,2.3783,0.9,0.4,0.2,-2.5648,0.3333,0.1667,0.1667,2.6351,1.0,0.5,0.1667,-2.8093,0.4,0.2,0.2,2.6351,1.0,0.6,0.2,-2.9775,0.32,0.12,0.12,1.8872,0.8,0.28,0.16,-2.1506
2026-05-18,2026-05-19,208,OOS,BEAR,-0.8957,0.7,0.4,0.25,2.1524,0.35,0.0,0.0,-0.6741,0.8,0.6,0.6,3.0554,0.4,0.0,0.0,-0.7188,0.8,0.7,0.5,2.892,0.4,0.0,0.0,-0.7645,0.6667,0.6667,0.6667,3.6722,0.5,0.0,0.0,-0.4929,0.6,0.6,0.6,3.8944,0.4,0.0,0.0,-0.5646,0.68,0.44,0.28,2.1777,0.36,0.0,0.0,-0.6399
2026-05-19,2026-05-20,203,OOS,BULL,0.74,0.5,0.0,0.0,0.9256,0.4,0.05,0.05,-1.1276,0.2,0.0,0.0,1.3963,0.4,0.2,0.2,-3.381,0.4,0.0,0.0,1.1619,0.4,0.0,0.0,-0.5877,0.1667,0.0,0.0,0.9547,0.3333,0.0,0.0,-0.6314,0.0,0.0,0.0,0.0,0.4,0.0,0.0,-0.6314,0.52,0.0,0.0,0.8728,0.36,0.08,0.08,-1.513
2026-05-20,2026-05-21,203,OOS,RANGE,0.0258,0.55,0.15,0.15,1.8459,0.4,0.0,0.0,-0.9868,0.4,0.2,0.2,3.4055,0.4,0.0,0.0,-1.0938,0.5,0.2,0.2,2.4237,0.6,0.0,0.0,-0.9352,0.6667,0.1667,0.1667,1.3302,0.5,0.0,0.0,-1.3233,0.8,0.2,0.2,1.3302,0.4,0.0,0.0,-1.432,0.48,0.16,0.16,1.7684,0.36,0.0,0.0,-0.9034
2026-05-21,2026-05-22,206,OOS,RANGE,0.2654,0.75,0.3,0.2,2.3513,0.6,0.2,0.1,-1.4017,0.8,0.6,0.6,3.5769,0.6,0.6,0.2,-2.9685,0.6,0.3,0.2,2.4389,0.6,0.2,0.1,-1.5108,0.3333,0.3333,0.3333,4.83,0.5,0.1667,0.0,-1.3995,0.4,0.4,0.4,4.83,0.6,0.2,0.0,-1.3995,0.76,0.36,0.24,2.5322,0.64,0.32,0.16,-1.8898
2026-05-22,2026-05-25,204,OOS,RANGE,0.1424,0.65,0.3,0.2,2.2133,0.2,0.05,0.05,-1.1777,0.6,0.4,0.4,3.3463,0.0,0.0,0.0,0.0,0.7,0.4,0.2,2.5785,0.2,0.1,0.1,-1.9139,0.6667,0.3333,0.1667,2.2679,0.1667,0.0,0.0,-0.386,0.8,0.4,0.2,2.2679,0.2,0.0,0.0,-0.386,0.64,0.32,0.28,2.4245,0.16,0.0,0.0,-0.4212
2026-05-25,2026-05-26,205,OOS,BULL,1.1318,0.5,0.2,0.2,2.2371,0.55,0.05,0.0,-0.9163,0.6,0.0,0.0,0.3534,0.4,0.0,0.0,-0.5187,0.5,0.1,0.1,1.4068,0.3,0.0,0.0,-0.9968,0.5,0.0,0.0,0.7307,0.3333,0.0,0.0,-0.9898,0.4,0.0,0.0,1.0264,0.4,0.0,0.0,-0.9898,0.56,0.24,0.24,2.9268,0.48,0.08,0.0,-1.0262
2026-05-26,2026-05-27,206,OOS,RANGE,0.2422,0.65,0.4,0.25,3.1555,0.55,0.1,0.0,-0.8857,0.2,0.2,0.2,5.2484,0.6,0.0,0.0,-0.7335,0.5,0.4,0.3,4.1747,0.8,0.0,0.0,-0.5241,0.5,0.5,0.3333,4.9359,1.0,0.0,0.0,-0.6172,0.4,0.4,0.2,5.1426,1.0,0.0,0.0,-0.6571,0.52,0.32,0.24,3.7761,0.64,0.12,0.0,-0.9825
2026-05-27,2026-05-28,204,OOS,BULL,0.5061,0.0,0.0,0.0,0.0,0.0,0.0,0.0,0.0,0.0,0.0,0.0,0.0,0.0,0.0,0.0,0.0,0.0,0.0,0.0,0.0,0.0,0.0,0.0,0.0,0.0,0.0,0.0,0.0,0.0,0.0,0.0,0.0,0.0,0.0,0.0,0.0,0.0,0.0,0.0,0.0,0.0,0.0,0.0,0.0,0.0,0.0,0.0,0.0
2026-05-29,2026-06-01,207,OOS,BEAR,-1.3652,0.4,0.1,0.0,1.1033,0.7,0.2,0.1,-1.8991,0.4,0.0,0.0,1.042,0.8,0.4,0.4,-3.2971,0.4,0.1,0.0,1.0882,0.7,0.2,0.2,-2.2516,0.3333,0.0,0.0,0.4801,0.5,0.0,0.0,-1.2209,0.4,0.0,0.0,0.4801,0.4,0.0,0.0,-0.9179,0.44,0.08,0.0,1.1206,0.76,0.28,0.12,-3.1738
2026-06-01,2026-06-02,208,OOS,BEAR,-1.0267,0.85,0.45,0.2,2.0686,0.6,0.05,0.05,-0.9602,1.0,0.6,0.0,1.926,0.4,0.0,0.0,-0.7594,0.9,0.4,0.2,1.9064,0.5,0.1,0.1,-1.2509,0.8333,0.3333,0.3333,2.0657,0.6667,0.0,0.0,-0.7356,0.8,0.2,0.2,1.7864,0.8,0.0,0.0,-0.7356,0.84,0.36,0.12,1.6851,0.52,0.08,0.08,-1.116
2026-06-02,2026-06-03,206,OOS,BULL,0.5767,0.35,0.2,0.15,2.6809,0.55,0.1,0.0,-0.9878,0.6,0.6,0.4,3.689,0.4,0.0,0.0,-0.888,0.5,0.2,0.1,1.7562,0.4,0.1,0.0,-1.0344,0.5,0.1667,0.1667,1.8277,0.5,0.1667,0.0,-1.3013,0.4,0.2,0.2,2.0162,0.4,0.2,0.0,-1.3194,0.4,0.28,0.2,2.7519,0.48,0.08,0.0,-1.079
2026-06-03,2026-06-04,206,OOS,RANGE,-0.2576,0.4,0.1,0.1,2.0135,0.3,0.05,0.05,-1.7557,0.6,0.2,0.2,2.4428,0.6,0.0,0.0,-1.3837,0.4,0.1,0.1,2.1314,0.4,0.1,0.1,-1.9842,0.3333,0.0,0.0,0.792,0.5,0.1667,0.1667,-2.5475,0.4,0.0,0.0,0.792,0.6,0.2,0.2,-2.5475,0.4,0.12,0.12,2.924,0.36,0.04,0.04,-1.3211
2026-06-04,2026-06-05,207,OOS,RANGE,0.2733,0.35,0.1,0.05,1.958,0.9,0.25,0.2,-1.5725,0.2,0.2,0.2,7.4234,0.8,0.2,0.2,-1.2969,0.4,0.1,0.1,2.162,0.9,0.3,0.2,-1.7098,0.5,0.1667,0.1667,2.838,0.8333,0.3333,0.1667,-1.8476,0.4,0.2,0.2,4.0161,0.8,0.4,0.2,-1.9723,0.4,0.12,0.08,1.6341,0.88,0.32,0.28,-1.7808
2026-06-05,2026-06-08,207,OOS,RANGE,-0.1576,0.1,0.0,0.0,0.6198,0.8,0.45,0.35,-2.8525,0.2,0.0,0.0,0.4791,0.8,0.6,0.4,-3.4067,0.1,0.0,0.0,0.4791,0.7,0.3,0.3,-2.3857,0.1667,0.0,0.0,0.4791,0.6667,0.3333,0.3333,-2.7545,0.2,0.0,0.0,0.4791,0.6,0.4,0.4,-3.0235,0.08,0.0,0.0,0.2479,0.76,0.32,0.2,-2.6088
2026-06-08,2026-06-09,207,OOS,BEAR,-1.5921,0.85,0.65,0.45,3.8393,0.3,0.05,0.05,-1.3051,0.8,0.8,0.6,6.2968,0.6,0.2,0.2,-1.6894,0.8,0.6,0.4,4.5298,0.2,0.1,0.1,-2.5248,0.8333,0.6667,0.3333,3.7189,0.1667,0.0,0.0,-0.0495,0.8,0.6,0.4,3.9523,0.2,0.0,0.0,-0.0495,0.88,0.68,0.52,4.1267,0.28,0.04,0.04,-1.1976
2026-06-09,2026-06-10,205,OOS,BULL,1.1987,0.35,0.15,0.1,1.921,0.9,0.3,0.2,-2.1179,0.4,0.2,0.0,1.0878,0.8,0.6,0.4,-3.3801,0.3,0.1,0.0,1.5165,0.8,0.3,0.2,-2.2519,0.1667,0.1667,0.0,2.0457,0.6667,0.1667,0.1667,-1.8608,0.2,0.2,0.0,2.0457,0.6,0.2,0.2,-2.2616,0.32,0.16,0.08,1.6814,0.88,0.28,0.2,-2.0263
2026-06-10,2026-06-11,208,OOS,BEAR,-1.0603,0.25,0.15,0.05,2.1283,0.75,0.3,0.15,-1.8033,0.4,0.2,0.2,2.4621,1.0,0.6,0.4,-2.59,0.4,0.2,0.1,1.9385,0.5,0.3,0.1,-2.2411,0.3333,0.1667,0.1667,2.4621,0.6667,0.3333,0.1667,-2.1313,0.2,0.2,0.2,4.476,0.8,0.4,0.2,-2.1313,0.32,0.2,0.08,2.1129,0.8,0.36,0.2,-1.989
2026-06-11,2026-06-12,207,OOS,BEAR,-0.8924,0.8,0.55,0.2,3.2269,0.25,0.1,0.05,-1.7527,0.6,0.4,0.2,4.7752,0.2,0.2,0.2,-4.9981,0.7,0.4,0.1,2.2852,0.2,0.1,0.0,-1.6476,0.6667,0.5,0.1667,2.7091,0.1667,0.1667,0.0,-2.6901,0.6,0.4,0.2,2.6991,0.0,0.0,0.0,0.0,0.76,0.52,0.24,3.7966,0.16,0.08,0.08,-1.5785
2026-06-12,2026-06-15,209,OOS,BULL,2.0356,0.7,0.3,0.2,2.1576,0.3,0.05,0.0,-0.9245,0.4,0.4,0.4,4.4482,0.2,0.0,0.0,-0.489,0.7,0.3,0.3,2.4678,0.3,0.0,0.0,-0.6443,0.8333,0.3333,0.3333,2.5217,0.1667,0.0,0.0,-0.1436,0.8,0.2,0.2,1.9557,0.2,0.0,0.0,-0.1436,0.68,0.36,0.28,2.4825,0.28,0.04,0.0,-0.6661
2026-06-15,2026-06-16,209,OOS,BULL,1.2219,0.65,0.2,0.1,1.4838,0.2,0.1,0.0,-1.3445,0.6,0.2,0.2,1.8095,0.0,0.0,0.0,0.0,0.7,0.2,0.1,1.4915,0.1,0.1,0.0,-2.1879,0.6667,0.1667,0.1667,1.4846,0.0,0.0,0.0,0.0,0.6,0.2,0.2,1.8095,0.0,0.0,0.0,0.0,0.6,0.16,0.12,1.1726,0.24,0.12,0.0,-1.5794
2026-06-16,2026-06-17,209,OOS,BULL,0.5579,0.7,0.2,0.15,1.6637,0.35,0.0,0.0,-0.6218,0.6,0.0,0.0,0.8889,0.2,0.0,0.0,-0.6196,0.7,0.2,0.1,1.5176,0.5,0.0,0.0,-0.6098,0.5,0.1667,0.1667,2.1065,0.5,0.0,0.0,-0.6068,0.4,0.0,0.0,0.9958,0.6,0.0,0.0,-0.6068,0.64,0.24,0.2,1.9455,0.32,0.0,0.0,-0.2737
2026-06-17,2026-06-18,210,OOS,BULL,0.6888,0.7,0.2,0.2,2.0772,0.5,0.0,0.0,-0.5018,0.8,0.0,0.0,1.0993,0.8,0.0,0.0,-0.8604,0.6,0.1,0.1,1.6372,0.2,0.0,0.0,-0.0827,0.6667,0.1667,0.1667,2.2483,0.1667,0.0,0.0,-0.073,0.8,0.2,0.2,2.2483,0.2,0.0,0.0,-0.073,0.6,0.16,0.16,2.0763,0.6,0.0,0.0,-0.4488
2026-06-18,2026-06-19,209,OOS,BULL,0.5365,0.4,0.2,0.2,3.3346,0.5,0.25,0.1,-1.9398,0.8,0.6,0.6,4.5033,0.6,0.4,0.2,-2.0952,0.4,0.2,0.2,3.0431,0.6,0.2,0.1,-1.8319,0.5,0.1667,0.1667,2.391,0.5,0.0,0.0,-0.4456,0.6,0.2,0.2,2.391,0.6,0.0,0.0,-0.4456,0.44,0.24,0.24,2.9553,0.48,0.2,0.12,-1.6902
2026-06-19,2026-06-22,210,OOS,RANGE,0.034,0.6,0.25,0.05,1.5366,0.2,0.1,0.0,-1.6804,0.4,0.0,0.0,0.7993,0.4,0.2,0.0,-1.5944,0.8,0.4,0.0,1.2963,0.1,0.1,0.0,-2.5186,0.8333,0.3333,0.0,1.1064,0.1667,0.1667,0.0,-2.5186,0.8,0.4,0.0,1.3353,0.2,0.2,0.0,-2.5186,0.56,0.2,0.08,1.628,0.24,0.12,0.0,-1.3074
2026-06-22,2026-06-23,208,OOS,BULL,0.6296,0.15,0.05,0.05,2.0695,0.9,0.35,0.25,-1.9355,0.0,0.0,0.0,0.0,0.8,0.6,0.4,-2.7429,0.1,0.1,0.1,4.9912,0.9,0.4,0.3,-2.2186,0.0,0.0,0.0,0.0,0.8333,0.5,0.3333,-2.5316,0.0,0.0,0.0,0.0,0.8,0.4,0.2,-2.3538,0.16,0.08,0.08,2.2399,0.84,0.4,0.28,-2.248
2026-06-23,2026-06-24,208,OOS,BEAR,-1.0717,0.3,0.0,0.0,0.4203,0.35,0.05,0.05,-1.285,0.2,0.0,0.0,0.3497,0.4,0.2,0.2,-1.9088,0.3,0.0,0.0,0.3184,0.4,0.1,0.1,-1.886,0.5,0.0,0.0,0.3184,0.5,0.1667,0.1667,-2.0479,0.6,0.0,0.0,0.3184,0.6,0.2,0.2,-2.0479,0.24,0.0,0.0,0.2926,0.36,0.04,0.04,-0.9433
2026-06-24,2026-06-25,208,OOS,RANGE,0.181,0.4,0.15,0.15,2.0437,0.65,0.35,0.25,-2.4305,0.6,0.2,0.2,2.3898,0.6,0.4,0.0,-2.0507,0.3,0.2,0.2,4.1581,0.6,0.2,0.1,-1.9091,0.3333,0.1667,0.1667,3.3902,0.5,0.1667,0.0,-1.4191,0.4,0.2,0.2,3.3902,0.4,0.0,0.0,-0.9003,0.48,0.12,0.12,1.8383,0.68,0.32,0.16,-2.1955
2026-06-25,2026-06-26,207,OOS,RANGE,-0.4948,0.0,0.0,0.0,0.0,0.0,0.0,0.0,0.0,0.0,0.0,0.0,0.0,0.0,0.0,0.0,0.0,0.0,0.0,0.0,0.0,0.0,0.0,0.0,0.0,0.0,0.0,0.0,0.0,0.0,0.0,0.0,0.0,0.0,0.0,0.0,0.0,0.0,0.0,0.0,0.0,0.0,0.0,0.0,0.0,0.0,0.0,0.0,0.0
2026-06-29,2026-06-30,209,OOS,BEAR,-0.5472,0.65,0.1,0.0,1.001,0.55,0.1,0.0,-1.2592,1.0,0.2,0.0,1.0173,0.4,0.0,0.0,-1.0322,0.6,0.0,0.0,0.7731,0.6,0.1,0.0,-1.1833,0.6667,0.0,0.0,0.9443,0.5,0.1667,0.0,-1.4014,0.8,0.0,0.0,0.9443,0.6,0.2,0.0,-1.4014,0.68,0.08,0.0,0.9481,0.44,0.0,0.0,-0.8449
2026-06-30,2026-07-01,209,OOS,RANGE,0.2167,0.45,0.2,0.2,2.4073,0.6,0.2,0.1,-2.7683,0.4,0.2,0.2,2.8883,1.0,0.2,0.2,-1.5614,0.4,0.2,0.2,2.7745,0.6,0.2,0.1,-1.7213,0.5,0.1667,0.1667,2.4629,0.6667,0.1667,0.1667,-1.7355,0.6,0.2,0.2,2.4629,0.6,0.2,0.2,-2.2238,0.32,0.12,0.12,1.9458,0.68,0.24,0.12,-3.5012
2026-07-01,2026-07-02,208,OOS,RANGE,0.0973,0.7,0.25,0.2,3.032,0.15,0.0,0.0,-0.9245,1.0,0.8,0.6,6.2832,0.0,0.0,0.0,0.0,0.7,0.3,0.2,1.9882,0.0,0.0,0.0,0.0,0.5,0.1667,0.0,1.7371,0.0,0.0,0.0,0.0,0.6,0.2,0.0,1.7371,0.0,0.0,0.0,0.0,0.64,0.28,0.2,3.7132,0.08,0.0,0.0,-0.4259
2026-07-02,2026-07-03,207,OOS,BULL,1.0158,0.5,0.2,0.1,2.3929,0.4,0.0,0.0,-0.9563,0.8,0.6,0.4,4.1822,0.2,0.0,0.0,-0.0268,0.6,0.3,0.1,3.2418,0.2,0.0,0.0,-0.4504,0.6667,0.3333,0.0,1.7808,0.1667,0.0,0.0,-0.0268,0.6,0.2,0.0,1.478,0.2,0.0,0.0,-0.0268,0.48,0.24,0.12,2.9125,0.48,0.0,0.0,-0.9326
2026-07-03,2026-07-06,208,OOS,RANGE,0.2066,0.35,0.15,0.0,1.3504,0.6,0.0,0.0,-0.7989,0.4,0.0,0.0,0.623,0.4,0.0,0.0,-0.6329,0.2,0.1,0.0,1.6869,0.7,0.0,0.0,-0.6319,0.1667,0.0,0.0,0.9272,0.8333,0.0,0.0,-0.6038,0.2,0.0,0.0,0.9272,1.0,0.0,0.0,-0.6038,0.44,0.12,0.0,0.8312,0.52,0.0,0.0,-0.8464
2026-07-06,2026-07-07,208,OOS,RANGE,0.3616,0.4,0.05,0.05,1.1994,0.55,0.2,0.05,-1.8269,0.2,0.0,0.0,0.9186,0.6,0.4,0.2,-3.1413,0.4,0.0,0.0,1.0935,0.6,0.3,0.1,-2.1326,0.5,0.0,0.0,1.2964,0.5,0.1667,0.0,-1.4836,0.4,0.0,0.0,1.3281,0.4,0.2,0.0,-2.0126,0.4,0.04,0.04,1.1582,0.52,0.28,0.08,-2.1585
2026-07-07,2026-07-08,208,OOS,RANGE,-0.3706,0.1,0.0,0.0,0.9793,0.95,0.5,0.1,-2.0288,0.4,0.0,0.0,0.9793,1.0,0.4,0.2,-2.2772,0.1,0.0,0.0,0.2726,0.9,0.6,0.2,-2.3087,0.1667,0.0,0.0,0.2726,0.8333,0.5,0.1667,-2.6082,0.2,0.0,0.0,0.2726,0.8,0.4,0.2,-2.7109,0.12,0.0,0.0,0.2504,0.96,0.52,0.08,-2.0988
2026-07-08,2026-07-09,207,OOS,BEAR,-1.8095,0.7,0.3,0.2,3.1275,0.15,0.0,0.0,-1.3965,0.8,0.4,0.4,3.3241,0.2,0.0,0.0,-1.9317,0.8,0.3,0.2,2.233,0.2,0.0,0.0,-1.7651,0.8333,0.1667,0.1667,2.1715,0.1667,0.0,0.0,-1.9317,0.8,0.2,0.2,2.2955,0.2,0.0,0.0,-1.9317,0.68,0.32,0.24,2.9019,0.12,0.0,0.0,-0.9045
2026-07-09,2026-07-10,206,OOS,BULL,0.8738,0.95,0.35,0.2,2.1958,0.15,0.05,0.05,-2.0941,1.0,0.4,0.4,2.8121,0.4,0.2,0.2,-2.4944,0.9,0.3,0.3,2.5907,0.2,0.1,0.1,-2.4944,0.8333,0.5,0.5,3.861,0.3333,0.1667,0.1667,-2.4944,0.8,0.4,0.4,3.5764,0.2,0.0,0.0,-1.985,0.92,0.44,0.24,2.5102,0.2,0.08,0.08,-1.4275
2026-07-10,2026-07-13,204,OOS,BULL,1.3641,0.7,0.25,0.15,2.3994,0.55,0.05,0.0,-1.0319,1.0,0.6,0.6,4.5273,0.2,0.0,0.0,-0.7876,0.6,0.1,0.0,1.1926,0.5,0.0,0.0,-0.855,0.6667,0.0,0.0,0.7509,0.6667,0.0,0.0,-0.7819,0.8,0.0,0.0,0.7509,0.6,0.0,0.0,-0.8968,0.8,0.32,0.2,2.6628,0.52,0.08,0.0,-1.0686
2026-07-13,2026-07-14,207,OOS,RANGE,0.1985,0.25,0.1,0.05,1.6266,0.75,0.2,0.05,-1.7342,0.4,0.4,0.2,3.226,0.6,0.2,0.0,-1.7118,0.2,0.0,0.0,0.7583,0.6,0.0,0.0,-1.4974,0.1667,0.0,0.0,0.8755,0.5,0.0,0.0,-1.7454,0.0,0.0,0.0,0.0,0.4,0.0,0.0,-1.7115,0.24,0.12,0.04,1.9056,0.76,0.12,0.0,-1.6261
2026-07-14,2026-07-15,204,OOS,BEAR,-0.6348,0.5,0.1,0.1,1.6521,0.4,0.05,0.0,-0.7525,0.4,0.2,0.2,1.8867,0.6,0.2,0.0,-1.356,0.2,0.0,0.0,0.7215,0.4,0.1,0.0,-0.7972,0.0,0.0,0.0,0.0,0.1667,0.1667,0.0,-2.4111,0.0,0.0,0.0,0.0,0.2,0.2,0.0,-2.4111,0.44,0.04,0.04,1.0572,0.36,0.04,0.0,-0.7556
2026-07-15,2026-07-16,206,OOS,RANGE,0.1127,0.55,0.15,0.1,2.013,0.5,0.0,0.0,-0.8363,0.2,0.0,0.0,1.4036,0.6,0.0,0.0,-0.8092,0.4,0.1,0.0,1.3198,0.9,0.0,0.0,-0.8109,0.5,0.1667,0.0,1.5421,1.0,0.0,0.0,-0.7484,0.4,0.2,0.0,1.6114,1.0,0.0,0.0,-0.6279,0.64,0.16,0.08,1.559,0.52,0.0,0.0,-0.6218
2026-07-16,2026-07-17,205,OOS,RANGE,-0.0413,0.3,0.15,0.15,2.2671,0.6,0.15,0.1,-1.4395,0.6,0.2,0.2,2.0013,0.6,0.2,0.2,-1.6924,0.4,0.2,0.2,2.0381,0.5,0.0,0.0,-0.6298,0.3333,0.0,0.0,0.459,0.3333,0.0,0.0,-0.8923,0.4,0.0,0.0,0.459,0.2,0.0,0.0,-1.0702,0.28,0.12,0.12,1.3721,0.56,0.12,0.08,-1.3587
2026-07-17,2026-07-20,206,OOS,RANGE,-0.2873,0.65,0.0,0.0,0.6794,0.2,0.0,0.0,-0.6439,0.2,0.0,0.0,0.2225,0.0,0.0,0.0,0.0,0.4,0.0,0.0,0.8286,0.1,0.0,0.0,-0.4309,0.5,0.0,0.0,0.623,0.0,0.0,0.0,0.0,0.4,0.0,0.0,0.5335,0.0,0.0,0.0,0.0,0.6,0.0,0.0,0.5961,0.2,0.0,0.0,-0.4211
2026-07-20,2026-07-21,206,OOS,RANGE,0.4435,0.75,0.15,0.15,1.1557,0.25,0.1,0.0,-1.3685,1.0,0.2,0.2,1.1333,0.6,0.4,0.0,-1.8976,0.7,0.1,0.1,0.8193,0.3,0.1,0.0,-1.2222,0.6667,0.1667,0.1667,1.2456,0.3333,0.1667,0.0,-1.6637,0.6,0.2,0.2,1.5653,0.4,0.2,0.0,-1.6637,0.84,0.16,0.16,1.1457,0.28,0.12,0.0,-1.3703
2026-07-21,2026-07-22,204,OOS,RANGE,0.4358,0.2,0.1,0.1,3.17,0.95,0.5,0.2,-2.0007,0.2,0.2,0.2,8.0892,1.0,0.8,0.2,-2.5535,0.2,0.2,0.2,5.5689,0.9,0.6,0.1,-2.026,0.3333,0.3333,0.3333,5.5689,1.0,0.6667,0.0,-1.8352,0.2,0.2,0.2,3.0485,1.0,0.8,0.0,-2.173,0.16,0.12,0.12,1.9219,1.0,0.52,0.2,-1.9806
2026-07-22,2026-07-23,207,OOS,BEAR,-0.7884,0.25,0.05,0.0,0.9765,0.65,0.15,0.1,-1.8138,0.6,0.0,0.0,0.5644,0.4,0.0,0.0,-1.5591,0.4,0.0,0.0,0.5728,0.7,0.2,0.1,-1.6867,0.5,0.0,0.0,0.5176,0.5,0.1667,0.1667,-2.6422,0.6,0.0,0.0,0.5176,0.6,0.2,0.2,-2.6422,0.28,0.0,0.0,0.5771,0.48,0.08,0.04,-1.368
2026-07-23,2026-07-24,207,OOS,BEAR,-0.8451,0.3,0.15,0.05,1.9572,0.55,0.15,0.05,-1.4798,0.2,0.0,0.0,0.1419,0.4,0.2,0.2,-3.3348,0.2,0.0,0.0,0.7735,0.5,0.1,0.1,-1.8946,0.1667,0.0,0.0,0.1419,0.5,0.1667,0.1667,-2.7947,0.2,0.0,0.0,0.1419,0.4,0.2,0.2,-3.3113,0.28,0.12,0.0,1.4704,0.6,0.2,0.08,-1.4495
2026-07-24,2026-07-27,208,OOS,RANGE,-0.1189,0.7,0.15,0.1,1.8585,0.35,0.1,0.05,-1.3904,0.4,0.2,0.2,3.5586,0.2,0.2,0.2,-4.3947,0.7,0.2,0.2,2.6559,0.5,0.2,0.1,-1.8429,0.5,0.3333,0.3333,4.9747,0.5,0.3333,0.1667,-2.5475,0.4,0.2,0.2,3.9584,0.4,0.2,0.2,-2.7265,0.68,0.12,0.12,2.0889,0.48,0.16,0.08,-1.198
2026-07-27,2026-07-28,205,OOS,BULL,0.9525,0.6,0.25,0.05,2.1805,0.65,0.05,0.0,-1.0737,0.2,0.2,0.0,2.6555,0.8,0.0,0.0,-1.0142,0.6,0.1,0.1,2.3917,0.7,0.0,0.0,-1.0003,0.5,0.1667,0.1667,3.9505,0.8333,0.0,0.0,-0.9868,0.4,0.2,0.2,5.6682,0.8,0.0,0.0,-0.9963,0.52,0.24,0.04,2.2128,0.6,0.0,0.0,-0.9921
2026-07-28,2026-07-29,206,OOS,RANGE,-0.151,0.75,0.3,0.15,2.3035,0.15,0.0,0.0,-0.4177,1.0,0.4,0.2,2.5738,0.0,0.0,0.0,0.0,0.6,0.2,0.1,1.9717,0.2,0.0,0.0,-0.3727,0.6667,0.1667,0.1667,2.0224,0.1667,0.0,0.0,-0.3411,0.6,0.2,0.2,2.3823,0.0,0.0,0.0,0.0,0.8,0.36,0.2,2.6252,0.12,0.0,0.0,-0.238
2026-07-29,2026-07-30,204,OOS,BULL,1.0845,0.35,0.0,0.0,1.1315,0.7,0.05,0.05,-1.0604,0.8,0.0,0.0,1.0337,0.6,0.2,0.2,-2.063,0.5,0.0,0.0,1.0973,0.7,0.1,0.1,-1.291,0.3333,0.0,0.0,0.441,0.6667,0.1667,0.1667,-1.8094,0.4,0.0,0.0,0.441,0.8,0.2,0.2,-1.8094,0.48,0.0,0.0,1.0948,0.64,0.08,0.08,-1.2966
2026-07-30,,205,OOS,RANGE,-0.3382,None,None,None,None,None,None,None,None,None,None,None,None,None,None,None,None,None,None,None,None,None,None,None,None,None,None,None,None,None,None,None,None,None,None,None,None,None,None,None,None,None,None,None,None,None,None,None,None
