track,model,timing,direction,split,n,dir_acc,ge1_rate,ge2_rate,ge3_rate,avg_fav_ret,avg_mfe,avg_mae,fp_rate,conc_lift,top1_cap,spearman_dir,spearman_abs
Baseline,V3_20,PRE_MARKET,UP,TRAIN,2140,0.4453,0.2449,0.135,0.0804,1.7867,1.6636,1.6142,0.3192,1.0,,-0.0164,0.1438
Baseline,V3_Top5,PRE_MARKET,UP,TRAIN,535,0.4318,0.2692,0.1757,0.1159,2.2272,1.9877,1.9723,0.3907,1.203,0.3551,-0.0245,0.1267
Baseline,V3_Top6,PRE_MARKET,UP,TRAIN,642,0.4377,0.2695,0.162,0.1059,2.1557,1.9273,1.9193,0.3816,1.1616,0.3738,-0.0242,0.1431
Baseline,Random_5,PRE_MARKET,UP,TRAIN,2675,0.4415,0.246,0.1432,0.0886,1.8755,1.7215,1.6477,0.3252,3.4866,0.8972,,
Baseline,Random_6,PRE_MARKET,UP,TRAIN,3210,0.443,0.2461,0.1411,0.0863,1.8485,1.7132,1.6469,0.3246,3.1828,0.9533,,
Baseline,V3_20,PRE_MARKET,UP,VAL,1060,0.5123,0.3651,0.2311,0.1585,2.5265,2.4398,1.8618,0.3226,1.0,,0.0082,0.1084
Baseline,V3_Top5,PRE_MARKET,UP,VAL,265,0.4943,0.3925,0.2679,0.2151,3.3322,3.2482,2.229,0.3509,1.3115,0.5094,0.0202,0.159
Baseline,V3_Top6,PRE_MARKET,UP,VAL,318,0.4969,0.3868,0.2673,0.2107,3.2157,3.1695,2.1422,0.3491,1.241,0.5472,0.0152,0.1638
Baseline,Random_5,PRE_MARKET,UP,VAL,1325,0.5102,0.3653,0.2317,0.1653,2.6493,2.5648,1.8764,0.3245,3.4935,0.9245,,
Baseline,Random_6,PRE_MARKET,UP,VAL,1590,0.5113,0.3642,0.2327,0.166,2.6188,2.5446,1.8695,0.3201,3.1561,0.9623,,
Baseline,V3_20,PRE_MARKET,UP,OOS,1080,0.4787,0.2852,0.175,0.1093,2.0629,2.0591,1.5352,0.2926,1.0,,-0.0295,0.1355
Baseline,V3_Top5,PRE_MARKET,UP,OOS,270,0.5,0.3222,0.2222,0.1741,2.6812,2.6869,1.8123,0.337,1.3274,0.4906,-0.0288,0.1806
Baseline,V3_Top6,PRE_MARKET,UP,OOS,324,0.4846,0.3056,0.2068,0.1605,2.5775,2.4878,1.8347,0.3364,1.2322,0.5283,0.0095,0.1436
Baseline,Random_5,PRE_MARKET,UP,OOS,1350,0.4756,0.283,0.1778,0.1185,2.1461,2.1037,1.548,0.3111,3.4768,0.9057,,
Baseline,Random_6,PRE_MARKET,UP,OOS,1620,0.4815,0.2883,0.1784,0.1167,2.1272,2.1014,1.5438,0.308,3.164,0.9434,,
Baseline,V3_20,PRE_MARKET,DOWN,TRAIN,2140,0.5383,0.2808,0.1276,0.0528,1.4153,1.4131,1.4943,0.2388,1.0,,0.0005,0.0479
Baseline,V3_Top5,PRE_MARKET,DOWN,TRAIN,535,0.5421,0.2916,0.1533,0.071,1.5805,1.5783,1.5928,0.2486,1.0212,0.3084,-0.0242,0.0518
Baseline,V3_Top6,PRE_MARKET,DOWN,TRAIN,642,0.5327,0.2788,0.1464,0.0717,1.5445,1.528,1.6102,0.2461,0.9758,0.3271,0.006,0.0555
Baseline,Random_5,PRE_MARKET,DOWN,TRAIN,2675,0.532,0.2804,0.1252,0.0535,1.4165,1.4057,1.5225,0.2441,3.3712,0.8505,,
Baseline,Random_6,PRE_MARKET,DOWN,TRAIN,3210,0.5389,0.2822,0.129,0.0548,1.4202,1.4256,1.5137,0.2433,3.1856,0.9533,,
Baseline,V3_20,PRE_MARKET,DOWN,VAL,1060,0.484,0.333,0.2085,0.1349,2.1651,1.7717,1.7914,0.3283,1.0,,0.0702,0.0312
Baseline,V3_Top5,PRE_MARKET,DOWN,VAL,265,0.483,0.3623,0.2226,0.1547,2.3902,1.7545,2.0212,0.3283,1.0076,0.3019,0.016,0.0326
Baseline,V3_Top6,PRE_MARKET,DOWN,VAL,318,0.478,0.3553,0.2233,0.1604,2.4118,1.797,1.932,0.3302,1.0079,0.3774,0.0398,0.0267
Baseline,Random_5,PRE_MARKET,DOWN,VAL,1325,0.4845,0.3374,0.2091,0.1366,2.2136,1.783,1.8464,0.3306,3.3303,0.8679,,
Baseline,Random_6,PRE_MARKET,DOWN,VAL,1590,0.4874,0.3346,0.2101,0.1371,2.1985,1.7771,1.8186,0.3214,3.1371,0.9811,,
Baseline,V3_20,PRE_MARKET,DOWN,OOS,1080,0.4787,0.2676,0.1259,0.0583,1.529,1.4028,1.6166,0.2806,1.0,,0.0234,0.1232
Baseline,V3_Top5,PRE_MARKET,DOWN,OOS,270,0.4778,0.3222,0.1778,0.1,1.9142,1.6358,1.8373,0.2889,1.2531,0.4151,0.0227,0.1591
Baseline,V3_Top6,PRE_MARKET,DOWN,OOS,324,0.4691,0.2994,0.1667,0.0926,1.8402,1.5875,1.8135,0.2994,1.1672,0.4528,0.0271,0.1683
Baseline,Random_5,PRE_MARKET,DOWN,OOS,1350,0.4733,0.2704,0.1289,0.0607,1.5933,1.4144,1.6652,0.2852,3.37,0.8679,,
Baseline,Random_6,PRE_MARKET,DOWN,OOS,1620,0.4722,0.2772,0.1333,0.0642,1.6236,1.4488,1.6517,0.2827,3.2181,1.0,,
A1_Sector,A1_Top5,PRE_MARKET,UP,TRAIN,535,0.4542,0.2561,0.1402,0.0766,1.7399,1.7374,1.6648,0.3271,1.0389,0.2523,-0.0092,-0.0303
A1_Sector,A1_Top6,PRE_MARKET,UP,TRAIN,642,0.4455,0.2492,0.1355,0.0748,1.7457,1.7421,1.6561,0.3318,1.0118,0.2991,0.0013,-0.0271
A1_Sector,A1_Top10,PRE_MARKET,UP,TRAIN,1070,0.4439,0.2467,0.1374,0.0757,1.7677,1.6967,1.6266,0.3243,0.9732,0.4579,0.0019,-0.0323
A1_Sector,A1_Low_Top5,PRE_MARKET,UP,TRAIN,535,0.4467,0.2579,0.1495,0.0953,1.9741,1.7345,1.7747,0.3402,1.1104,0.2617,0.0855,0.0381
A1_Sector,A1_Top5,PRE_MARKET,UP,VAL,265,0.5547,0.4189,0.283,0.2075,2.8882,3.0183,1.7625,0.3094,1.2751,0.3585,0.0363,0.044
A1_Sector,A1_Top6,PRE_MARKET,UP,VAL,318,0.5535,0.4119,0.2862,0.2107,2.9312,2.9642,1.7262,0.305,1.2767,0.4717,0.0142,-0.0019
A1_Sector,A1_Top10,PRE_MARKET,UP,VAL,530,0.5358,0.3849,0.2377,0.1736,2.5904,2.6111,1.8146,0.3151,1.072,0.5283,0.0495,-0.0205
A1_Sector,A1_Low_Top5,PRE_MARKET,UP,VAL,265,0.4981,0.3774,0.2491,0.1849,2.8462,2.5156,2.0195,0.317,1.1128,0.3396,0.0049,0.0711
A1_Sector,A1_Top5,PRE_MARKET,UP,OOS,270,0.4963,0.3185,0.1963,0.1444,2.422,2.4675,1.4114,0.2815,1.2581,0.3962,-0.0563,-0.0203
A1_Sector,A1_Top6,PRE_MARKET,UP,OOS,324,0.4907,0.3117,0.2006,0.1512,2.437,2.4402,1.4084,0.2716,1.2277,0.4717,-0.0524,-0.0105
A1_Sector,A1_Top10,PRE_MARKET,UP,OOS,540,0.4796,0.3,0.1926,0.1296,2.2378,2.2172,1.4905,0.2778,1.0927,0.566,-0.0395,-0.0593
A1_Sector,A1_Low_Top5,PRE_MARKET,UP,OOS,270,0.5222,0.3,0.1852,0.1111,2.0793,2.2158,1.6385,0.3074,1.0937,0.3208,0.1534,0.0488
A1_Sector,A1_Top5,PRE_MARKET,DOWN,TRAIN,535,0.5458,0.2822,0.1458,0.0654,1.4892,1.4773,1.5278,0.2393,1.0553,0.271,0.0482,0.0774
A1_Sector,A1_Top6,PRE_MARKET,DOWN,TRAIN,642,0.5467,0.2835,0.1417,0.0623,1.4831,1.4894,1.5169,0.2336,1.0688,0.3084,0.0489,0.0921
A1_Sector,A1_Top10,PRE_MARKET,DOWN,TRAIN,1070,0.5374,0.2869,0.1308,0.0542,1.4412,1.4273,1.553,0.2514,1.0271,0.5421,0.0369,0.0579
A1_Sector,A1_Low_Top5,PRE_MARKET,DOWN,TRAIN,535,0.5495,0.2841,0.1477,0.0692,1.5324,1.5214,1.4115,0.2224,1.0734,0.3178,-0.0062,0.0847
A1_Sector,A1_Top5,PRE_MARKET,DOWN,VAL,265,0.5057,0.3547,0.2226,0.1472,2.1437,1.7967,1.839,0.3283,1.0064,0.2264,-0.0198,0.2456
A1_Sector,A1_Top6,PRE_MARKET,DOWN,VAL,318,0.5094,0.3491,0.2233,0.1541,2.1852,1.8129,1.8072,0.3239,1.0635,0.3208,-0.0147,0.2408
A1_Sector,A1_Top10,PRE_MARKET,DOWN,VAL,530,0.4925,0.3396,0.2075,0.1321,2.1448,1.7497,1.7513,0.3189,1.0266,0.4717,-0.0165,0.2281
A1_Sector,A1_Low_Top5,PRE_MARKET,DOWN,VAL,265,0.4755,0.3434,0.2264,0.1472,2.3238,1.8449,1.9166,0.3321,1.1121,0.3585,-0.0208,0.1811
A1_Sector,A1_Top5,PRE_MARKET,DOWN,OOS,270,0.5185,0.2926,0.163,0.0963,1.7937,1.6845,1.3815,0.2407,1.1583,0.3396,0.0222,0.0041
A1_Sector,A1_Top6,PRE_MARKET,DOWN,OOS,324,0.5123,0.2994,0.1667,0.0957,1.8176,1.6566,1.4206,0.25,1.1817,0.3962,0.0339,0.0003
A1_Sector,A1_Top10,PRE_MARKET,DOWN,OOS,540,0.4815,0.2741,0.1444,0.0796,1.6774,1.5135,1.5834,0.2759,1.0594,0.5849,0.1002,-0.0195
A1_Sector,A1_Low_Top5,PRE_MARKET,DOWN,OOS,270,0.463,0.2815,0.137,0.0593,1.5509,1.4212,1.7793,0.3074,1.0513,0.283,0.0449,0.0655
D1_Gap,D1_Top5,POST_OPEN,UP,TRAIN,535,0.5327,0.3327,0.1907,0.1308,2.1966,2.4029,1.2985,0.2879,1.3852,0.4019,0.1999,-0.0283
D1_Gap,D1_Top6,POST_OPEN,UP,TRAIN,642,0.5125,0.3084,0.1776,0.1184,2.1386,2.2893,1.323,0.2897,1.3251,0.4766,0.1999,-0.0491
D1_Gap,D1_Low_Top5,POST_OPEN,UP,TRAIN,535,0.385,0.2093,0.1215,0.0673,1.7398,1.2952,2.1028,0.3626,0.7829,0.1682,0.1334,-0.0032
D1_Gap,D1_GAP_UP,POST_OPEN,UP,TRAIN,741,0.5587,0.3428,0.2024,0.1336,2.2062,2.5507,1.0283,0.2389,,,0.2456,0.2147
D1_Gap,D1_NO_GAP,POST_OPEN,UP,TRAIN,999,0.4134,0.2042,0.1051,0.0551,1.4538,1.3673,1.6128,0.3223,,,0.077,-0.0153
D1_Gap,D1_GAP_DOWN,POST_OPEN,UP,TRAIN,400,0.315,0.165,0.085,0.045,1.4996,0.7577,2.7033,0.46,,,0.2629,-0.2176
D1_Gap,D1_Top5,POST_OPEN,UP,VAL,265,0.5547,0.4151,0.2717,0.2038,2.958,3.2589,1.7092,0.3094,1.5309,0.4906,0.2329,-0.041
D1_Gap,D1_Top6,POST_OPEN,UP,VAL,318,0.566,0.4182,0.2767,0.2075,2.8234,3.1611,1.6526,0.2925,1.4705,0.5472,0.2537,-0.0144
D1_Gap,D1_Low_Top5,POST_OPEN,UP,VAL,265,0.4528,0.3283,0.2075,0.1698,2.9246,2.391,2.5114,0.3849,0.9871,0.3396,0.2573,-0.0788
D1_Gap,D1_GAP_UP,POST_OPEN,UP,VAL,459,0.6841,0.5251,0.3595,0.2375,2.7438,3.5385,0.788,0.1874,,,0.3611,0.3674
D1_Gap,D1_NO_GAP,POST_OPEN,UP,VAL,305,0.4852,0.3148,0.1607,0.1115,2.067,2.139,1.8703,0.3049,,,0.1595,0.0263
D1_Gap,D1_GAP_DOWN,POST_OPEN,UP,VAL,296,0.2736,0.1689,0.1047,0.0845,2.5233,1.0452,3.5181,0.5507,,,0.1775,-0.1767
D1_Gap,D1_Top5,POST_OPEN,UP,OOS,270,0.5481,0.363,0.2407,0.1963,2.7178,2.9841,1.2174,0.2444,1.5767,0.5094,0.1543,0.1046
D1_Gap,D1_Top6,POST_OPEN,UP,OOS,324,0.5525,0.3488,0.2377,0.1852,2.5921,2.9034,1.2166,0.2438,1.5027,0.566,0.1863,0.0938
D1_Gap,D1_Low_Top5,POST_OPEN,UP,OOS,270,0.3963,0.2407,0.1556,0.1,2.204,1.6231,2.2239,0.4,0.7677,0.2642,0.1502,-0.1241
D1_Gap,D1_GAP_UP,POST_OPEN,UP,OOS,458,0.6463,0.4301,0.2904,0.1943,2.4322,3.029,0.8557,0.1856,,,0.2395,0.2309
D1_Gap,D1_NO_GAP,POST_OPEN,UP,OOS,404,0.3589,0.1708,0.0817,0.0396,1.4762,1.436,1.6048,0.3069,,,0.0852,-0.0326
D1_Gap,D1_GAP_DOWN,POST_OPEN,UP,OOS,218,0.3486,0.1927,0.1055,0.0596,1.7442,1.1187,2.8401,0.4908,,,0.3261,-0.2837
D1_Gap,D1_Top5,POST_OPEN,DOWN,TRAIN,535,0.6,0.3514,0.1944,0.0785,1.6772,1.8839,1.1329,0.1963,1.3374,0.4112,0.2214,0.1226
D1_Gap,D1_Top6,POST_OPEN,DOWN,TRAIN,642,0.5966,0.338,0.1822,0.0732,1.6296,1.813,1.1641,0.204,1.29,0.4673,0.2377,0.1135
D1_Gap,D1_Low_Top5,POST_OPEN,DOWN,TRAIN,535,0.4953,0.2467,0.1084,0.0542,1.3974,1.2793,1.8684,0.2729,0.869,0.1963,0.0862,-0.0486
D1_Gap,D1_GAP_UP,POST_OPEN,DOWN,TRAIN,733,0.3915,0.1787,0.0641,0.0286,1.195,0.8281,2.3167,0.3615,,,-0.163,0.1187
D1_Gap,D1_NO_GAP,POST_OPEN,DOWN,TRAIN,1077,0.5942,0.2953,0.1263,0.0492,1.3302,1.4564,1.1944,0.1783,,,-0.0718,-0.0401
D1_Gap,D1_GAP_DOWN,POST_OPEN,DOWN,TRAIN,330,0.6818,0.4606,0.2727,0.1182,1.9385,2.5714,0.6462,0.1636,,,-0.2309,-0.1932
D1_Gap,D1_Top5,POST_OPEN,DOWN,VAL,265,0.5396,0.4,0.3019,0.2038,2.6222,2.2653,1.5523,0.283,1.3337,0.3962,0.5168,0.0091
D1_Gap,D1_Top6,POST_OPEN,DOWN,VAL,318,0.5314,0.3931,0.2799,0.1887,2.5076,2.1523,1.5685,0.2893,1.2282,0.3962,0.5419,0.0463
D1_Gap,D1_Low_Top5,POST_OPEN,DOWN,VAL,265,0.4302,0.3094,0.1849,0.117,2.123,1.4209,2.2546,0.3774,0.8336,0.2642,0.4819,0.1833
D1_Gap,D1_GAP_UP,POST_OPEN,DOWN,VAL,422,0.2488,0.1209,0.0403,0.0166,1.2281,0.3944,3.1304,0.5687,,,-0.3653,0.3359
D1_Gap,D1_NO_GAP,POST_OPEN,DOWN,VAL,319,0.5141,0.3386,0.1661,0.0878,1.7588,1.684,1.5648,0.232,,,-0.1304,-0.0794
D1_Gap,D1_GAP_DOWN,POST_OPEN,DOWN,VAL,319,0.7649,0.6082,0.4734,0.3386,2.8413,3.6808,0.2452,0.1066,,,-0.2417,-0.2599
D1_Gap,D1_Top5,POST_OPEN,DOWN,OOS,270,0.537,0.3519,0.2185,0.1296,2.0846,2.1397,1.2114,0.2556,1.5737,0.6038,0.3141,0.0897
D1_Gap,D1_Top6,POST_OPEN,DOWN,OOS,324,0.5216,0.3333,0.2037,0.1204,2.0002,2.0319,1.2919,0.2562,1.4168,0.6415,0.3442,0.1009
D1_Gap,D1_Low_Top5,POST_OPEN,DOWN,OOS,270,0.4,0.2185,0.1,0.037,1.3798,1.042,2.3011,0.3815,0.7111,0.1698,0.1776,-0.0846
D1_Gap,D1_GAP_UP,POST_OPEN,DOWN,OOS,393,0.3613,0.1552,0.0611,0.028,1.1825,0.6303,2.5873,0.4071,,,-0.3224,0.2682
D1_Gap,D1_NO_GAP,POST_OPEN,DOWN,OOS,432,0.4722,0.2523,0.0903,0.0255,1.2386,1.2324,1.3681,0.2269,,,-0.0983,-0.0121
D1_Gap,D1_GAP_DOWN,POST_OPEN,DOWN,OOS,255,0.6706,0.4667,0.2863,0.1608,2.1632,2.8687,0.5221,0.1765,,,-0.3617,-0.3469
F1_InvKn,F1_High_Top5,PRE_MARKET,UP,TRAIN,535,0.4355,0.2561,0.1421,0.0804,1.8179,1.674,1.7324,0.3458,1.0356,0.271,0.03,0.0462
F1_InvKn,F1_High_Top6,PRE_MARKET,UP,TRAIN,642,0.4283,0.2477,0.1324,0.0732,1.7656,1.6442,1.709,0.3458,0.9994,0.2991,0.0344,0.0396
F1_InvKn,F1_Low_Top5,PRE_MARKET,UP,TRAIN,535,0.4393,0.2561,0.1364,0.0822,1.9493,1.7912,1.6948,0.3271,0.9423,0.2056,-0.0393,0.1022
F1_InvKn,F1_Low_Top6,PRE_MARKET,UP,TRAIN,642,0.4393,0.2523,0.1355,0.0888,1.9746,1.8055,1.6872,0.3349,0.9965,0.2897,-0.0333,0.1058
F1_InvKn,F1_Low_Top10,PRE_MARKET,UP,TRAIN,1070,0.4551,0.2551,0.1421,0.0897,1.8759,1.7465,1.6497,0.3234,1.0546,0.5327,0.0218,0.0606
F1_InvKn,F1_InvKn_Top5,PRE_MARKET,UP,TRAIN,535,0.4393,0.2561,0.1364,0.0822,1.9493,1.8013,1.7044,0.3271,0.9423,0.2056,0.0399,-0.1077
F1_InvKn,F1_InvKn_Top6,PRE_MARKET,UP,TRAIN,642,0.4393,0.2523,0.1355,0.0888,1.9746,1.814,1.6951,0.3349,0.9965,0.2897,0.034,-0.1125
F1_InvKn,F1_High_Top5,PRE_MARKET,UP,VAL,265,0.517,0.3472,0.1811,0.1472,2.4443,2.5999,1.8911,0.3245,1.1027,0.283,-0.0205,-0.1088
F1_InvKn,F1_High_Top6,PRE_MARKET,UP,VAL,318,0.5157,0.3428,0.195,0.1509,2.525,2.5829,1.8604,0.3302,1.1316,0.3774,0.0171,-0.1055
F1_InvKn,F1_Low_Top5,PRE_MARKET,UP,VAL,265,0.5094,0.3887,0.2528,0.166,2.6522,2.5464,2.0058,0.3132,0.9771,0.2642,0.0031,0.0387
F1_InvKn,F1_Low_Top6,PRE_MARKET,UP,VAL,318,0.5189,0.3994,0.2673,0.1824,2.6455,2.5725,1.9613,0.2956,0.9717,0.283,-0.0048,0.0273
F1_InvKn,F1_Low_Top10,PRE_MARKET,UP,VAL,530,0.5189,0.3925,0.2566,0.1736,2.6617,2.5735,1.9219,0.3189,1.0242,0.5472,-0.0149,0.0133
F1_InvKn,F1_InvKn_Top5,PRE_MARKET,UP,VAL,265,0.5094,0.3887,0.2528,0.166,2.6522,2.556,2.0134,0.3132,0.9771,0.2642,-0.0034,-0.0477
F1_InvKn,F1_InvKn_Top6,PRE_MARKET,UP,VAL,318,0.5189,0.3994,0.2673,0.1824,2.6455,2.5806,1.9675,0.2956,0.9717,0.283,0.0043,-0.0341
F1_InvKn,F1_High_Top5,PRE_MARKET,UP,OOS,270,0.4444,0.2556,0.1481,0.1111,2.0431,2.0092,1.5644,0.3222,0.8927,0.1698,-0.048,-0.0569
F1_InvKn,F1_High_Top6,PRE_MARKET,UP,OOS,324,0.4506,0.2593,0.1574,0.1173,2.0905,2.0194,1.5567,0.3272,0.9186,0.2075,0.0002,-0.0798
F1_InvKn,F1_Low_Top5,PRE_MARKET,UP,OOS,270,0.5074,0.3185,0.2,0.1148,2.193,2.1557,1.5821,0.2852,1.0881,0.2264,0.0001,0.0454
F1_InvKn,F1_Low_Top6,PRE_MARKET,UP,OOS,324,0.5093,0.3179,0.2006,0.1173,2.249,2.1929,1.5988,0.2809,1.1117,0.3208,-0.0107,0.0415
F1_InvKn,F1_Low_Top10,PRE_MARKET,UP,OOS,540,0.4907,0.2926,0.187,0.1167,2.1777,2.1516,1.6003,0.2889,1.0622,0.566,-0.0052,0.0206
F1_InvKn,F1_InvKn_Top5,PRE_MARKET,UP,OOS,270,0.5074,0.3185,0.2,0.1148,2.193,2.1557,1.5821,0.2852,1.0881,0.2264,-0.0001,-0.0454
F1_InvKn,F1_InvKn_Top6,PRE_MARKET,UP,OOS,324,0.5093,0.3179,0.2006,0.1173,2.249,2.1929,1.5988,0.2809,1.1117,0.3208,0.0107,-0.0415
F1_InvKn,F1_High_Top5,PRE_MARKET,DOWN,TRAIN,535,0.529,0.271,0.1383,0.0598,1.4714,1.4731,1.5624,0.2486,1.0056,0.271,-0.015,-0.0569
F1_InvKn,F1_High_Top6,PRE_MARKET,DOWN,TRAIN,642,0.5249,0.271,0.1293,0.053,1.453,1.4355,1.5687,0.2555,0.9822,0.2991,-0.0122,-0.031
F1_InvKn,F1_Low_Top5,PRE_MARKET,DOWN,TRAIN,535,0.5495,0.2935,0.1607,0.0785,1.5519,1.5197,1.5466,0.2093,1.0911,0.2991,-0.0763,0.0634
F1_InvKn,F1_Low_Top6,PRE_MARKET,DOWN,TRAIN,642,0.5483,0.3006,0.1542,0.0748,1.5561,1.5303,1.5054,0.2165,1.1085,0.3738,-0.0572,0.0701
F1_InvKn,F1_Low_Top10,PRE_MARKET,DOWN,TRAIN,1070,0.5589,0.2888,0.1402,0.0607,1.4621,1.4666,1.5021,0.2262,1.084,0.5421,-0.0548,0.0645
F1_InvKn,F1_InvKn_Top5,PRE_MARKET,DOWN,TRAIN,535,0.5495,0.2935,0.1607,0.0785,1.5519,1.5197,1.5466,0.2093,1.0911,0.2991,0.0763,-0.0634
F1_InvKn,F1_InvKn_Top6,PRE_MARKET,DOWN,TRAIN,642,0.5483,0.3006,0.1542,0.0748,1.5561,1.5303,1.5054,0.2165,1.1085,0.3738,0.0572,-0.0701
F1_InvKn,F1_High_Top5,PRE_MARKET,DOWN,VAL,265,0.5208,0.3547,0.2264,0.1736,2.2401,1.8714,1.8367,0.3208,1.1878,0.3962,0.013,0.1622
F1_InvKn,F1_High_Top6,PRE_MARKET,DOWN,VAL,318,0.5063,0.3428,0.2138,0.1604,2.1689,1.8143,1.8882,0.3333,1.094,0.4151,0.0449,0.1603
F1_InvKn,F1_Low_Top5,PRE_MARKET,DOWN,VAL,265,0.4566,0.3245,0.2075,0.1208,2.207,1.7103,1.792,0.3094,0.7695,0.1698,0.0492,0.2087
F1_InvKn,F1_Low_Top6,PRE_MARKET,DOWN,VAL,318,0.4497,0.3302,0.2233,0.1321,2.3394,1.7601,1.7648,0.3176,0.8273,0.2453,0.0753,0.2061
F1_InvKn,F1_Low_Top10,PRE_MARKET,DOWN,VAL,530,0.4736,0.3226,0.2189,0.1377,2.3067,1.8222,1.7323,0.3189,0.9097,0.434,0.0777,0.2213
F1_InvKn,F1_InvKn_Top5,PRE_MARKET,DOWN,VAL,265,0.4566,0.3245,0.2075,0.1208,2.207,1.7233,1.8056,0.3094,0.7695,0.1698,-0.0485,-0.223
F1_InvKn,F1_InvKn_Top6,PRE_MARKET,DOWN,VAL,318,0.4497,0.3302,0.2233,0.1321,2.3394,1.7712,1.776,0.3176,0.8273,0.2453,-0.0748,-0.2167
F1_InvKn,F1_High_Top5,PRE_MARKET,DOWN,OOS,270,0.463,0.2778,0.1296,0.0593,1.6173,1.4316,1.7273,0.2852,1.0042,0.3208,-0.0126,0.0294
F1_InvKn,F1_High_Top6,PRE_MARKET,DOWN,OOS,324,0.466,0.2778,0.1265,0.0556,1.5735,1.4146,1.6779,0.284,1.0108,0.3396,0.0095,0.0373
F1_InvKn,F1_Low_Top5,PRE_MARKET,DOWN,OOS,270,0.4852,0.2704,0.1481,0.0704,1.5381,1.4564,1.5878,0.2778,1.0213,0.2264,0.086,0.0144
F1_InvKn,F1_Low_Top6,PRE_MARKET,DOWN,OOS,324,0.4846,0.2716,0.1512,0.0772,1.6136,1.5101,1.5728,0.2747,1.061,0.3019,0.0995,0.003
F1_InvKn,F1_Low_Top10,PRE_MARKET,DOWN,OOS,540,0.4704,0.2704,0.1352,0.0667,1.553,1.4418,1.7153,0.287,1.0057,0.566,0.0578,0.0294
F1_InvKn,F1_InvKn_Top5,PRE_MARKET,DOWN,OOS,270,0.4852,0.2704,0.1481,0.0704,1.5381,1.4564,1.5878,0.2778,1.0213,0.2264,-0.086,-0.0144
F1_InvKn,F1_InvKn_Top6,PRE_MARKET,DOWN,OOS,324,0.4846,0.2716,0.1512,0.0772,1.6136,1.5101,1.5728,0.2747,1.061,0.3019,-0.0995,-0.003
G1_Combo,G1_V3_Sector_Top5,PRE_MARKET,UP,TRAIN,535,0.4523,0.2561,0.1402,0.0766,1.7468,1.7503,1.685,0.3271,1.0364,0.2523,-0.0028,0.0011
G1_Combo,G1_V3_Sector_Top6,PRE_MARKET,UP,TRAIN,642,0.4439,0.2508,0.1355,0.0748,1.7558,1.7497,1.6776,0.3318,1.0127,0.2991,0.0111,-0.0139
G1_Combo,G2_V3_InvKn_Top5,PRE_MARKET,UP,TRAIN,535,0.4336,0.2617,0.1402,0.086,2.0266,1.8705,1.7251,0.3439,0.9851,0.2243,0.0392,-0.0385
G1_Combo,G2_V3_InvKn_Top6,PRE_MARKET,UP,TRAIN,642,0.4408,0.2632,0.1417,0.0888,2.028,1.8691,1.6969,0.3396,1.0483,0.3084,0.0053,-0.0471
G1_Combo,G3_V3_Sect_InvKn_Top5,PRE_MARKET,UP,TRAIN,535,0.4449,0.2542,0.1421,0.0841,1.8227,1.78,1.6768,0.3215,1.0009,0.2523,0.0516,0.0411
G1_Combo,G3_V3_Sect_InvKn_Top6,PRE_MARKET,UP,TRAIN,642,0.4361,0.2477,0.134,0.0779,1.7882,1.7273,1.687,0.3349,0.965,0.2991,0.0321,0.0403
G1_Combo,G4_V3_Gap_Top5,PRE_MARKET,UP,TRAIN,535,0.5327,0.3327,0.1907,0.1308,2.1966,2.4074,1.3009,0.2879,1.3852,0.4019,0.106,0.0787
G1_Combo,G4_V3_Gap_Top6,PRE_MARKET,UP,TRAIN,642,0.5125,0.3084,0.1776,0.1184,2.1386,2.2929,1.3251,0.2897,1.3251,0.4766,0.1388,0.0625
G1_Combo,G1_V3_Sector_Top5,PRE_MARKET,UP,VAL,265,0.5623,0.434,0.2943,0.2189,2.9412,3.1495,1.7444,0.3094,1.3122,0.3774,0.0392,0.0816
G1_Combo,G1_V3_Sector_Top6,PRE_MARKET,UP,VAL,318,0.5535,0.4151,0.2862,0.2138,2.9364,3.0047,1.7652,0.3082,1.2819,0.4717,0.0431,0.0472
G1_Combo,G2_V3_InvKn_Top5,PRE_MARKET,UP,VAL,265,0.5019,0.3962,0.2528,0.1774,2.8846,2.7145,2.1256,0.3245,1.0307,0.3396,0.0661,-0.0332
G1_Combo,G2_V3_InvKn_Top6,PRE_MARKET,UP,VAL,318,0.5189,0.4025,0.2704,0.1887,2.8006,2.6866,2.044,0.3113,1.0297,0.3774,0.0512,-0.0072
G1_Combo,G3_V3_Sect_InvKn_Top5,PRE_MARKET,UP,VAL,265,0.5585,0.4151,0.3019,0.234,2.9777,2.9738,1.7939,0.3057,1.2483,0.3774,0.0476,0.1204
G1_Combo,G3_V3_Sect_InvKn_Top6,PRE_MARKET,UP,VAL,318,0.5692,0.434,0.2987,0.2296,2.9694,2.9729,1.7717,0.305,1.2815,0.434,0.0329,0.1011
G1_Combo,G4_V3_Gap_Top5,PRE_MARKET,UP,VAL,265,0.5547,0.4151,0.2717,0.2038,2.958,3.2589,1.7092,0.3094,1.5309,0.4906,0.1435,0.1204
G1_Combo,G4_V3_Gap_Top6,PRE_MARKET,UP,VAL,318,0.566,0.4182,0.2767,0.2075,2.8234,3.1611,1.6526,0.2925,1.4705,0.5472,0.1652,0.1134
G1_Combo,G1_V3_Sector_Top5,PRE_MARKET,UP,OOS,270,0.4963,0.3185,0.1963,0.1444,2.422,2.4675,1.4114,0.2815,1.2581,0.3962,-0.0449,0.054
G1_Combo,G1_V3_Sector_Top6,PRE_MARKET,UP,OOS,324,0.4877,0.3117,0.2006,0.1512,2.4487,2.4405,1.4209,0.2747,1.2197,0.4717,-0.0375,0.0498
G1_Combo,G2_V3_InvKn_Top5,PRE_MARKET,UP,OOS,270,0.5037,0.3185,0.1926,0.1185,2.2415,2.2118,1.7117,0.2815,1.1307,0.3019,0.0066,0.0798
G1_Combo,G2_V3_InvKn_Top6,PRE_MARKET,UP,OOS,324,0.5031,0.3272,0.1944,0.1265,2.3354,2.251,1.6908,0.2901,1.1681,0.3962,-0.0073,0.0272
G1_Combo,G3_V3_Sect_InvKn_Top5,PRE_MARKET,UP,OOS,270,0.4926,0.3111,0.2037,0.137,2.366,2.4471,1.5104,0.2778,1.2321,0.3396,0.0375,0.029
G1_Combo,G3_V3_Sect_InvKn_Top6,PRE_MARKET,UP,OOS,324,0.4877,0.3025,0.2006,0.1389,2.4011,2.3973,1.5259,0.287,1.1704,0.4151,0.0452,0.029
G1_Combo,G4_V3_Gap_Top5,PRE_MARKET,UP,OOS,270,0.5481,0.363,0.2407,0.1963,2.7178,2.9841,1.2174,0.2444,1.5767,0.5094,0.1206,0.1468
G1_Combo,G4_V3_Gap_Top6,PRE_MARKET,UP,OOS,324,0.5525,0.3488,0.2377,0.1852,2.5921,2.9034,1.2166,0.2438,1.5027,0.566,0.1448,0.1261
G1_Combo,G1_V3_Sector_Top5,PRE_MARKET,DOWN,TRAIN,535,0.5439,0.2822,0.1458,0.0654,1.4927,1.4765,1.5364,0.2411,1.0537,0.271,0.0363,0.0774
G1_Combo,G1_V3_Sector_Top6,PRE_MARKET,DOWN,TRAIN,642,0.5452,0.2835,0.1402,0.0623,1.4824,1.4867,1.5339,0.2352,1.0655,0.3084,0.0354,0.0897
G1_Combo,G2_V3_InvKn_Top5,PRE_MARKET,DOWN,TRAIN,535,0.5495,0.2953,0.1607,0.0804,1.5654,1.557,1.564,0.2131,1.1043,0.3271,0.038,-0.0622
G1_Combo,G2_V3_InvKn_Top6,PRE_MARKET,DOWN,TRAIN,642,0.5452,0.2991,0.1573,0.0732,1.5623,1.5321,1.568,0.2196,1.0917,0.4019,0.0524,-0.0555
G1_Combo,G3_V3_Sect_InvKn_Top5,PRE_MARKET,DOWN,TRAIN,535,0.5551,0.2804,0.1402,0.0617,1.4603,1.4535,1.5637,0.2486,1.0871,0.271,0.0674,0.0592
G1_Combo,G3_V3_Sect_InvKn_Top6,PRE_MARKET,DOWN,TRAIN,642,0.553,0.285,0.1371,0.0592,1.4499,1.4668,1.566,0.2383,1.0804,0.3271,0.0562,0.0727
G1_Combo,G4_V3_Gap_Top5,PRE_MARKET,DOWN,TRAIN,535,0.6,0.3514,0.1944,0.0785,1.6772,1.8839,1.1329,0.1963,1.3374,0.4112,0.2339,0.1694
G1_Combo,G4_V3_Gap_Top6,PRE_MARKET,DOWN,TRAIN,642,0.5966,0.338,0.1822,0.0732,1.6296,1.813,1.1641,0.204,1.29,0.4673,0.2447,0.1531
G1_Combo,G1_V3_Sector_Top5,PRE_MARKET,DOWN,VAL,265,0.5057,0.3547,0.2226,0.1472,2.1437,1.7967,1.839,0.3283,1.0064,0.2264,0.0125,0.2332
G1_Combo,G1_V3_Sector_Top6,PRE_MARKET,DOWN,VAL,318,0.5094,0.3491,0.2233,0.1541,2.1852,1.8129,1.8072,0.3239,1.0635,0.3208,0.0161,0.227
G1_Combo,G2_V3_InvKn_Top5,PRE_MARKET,DOWN,VAL,265,0.4491,0.317,0.2113,0.117,2.1983,1.7078,1.8345,0.3094,0.7841,0.1887,-0.0082,-0.2213
G1_Combo,G2_V3_InvKn_Top6,PRE_MARKET,DOWN,VAL,318,0.4403,0.3239,0.2233,0.1321,2.3721,1.7545,1.8409,0.327,0.7855,0.2453,-0.0222,-0.2421
G1_Combo,G3_V3_Sect_InvKn_Top5,PRE_MARKET,DOWN,VAL,265,0.4717,0.3208,0.2038,0.1245,2.1761,1.7322,1.7651,0.3396,0.9993,0.2264,-0.0013,0.1222
G1_Combo,G3_V3_Sect_InvKn_Top6,PRE_MARKET,DOWN,VAL,318,0.4591,0.3113,0.2013,0.1226,2.1955,1.7275,1.7886,0.3428,0.9222,0.2453,0.0077,0.1372
G1_Combo,G4_V3_Gap_Top5,PRE_MARKET,DOWN,VAL,265,0.5396,0.4,0.3019,0.2038,2.6222,2.2653,1.5523,0.283,1.3337,0.3962,0.5455,0.1014
G1_Combo,G4_V3_Gap_Top6,PRE_MARKET,DOWN,VAL,318,0.5314,0.3931,0.2799,0.1887,2.5076,2.1523,1.5685,0.2893,1.2282,0.3962,0.5714,0.1216
G1_Combo,G1_V3_Sector_Top5,PRE_MARKET,DOWN,OOS,270,0.5222,0.2963,0.163,0.0963,1.786,1.6868,1.3899,0.2407,1.1784,0.3585,-0.0061,0.077
G1_Combo,G1_V3_Sector_Top6,PRE_MARKET,DOWN,OOS,324,0.5154,0.3025,0.1698,0.0957,1.8213,1.6629,1.4248,0.25,1.205,0.4151,0.0156,0.0531
G1_Combo,G2_V3_InvKn_Top5,PRE_MARKET,DOWN,OOS,270,0.4778,0.2852,0.1519,0.0741,1.6049,1.5069,1.7337,0.2815,1.0429,0.2453,-0.0551,0.1475
G1_Combo,G2_V3_InvKn_Top6,PRE_MARKET,DOWN,OOS,324,0.4907,0.2932,0.1667,0.0833,1.6823,1.5518,1.6869,0.2778,1.112,0.3396,-0.0759,0.1206
G1_Combo,G3_V3_Sect_InvKn_Top5,PRE_MARKET,DOWN,OOS,270,0.4889,0.2815,0.1556,0.0889,1.7924,1.6617,1.4481,0.263,1.0769,0.3019,0.0691,0.027
G1_Combo,G3_V3_Sect_InvKn_Top6,PRE_MARKET,DOWN,OOS,324,0.5,0.287,0.1389,0.0802,1.6762,1.6183,1.4496,0.2531,1.0644,0.3585,0.0431,0.0606
G1_Combo,G4_V3_Gap_Top5,PRE_MARKET,DOWN,OOS,270,0.537,0.3519,0.2185,0.1296,2.0846,2.1397,1.2114,0.2556,1.5737,0.6038,0.3463,0.1851
G1_Combo,G4_V3_Gap_Top6,PRE_MARKET,DOWN,OOS,324,0.5216,0.3333,0.2037,0.1204,2.0002,2.0319,1.2919,0.2562,1.4168,0.6415,0.366,0.178
