experiment,model,information,timing,direction,sample_oos,dir_acc,ge2_rate,ge3_rate,avg_fav_ret,avg_mfe,fp_rate,conc_lift,top1_cap,spearman_dir,vs_v3t5_ge2_delta,leakage,oos_verdict
Baseline,V3_20,V3_score,PRE_MARKET,UP,1080,0.4787,0.175,0.1093,2.0629,2.0591,0.2926,1.0,,-0.0295,0.0,PASS,MARGINAL
Baseline,V3_Top5,V3_score,PRE_MARKET,UP,270,0.5,0.2222,0.1741,2.6812,2.6869,0.337,1.3274,0.4906,-0.0288,0.0,PASS,MARGINAL
Baseline,V3_Top6,V3_score,PRE_MARKET,UP,324,0.4846,0.2068,0.1605,2.5775,2.4878,0.3364,1.2322,0.5283,0.0095,0.0,PASS,MARGINAL
Baseline,Random_5,V3_score,PRE_MARKET,UP,1350,0.4756,0.1778,0.1185,2.1461,2.1037,0.3111,3.4768,0.9057,,0.0,PASS,MARGINAL
Baseline,Random_6,V3_score,PRE_MARKET,UP,1620,0.4815,0.1784,0.1167,2.1272,2.1014,0.308,3.164,0.9434,,0.0,PASS,MARGINAL
A1_Sector,A1_Top5,sector_5sig,PRE_MARKET,UP,270,0.4963,0.1963,0.1444,2.422,2.4675,0.2815,1.2581,0.3962,-0.0563,-0.0259,PASS,WORSE
A1_Sector,A1_Top6,sector_5sig,PRE_MARKET,UP,324,0.4907,0.2006,0.1512,2.437,2.4402,0.2716,1.2277,0.4717,-0.0524,-0.0216,PASS,WORSE
A1_Sector,A1_Low_Top5,sector_5sig,PRE_MARKET,UP,270,0.5222,0.1852,0.1111,2.0793,2.2158,0.3074,1.0937,0.3208,0.1534,-0.037,PASS,WORSE
D1_Gap,D1_Top5,opening_gap,POST_OPEN,UP,270,0.5481,0.2407,0.1963,2.7178,2.9841,0.2444,1.5767,0.5094,0.1543,0.0185,PASS,MARGINAL
D1_Gap,D1_Top6,opening_gap,POST_OPEN,UP,324,0.5525,0.2377,0.1852,2.5921,2.9034,0.2438,1.5027,0.566,0.1863,0.0155,PASS,MARGINAL
D1_Gap,D1_Low_Top5,opening_gap,POST_OPEN,UP,270,0.3963,0.1556,0.1,2.204,1.6231,0.4,0.7677,0.2642,0.1502,-0.0666,PASS,WORSE
F1_InvKn,F1_High_Top5,inv_knowledge,PRE_MARKET,UP,270,0.4444,0.1481,0.1111,2.0431,2.0092,0.3222,0.8927,0.1698,-0.048,-0.0741,PASS,WORSE
F1_InvKn,F1_Low_Top5,inv_knowledge,PRE_MARKET,UP,270,0.5074,0.2,0.1148,2.193,2.1557,0.2852,1.0881,0.2264,0.0001,-0.0222,PASS,WORSE
F1_InvKn,F1_Low_Top6,inv_knowledge,PRE_MARKET,UP,324,0.5093,0.2006,0.1173,2.249,2.1929,0.2809,1.1117,0.3208,-0.0107,-0.0216,PASS,WORSE
F1_InvKn,F1_InvKn_Top5,inv_knowledge,PRE_MARKET,UP,270,0.5074,0.2,0.1148,2.193,2.1557,0.2852,1.0881,0.2264,-0.0001,-0.0222,PASS,WORSE
G1_Combo,G1_V3_Sector_Top5,combination,PRE_MARKET,UP,270,0.4963,0.1963,0.1444,2.422,2.4675,0.2815,1.2581,0.3962,-0.0449,-0.0259,PASS,WORSE
G1_Combo,G2_V3_InvKn_Top5,combination,PRE_MARKET,UP,270,0.5037,0.1926,0.1185,2.2415,2.2118,0.2815,1.1307,0.3019,0.0066,-0.0296,PASS,WORSE
G1_Combo,G3_V3_Sect_InvKn_Top5,combination,PRE_MARKET,UP,270,0.4926,0.2037,0.137,2.366,2.4471,0.2778,1.2321,0.3396,0.0375,-0.0185,PASS,MARGINAL
G1_Combo,G4_V3_Gap_Top5,combination,POST_OPEN,UP,270,0.5481,0.2407,0.1963,2.7178,2.9841,0.2444,1.5767,0.5094,0.1206,0.0185,PASS,MARGINAL
Baseline,V3_20,V3_score,PRE_MARKET,DOWN,1080,0.4787,0.1259,0.0583,1.529,1.4028,0.2806,1.0,,0.0234,0.0,PASS,MARGINAL
Baseline,V3_Top5,V3_score,PRE_MARKET,DOWN,270,0.4778,0.1778,0.1,1.9142,1.6358,0.2889,1.2531,0.4151,0.0227,0.0,PASS,MARGINAL
Baseline,V3_Top6,V3_score,PRE_MARKET,DOWN,324,0.4691,0.1667,0.0926,1.8402,1.5875,0.2994,1.1672,0.4528,0.0271,0.0,PASS,MARGINAL
Baseline,Random_5,V3_score,PRE_MARKET,DOWN,1350,0.4733,0.1289,0.0607,1.5933,1.4144,0.2852,3.37,0.8679,,0.0,PASS,MARGINAL
Baseline,Random_6,V3_score,PRE_MARKET,DOWN,1620,0.4722,0.1333,0.0642,1.6236,1.4488,0.2827,3.2181,1.0,,0.0,PASS,MARGINAL
A1_Sector,A1_Top5,sector_5sig,PRE_MARKET,DOWN,270,0.5185,0.163,0.0963,1.7937,1.6845,0.2407,1.1583,0.3396,0.0222,-0.0148,PASS,MARGINAL
A1_Sector,A1_Top6,sector_5sig,PRE_MARKET,DOWN,324,0.5123,0.1667,0.0957,1.8176,1.6566,0.25,1.1817,0.3962,0.0339,-0.0111,PASS,MARGINAL
A1_Sector,A1_Low_Top5,sector_5sig,PRE_MARKET,DOWN,270,0.463,0.137,0.0593,1.5509,1.4212,0.3074,1.0513,0.283,0.0449,-0.0408,PASS,WORSE
D1_Gap,D1_Top5,opening_gap,POST_OPEN,DOWN,270,0.537,0.2185,0.1296,2.0846,2.1397,0.2556,1.5737,0.6038,0.3141,0.0407,PASS,BETTER
D1_Gap,D1_Top6,opening_gap,POST_OPEN,DOWN,324,0.5216,0.2037,0.1204,2.0002,2.0319,0.2562,1.4168,0.6415,0.3442,0.0259,PASS,BETTER
D1_Gap,D1_Low_Top5,opening_gap,POST_OPEN,DOWN,270,0.4,0.1,0.037,1.3798,1.042,0.3815,0.7111,0.1698,0.1776,-0.0778,PASS,WORSE
F1_InvKn,F1_High_Top5,inv_knowledge,PRE_MARKET,DOWN,270,0.463,0.1296,0.0593,1.6173,1.4316,0.2852,1.0042,0.3208,-0.0126,-0.0482,PASS,WORSE
F1_InvKn,F1_Low_Top5,inv_knowledge,PRE_MARKET,DOWN,270,0.4852,0.1481,0.0704,1.5381,1.4564,0.2778,1.0213,0.2264,0.086,-0.0297,PASS,WORSE
F1_InvKn,F1_Low_Top6,inv_knowledge,PRE_MARKET,DOWN,324,0.4846,0.1512,0.0772,1.6136,1.5101,0.2747,1.061,0.3019,0.0995,-0.0266,PASS,WORSE
F1_InvKn,F1_InvKn_Top5,inv_knowledge,PRE_MARKET,DOWN,270,0.4852,0.1481,0.0704,1.5381,1.4564,0.2778,1.0213,0.2264,-0.086,-0.0297,PASS,WORSE
G1_Combo,G1_V3_Sector_Top5,combination,PRE_MARKET,DOWN,270,0.5222,0.163,0.0963,1.786,1.6868,0.2407,1.1784,0.3585,-0.0061,-0.0148,PASS,MARGINAL
G1_Combo,G2_V3_InvKn_Top5,combination,PRE_MARKET,DOWN,270,0.4778,0.1519,0.0741,1.6049,1.5069,0.2815,1.0429,0.2453,-0.0551,-0.0259,PASS,WORSE
G1_Combo,G3_V3_Sect_InvKn_Top5,combination,PRE_MARKET,DOWN,270,0.4889,0.1556,0.0889,1.7924,1.6617,0.263,1.0769,0.3019,0.0691,-0.0222,PASS,WORSE
G1_Combo,G4_V3_Gap_Top5,combination,POST_OPEN,DOWN,270,0.537,0.2185,0.1296,2.0846,2.1397,0.2556,1.5737,0.6038,0.3463,0.0407,PASS,BETTER
B1_Inst,N/A,bulk_block_deals: 0 rows; bhav_daily: 0 rows; no FII/DII data in study002_replay.db,N/A,N/A,0,,,,,,,,,,,N/A,DATA_UNAVAILABLE
C1_Catalyst,N/A,"oios_events: 0 rows; no corporate announcement, earnings, or regulatory data in study002_replay.db",N/A,N/A,0,,,,,,,,,,,N/A,DATA_UNAVAILABLE
E_Intraday,N/A,No intraday OHLCV in study002_replay.db; only daily bars available,N/A,N/A,0,,,,,,,,,,,N/A,DATA_UNAVAILABLE
