date,direction,regime,top5_n,top5_dir_acc,top5_ge1,top5_ge2,top5_ge3,top5_avg_ret,rem15_n,rem15_dir_acc,rem15_ge2,rem15_avg_ret,top5_better,c2_rank1_symbol,c2_rank1_ret
2026-05-14,UP,RANGE,5,0.4,0.2,0.0,0.0,-1.0278,15,0.2,0.1333,-1.3349,True,IDEAFORGE.NS,-3.478
2026-05-14,DOWN,RANGE,5,0.8,0.8,0.2,0.2,-1.3646,15,0.6,0.3333,-0.5433,True,CHOLAFIN.NS,-1.3273
2026-05-15,UP,RANGE,5,0.6,0.6,0.4,0.4,0.8996,15,0.2667,0.0,-0.9857,True,SOLARINDS.NS,4.0718
2026-05-15,DOWN,RANGE,5,1.0,0.8,0.4,0.2,-2.8667,15,0.7333,0.3333,-0.8827,True,RATNAMANI.NS,-8.428
2026-05-18,UP,RANGE,5,1.0,0.6,0.2,0.2,1.7548,15,0.6,0.4667,0.8227,True,GNFC.NS,5.1724
2026-05-18,DOWN,RANGE,5,0.2,0.0,0.0,0.0,1.2108,15,0.4,0.0,1.286,False,ENDURANCE.NS,0.7322
2026-05-19,UP,RANGE,5,0.4,0.2,0.0,0.0,-0.0886,15,0.5333,0.0,-0.3943,False,KPITTECH.NS,0.9547
2026-05-19,DOWN,RANGE,5,0.2,0.0,0.0,0.0,0.2144,15,0.4667,0.0667,0.3144,False,STLTECH.NS,0.9978
2026-05-20,UP,RANGE,5,0.4,0.4,0.2,0.2,-0.3518,15,0.6,0.1333,0.4916,False,JPPOWER.NS,1.3654
2026-05-20,DOWN,RANGE,5,0.8,0.4,0.0,0.0,-0.0126,15,0.2667,0.0,1.5975,True,RATNAMANI.NS,-0.4331
2026-05-21,UP,RANGE,5,1.0,0.8,0.4,0.2,3.101,15,0.6667,0.2667,0.6776,True,PAGEIND.NS,2.8009
2026-05-21,DOWN,RANGE,5,1.0,0.4,0.4,0.2,-1.523,15,0.4667,0.1333,0.5025,True,WELCORP.NS,-3.9618
2026-05-22,UP,RANGE,5,1.0,0.8,0.6,0.4,2.7556,15,0.5333,0.2,0.467,True,PRESTIGE.NS,0.9291
2026-05-22,DOWN,RANGE,5,0.6,0.2,0.2,0.2,-0.6483,15,0.0667,0.0,2.0834,True,OIL.NS,-3.4417
2026-05-25,UP,RANGE,5,0.6,0.4,0.4,0.4,1.412,15,0.4667,0.1333,0.0547,True,SUDARSCHEM.NS,-3.9082
2026-05-25,DOWN,RANGE,5,0.6,0.4,0.0,0.0,0.4206,15,0.5333,0.0667,-0.161,True,HINDZINC.NS,2.0331
2026-05-26,UP,RANGE,5,1.0,1.0,1.0,0.8,4.5681,15,0.5333,0.2,0.5687,True,FINPIPE.NS,7.7411
2026-05-26,DOWN,RANGE,5,0.8,0.2,0.0,0.0,-0.3381,15,0.4667,0.1333,-0.1795,True,GLENMARK.NS,1.4247
2026-05-27,UP,RANGE,5,0.0,0.0,0.0,0.0,0.0,15,0.0,0.0,0.0,False,JPPOWER.NS,0.0
2026-05-27,DOWN,RANGE,5,0.0,0.0,0.0,0.0,0.0,15,0.0,0.0,0.0,False,ERIS.NS,0.0
2026-05-29,UP,RANGE,5,0.8,0.4,0.2,0.0,0.6882,15,0.2667,0.0667,-2.6098,True,CENTUM.NS,0.7836
2026-05-29,DOWN,RANGE,5,0.6,0.6,0.4,0.2,-2.0546,15,0.7333,0.1333,-0.7725,False,NATCOPHARM.NS,-8.1307
2026-06-01,UP,RANGE,5,1.0,1.0,0.4,0.2,2.2169,15,0.8,0.4667,1.5413,True,TECHM.NS,1.8274
2026-06-01,DOWN,RANGE,5,0.8,0.2,0.2,0.2,-1.0098,15,0.5333,0.0,0.3576,True,ASHOKLEY.NS,-0.4874
2026-06-02,UP,RANGE,5,0.6,0.4,0.4,0.2,1.342,15,0.2667,0.1333,-1.9973,True,STLTECH.NS,4.9996
2026-06-02,DOWN,RANGE,5,0.6,0.2,0.2,0.0,0.1406,15,0.5333,0.0667,0.0605,True,RAJESHEXPO.NS,2.4157
2026-06-03,UP,RANGE,5,0.6,0.4,0.2,0.2,0.9279,15,0.3333,0.0667,-0.6361,True,STLTECH.NS,4.9952
2026-06-03,DOWN,RANGE,5,0.4,0.4,0.2,0.2,-0.6169,15,0.2667,0.0,0.8598,True,RAJESHEXPO.NS,-4.9918
2026-06-04,UP,RANGE,5,0.6,0.4,0.4,0.2,1.5094,15,0.2667,0.0,-1.3897,True,PARAS.NS,7.4234
2026-06-04,DOWN,RANGE,5,1.0,0.6,0.4,0.4,-2.2084,15,0.8667,0.2,-1.0345,True,RAJESHEXPO.NS,-4.9942
2026-06-05,UP,RANGE,5,0.0,0.0,0.0,0.0,-2.2098,15,0.1333,0.0,-2.2995,False,COROMANDEL.NS,-2.5434
2026-06-05,DOWN,RANGE,5,1.0,1.0,0.8,0.6,-4.5267,15,0.7333,0.3333,-1.2705,True,RAJESHEXPO.NS,-4.9934
2026-06-08,UP,RANGE,5,0.6,0.4,0.2,0.0,0.123,15,0.9333,0.8,4.0068,False,IDEA.NS,-1.8056
2026-06-08,DOWN,RANGE,5,0.2,0.2,0.2,0.2,0.4085,15,0.3333,0.0,0.9296,False,RAJESHEXPO.NS,-5.0
2026-06-09,UP,RANGE,5,0.4,0.4,0.2,0.2,-0.9162,15,0.3333,0.1333,-0.9783,True,IDEAFORGE.NS,-4.9953
2026-06-09,DOWN,RANGE,5,1.0,1.0,1.0,0.8,-3.9001,15,0.8667,0.0667,-0.9384,True,RAJESHEXPO.NS,-4.9938
2026-06-10,UP,RANGE,5,0.6,0.4,0.4,0.0,0.5735,15,0.1333,0.0667,-1.9396,True,BEML.NS,-2.4399
2026-06-10,DOWN,RANGE,5,1.0,0.8,0.6,0.4,-2.5088,15,0.6667,0.2,-0.5312,True,STLTECH.NS,-2.3955
2026-06-11,UP,RANGE,5,1.0,0.8,0.8,0.4,4.9146,15,0.7333,0.4667,1.6797,True,DATAPATTNS.NS,8.1023
2026-06-11,DOWN,RANGE,5,0.4,0.4,0.4,0.2,-0.5746,15,0.2,0.0,2.0306,True,RAJESHEXPO.NS,-4.9981
2026-06-12,UP,RANGE,5,1.0,1.0,0.8,0.6,3.3571,15,0.6,0.1333,0.1133,True,SHRIRAMFIN.NS,4.7856
2026-06-12,DOWN,RANGE,5,0.4,0.2,0.0,0.0,0.9368,15,0.2667,0.0667,1.5248,True,RAJESHEXPO.NS,4.9993
2026-06-15,UP,RANGE,5,0.6,0.0,0.0,0.0,-0.7356,15,0.6667,0.2667,0.9201,False,ASHOKLEY.NS,0.5073
2026-06-15,DOWN,RANGE,5,0.4,0.2,0.2,0.0,0.459,15,0.1333,0.0667,2.3053,True,JPPOWER.NS,-2.7071
2026-06-16,UP,RANGE,5,0.8,0.2,0.2,0.0,0.6679,15,0.6667,0.2,0.8493,True,COFORGE.NS,0.0614
2026-06-16,DOWN,RANGE,5,0.6,0.2,0.0,0.0,0.6277,15,0.2667,0.0,1.6448,True,STLTECH.NS,-1.2966
2026-06-17,UP,RANGE,5,0.8,0.4,0.4,0.4,1.7412,15,0.6667,0.1333,1.0215,True,RAJESHEXPO.NS,4.9972
2026-06-17,DOWN,RANGE,5,1.0,0.6,0.0,0.0,-0.7191,15,0.3333,0.0,0.6988,True,TECHM.NS,-1.0052
2026-06-18,UP,RANGE,5,0.8,0.8,0.4,0.4,2.3603,15,0.2667,0.1333,-0.2321,True,RAJESHEXPO.NS,4.9962
2026-06-18,DOWN,RANGE,5,0.8,0.8,0.8,0.2,-2.4371,15,0.4,0.0667,0.8814,True,MPHASIS.NS,-2.9573
2026-06-19,UP,RANGE,5,0.6,0.4,0.4,0.2,1.3789,15,0.6,0.2,-0.4659,False,RAJESHEXPO.NS,4.9944
2026-06-19,DOWN,RANGE,5,0.4,0.2,0.2,0.0,1.0692,15,0.1333,0.0667,1.9054,True,CENTUM.NS,4.6454
2026-06-22,UP,RANGE,5,0.2,0.2,0.2,0.2,-0.0012,15,0.1333,0.0,-1.5653,True,RAJESHEXPO.NS,4.9912
2026-06-22,DOWN,RANGE,5,0.8,0.6,0.6,0.6,-2.5794,15,0.9333,0.2667,-1.4423,False,NATIONALUM.NS,-5.9664
2026-06-23,UP,RANGE,5,0.4,0.0,0.0,0.0,-0.8481,15,0.2667,0.0,-1.4617,True,ERIS.NS,0.3696
2026-06-23,DOWN,RANGE,5,0.6,0.2,0.2,0.2,-0.7956,15,0.2667,0.0,1.059,True,WIPRO.NS,-0.0057
2026-06-24,UP,RANGE,5,0.4,0.2,0.2,0.2,0.1479,15,0.4,0.1333,-0.2452,False,NOCIL.NS,-0.8072
2026-06-24,DOWN,RANGE,5,1.0,0.8,0.8,0.8,-3.2915,15,0.5333,0.2,-0.1675,True,HINDZINC.NS,-4.41
2026-06-25,UP,RANGE,5,0.0,0.0,0.0,0.0,0.0,15,0.0,0.0,0.0,False,OFSS.NS,0.0
2026-06-25,DOWN,RANGE,5,0.0,0.0,0.0,0.0,0.0,15,0.0,0.0,0.0,False,PARAS.NS,0.0
2026-06-29,UP,RANGE,5,1.0,0.0,0.0,0.0,0.4466,15,0.5333,0.1333,0.2278,True,SUNDRMFAST.NS,0.576
2026-06-29,DOWN,RANGE,5,0.8,0.6,0.2,0.0,-0.9379,15,0.4667,0.0667,0.7896,True,NATIONALUM.NS,-2.2453
2026-06-30,UP,RANGE,5,0.4,0.4,0.4,0.4,1.0795,15,0.4667,0.1333,0.3918,False,CENTUM.NS,-1.7759
2026-06-30,DOWN,RANGE,5,0.8,0.8,0.6,0.4,-4.9461,15,0.5333,0.0667,-0.2484,True,KPITTECH.NS,-16.9757
2026-07-01,UP,RANGE,5,0.8,0.6,0.2,0.2,1.0697,15,0.6667,0.2667,2.1268,True,IDEAFORGE.NS,-1.0918
2026-07-01,DOWN,RANGE,5,0.4,0.2,0.0,0.0,0.7146,15,0.0667,0.0,2.1413,True,RAJESHEXPO.NS,4.9931
2026-07-02,UP,RANGE,5,0.6,0.4,0.4,0.4,2.0758,15,0.4667,0.1333,0.1171,True,ONMOBILE.NS,3.0252
2026-07-02,DOWN,RANGE,5,0.4,0.4,0.0,0.0,0.837,15,0.4,0.0,1.2141,False,STLTECH.NS,2.524
2026-07-03,UP,RANGE,5,0.6,0.6,0.6,0.0,1.1745,15,0.2667,0.0,-1.3447,True,GODREJPROP.NS,2.5045
2026-07-03,DOWN,RANGE,5,0.4,0.0,0.0,0.0,1.5922,15,0.6667,0.0,0.0094,False,STLTECH.NS,1.4476
2026-07-06,UP,RANGE,5,0.4,0.4,0.2,0.2,0.6335,15,0.4,0.0,-0.9452,False,ADANIENSOL.NS,1.7377
2026-07-06,DOWN,RANGE,5,0.6,0.4,0.4,0.2,-0.6589,15,0.5333,0.1333,-0.4082,True,STLTECH.NS,-4.9987
2026-07-07,UP,BULL,5,0.2,0.2,0.0,0.0,-1.0471,15,0.0667,0.0,-2.6533,True,NAUKRI.NS,1.6861
2026-07-07,DOWN,BULL,5,1.0,1.0,1.0,0.4,-3.224,15,0.9333,0.3333,-1.1306,True,STLTECH.NS,-4.9919
2026-07-08,UP,RANGE,5,1.0,0.8,0.6,0.4,2.578,15,0.6,0.2,1.6743,True,JINDALPOLY.NS,4.9958
2026-07-08,DOWN,RANGE,5,0.0,0.0,0.0,0.0,2.4494,15,0.2,0.0,0.8365,False,STLTECH.NS,4.9607
2026-07-09,UP,RANGE,5,1.0,1.0,0.4,0.4,3.2079,15,0.9333,0.3333,1.6757,True,HFCL.NS,1.1971
2026-07-09,DOWN,RANGE,5,0.4,0.4,0.2,0.2,0.3359,15,0.0667,0.0,2.7438,True,DRREDDY.NS,-1.985
2026-07-10,UP,RANGE,5,0.6,0.2,0.0,0.0,-0.4599,15,0.7333,0.3333,1.7363,False,JINDALPOLY.NS,-4.274
2026-07-10,DOWN,RANGE,5,0.4,0.2,0.0,0.0,0.1492,15,0.6,0.0667,0.2018,False,SHRIRAMFIN.NS,0.3831
2026-07-13,UP,RANGE,5,0.4,0.2,0.2,0.2,-0.1354,15,0.2,0.0667,-1.3112,True,IDEAFORGE.NS,-0.4738
2026-07-13,DOWN,RANGE,5,0.8,0.4,0.2,0.0,-0.4255,15,0.7333,0.2,-1.0349,True,STLTECH.NS,3.03
2026-07-14,UP,RANGE,5,1.0,0.6,0.4,0.4,2.4567,15,0.3333,0.0,-0.6006,True,LTTS.NS,6.5349
2026-07-14,DOWN,RANGE,5,0.6,0.2,0.2,0.0,-0.6506,15,0.3333,0.0,0.8016,True,HCLTECH.NS,0.1114
2026-07-15,UP,RANGE,5,0.8,0.6,0.4,0.4,2.7081,15,0.4667,0.0667,0.0298,True,MRPL.NS,10.0718
2026-07-15,DOWN,RANGE,5,1.0,0.4,0.0,0.0,-0.76,15,0.3333,0.0,0.2746,True,BAJAJFINSV.NS,-0.5947
2026-07-16,UP,RANGE,5,0.8,0.4,0.4,0.4,1.4716,15,0.1333,0.0667,-0.9876,True,TECHM.NS,4.1449
2026-07-16,DOWN,RANGE,5,0.6,0.2,0.2,0.2,-0.9983,15,0.6,0.1333,-0.111,False,STLTECH.NS,-3.87
2026-07-17,UP,RANGE,5,0.6,0.0,0.0,0.0,0.1544,15,0.6667,0.0,0.0365,False,BIOCON.NS,-0.1601
2026-07-17,DOWN,RANGE,5,0.0,0.0,0.0,0.0,0.5864,15,0.2667,0.0,0.7178,False,RBLBANK.NS,0.0951
2026-07-20,UP,RANGE,5,1.0,0.4,0.4,0.4,1.8495,15,0.6667,0.0667,0.3074,True,SHYAMMETL.NS,0.7251
2026-07-20,DOWN,RANGE,5,0.4,0.2,0.2,0.0,0.0981,15,0.2,0.0667,0.5256,True,AXISBANK.NS,0.1752
2026-07-21,UP,RANGE,5,0.4,0.4,0.4,0.4,1.6745,15,0.1333,0.0,-1.1931,True,M&MFIN.NS,8.0892
2026-07-21,DOWN,RANGE,5,0.8,0.6,0.4,0.2,-1.3861,15,1.0,0.5333,-1.9835,False,IDEAFORGE.NS,1.3289
2026-07-22,UP,RANGE,5,0.0,0.0,0.0,0.0,-1.88,15,0.3333,0.0667,-1.6126,False,STLTECH.NS,-0.7415
2026-07-22,DOWN,RANGE,5,0.8,0.4,0.2,0.2,-1.6562,15,0.6,0.1333,-0.069,True,AXISBANK.NS,-1.2435
2026-07-23,UP,RANGE,5,0.4,0.4,0.4,0.2,0.2763,15,0.2667,0.0667,-1.3129,True,METROBRAND.NS,-0.2927
2026-07-23,DOWN,RANGE,5,0.8,0.6,0.2,0.2,-1.4333,15,0.4667,0.1333,0.4505,True,HFCL.NS,-4.908
2026-07-24,UP,RANGE,5,0.6,0.6,0.4,0.4,2.5618,15,0.7333,0.0667,0.2977,False,STLTECH.NS,-1.551
2026-07-24,DOWN,RANGE,5,0.4,0.2,0.0,0.0,0.3935,15,0.3333,0.1333,0.7368,True,RATEGAIN.NS,0.5997
2026-07-27,UP,RANGE,5,0.6,0.2,0.2,0.2,1.6995,15,0.6,0.2667,-0.0493,False,COFORGE.NS,10.3114
2026-07-27,DOWN,RANGE,5,0.6,0.4,0.2,0.0,-0.6478,15,0.6667,0.0,0.3781,False,HFCL.NS,-2.1554
2026-07-28,UP,RANGE,5,0.8,0.8,0.4,0.2,1.608,15,0.7333,0.2667,1.4699,True,INFY.NS,4.513
2026-07-28,DOWN,RANGE,5,0.4,0.0,0.0,0.0,1.1423,15,0.0667,0.0,1.5932,True,ROUTE.NS,-0.5078
2026-07-29,UP,RANGE,5,0.4,0.4,0.0,0.0,0.146,15,0.3333,0.0,-1.1119,True,INFY.NS,-0.0433
2026-07-29,DOWN,RANGE,5,0.6,0.4,0.2,0.2,-0.7903,15,0.7333,0.0,0.0922,False,SHRIRAMFIN.NS,-1.6751
2026-07-30,UP,RANGE,0,,,,,,0,,,,False,,
2026-07-30,DOWN,RANGE,0,,,,,,0,,,,False,,
