date,symbol,direction,actual_move,v3_score,c2_score,c2_rank,selected_top5,regime,miss_type,miss_reason
2026-05-14,BIOCON.NS,UP,2.6492,0.8252,-0.2387,19,False,RANGE,RANKING_MISS,ADVERSE_OPEN_GAP
2026-05-14,SOLARINDS.NS,UP,3.8944,0.7629,0.45,13,False,RANGE,RANKING_MISS,OUTRANKED_BY_STRONGER_OPENERS
2026-05-18,SAIL.NS,UP,3.2792,0.8959,-0.3788,15,False,RANGE,RANKING_MISS,ADVERSE_OPEN_GAP
2026-05-18,POLICYBZR.NS,UP,3.2317,0.8553,0.6063,6,False,RANGE,RANKING_MISS,OUTRANKED_BY_STRONGER_OPENERS
2026-05-18,SAPPHIRE.NS,UP,2.5512,0.7795,0.4991,7,False,RANGE,RANKING_MISS,OUTRANKED_BY_STRONGER_OPENERS
2026-05-18,MANAPPURAM.NS,UP,3.0056,0.7628,-1.3394,20,False,RANGE,RANKING_MISS,ADVERSE_OPEN_GAP
2026-05-18,SHYAMMETL.NS,UP,2.126,0.7478,0.4342,11,False,RANGE,RANKING_MISS,OUTRANKED_BY_STRONGER_OPENERS
2026-05-18,ALKYLAMINE.NS,UP,3.232,0.7411,0.4793,8,False,RANGE,RANKING_MISS,OUTRANKED_BY_STRONGER_OPENERS
2026-05-18,BLUESTARCO.NS,UP,2.9502,0.7191,0.0,14,False,RANGE,RANKING_MISS,LOW_C2_SCORE
2026-05-20,TATACOMM.NS,UP,6.7977,0.8832,0.5294,10,False,RANGE,RANKING_MISS,OUTRANKED_BY_STRONGER_OPENERS
2026-05-20,DEEPAKFERT.NS,UP,5.0008,0.7812,0.4022,14,False,RANGE,RANKING_MISS,OUTRANKED_BY_STRONGER_OPENERS
2026-05-21,SUDARSCHEM.NS,UP,3.1411,0.9568,0.9011,6,False,RANGE,RANKING_MISS,OUTRANKED_BY_STRONGER_OPENERS
2026-05-21,DEEPAKFERT.NS,UP,6.5188,0.9032,0.8167,7,False,RANGE,RANKING_MISS,OUTRANKED_BY_STRONGER_OPENERS
2026-05-21,TATACOMM.NS,UP,3.5701,0.8902,0.1846,12,False,RANGE,RANKING_MISS,LOW_C2_SCORE
2026-05-21,PARAS.NS,UP,2.6938,0.8385,0.4174,8,False,RANGE,RANKING_MISS,OUTRANKED_BY_STRONGER_OPENERS
2026-05-22,SUDARSCHEM.NS,UP,3.0553,0.9488,0.77,14,False,RANGE,RANKING_MISS,OUTRANKED_BY_STRONGER_OPENERS
2026-05-22,ADANIENSOL.NS,UP,2.661,0.8384,0.9723,9,False,RANGE,RANKING_MISS,OUTRANKED_BY_STRONGER_OPENERS
2026-05-22,ASHOKLEY.NS,UP,3.7103,0.7712,1.1946,6,False,RANGE,RANKING_MISS,OUTRANKED_BY_STRONGER_OPENERS
2026-05-25,TATACOMM.NS,UP,3.7758,0.8676,-0.0103,17,False,RANGE,RANKING_MISS,ADVERSE_OPEN_GAP
2026-05-25,ADANIENSOL.NS,UP,4.2014,0.7897,0.0498,10,False,RANGE,RANKING_MISS,LOW_C2_SCORE
2026-05-26,HFCL.NS,UP,7.4907,0.9198,0.4265,11,False,RANGE,RANKING_MISS,OUTRANKED_BY_STRONGER_OPENERS
2026-05-26,CENTUM.NS,UP,2.2362,0.8176,-0.3343,20,False,RANGE,RANKING_MISS,ADVERSE_OPEN_GAP
2026-05-26,NAUKRI.NS,UP,2.5441,0.8132,0.6475,8,False,RANGE,RANKING_MISS,OUTRANKED_BY_STRONGER_OPENERS
2026-05-29,NATIONALUM.NS,UP,2.2971,0.7891,0.2356,9,False,RANGE,RANKING_MISS,LOW_C2_SCORE
2026-06-01,CENTUM.NS,UP,2.5261,0.9551,-0.8943,17,False,RANGE,RANKING_MISS,ADVERSE_OPEN_GAP
2026-06-01,TEJASNET.NS,UP,2.1289,0.9403,-0.4372,15,False,RANGE,RANKING_MISS,ADVERSE_OPEN_GAP
2026-06-01,MOTHERSON.NS,UP,2.2007,0.8572,-0.261,11,False,RANGE,RANKING_MISS,ADVERSE_OPEN_GAP
2026-06-01,OLECTRA.NS,UP,4.4369,0.8556,-0.4307,14,False,RANGE,RANKING_MISS,ADVERSE_OPEN_GAP
2026-06-01,NMDC.NS,UP,3.1829,0.8271,0.4547,6,False,RANGE,RANKING_MISS,OUTRANKED_BY_STRONGER_OPENERS
2026-06-01,ADANIENSOL.NS,UP,2.2787,0.8268,-0.1537,10,False,RANGE,RANKING_MISS,ADVERSE_OPEN_GAP
2026-06-01,HFCL.NS,UP,4.2023,0.7937,-1.2508,20,False,RANGE,RANKING_MISS,ADVERSE_OPEN_GAP
2026-06-02,ALKYLAMINE.NS,UP,3.2664,0.9134,-0.045,11,False,RANGE,RANKING_MISS,ADVERSE_OPEN_GAP
2026-06-02,HFCL.NS,UP,4.9858,0.862,-0.0211,10,False,RANGE,RANKING_MISS,ADVERSE_OPEN_GAP
2026-06-03,TEJASNET.NS,UP,5.7444,0.978,-0.0615,8,False,RANGE,RANKING_MISS,ADVERSE_OPEN_GAP
2026-06-08,PARAS.NS,UP,7.7118,0.9854,0.3421,12,False,RANGE,RANKING_MISS,OUTRANKED_BY_STRONGER_OPENERS
2026-06-08,IDEAFORGE.NS,UP,2.7856,0.9718,-1.9973,20,False,RANGE,RANKING_MISS,ADVERSE_OPEN_GAP
2026-06-08,DATAPATTNS.NS,UP,10.0741,0.9177,0.5795,10,False,RANGE,RANKING_MISS,OUTRANKED_BY_STRONGER_OPENERS
2026-06-08,DEEPAKFERT.NS,UP,4.6156,0.8971,0.2342,15,False,RANGE,RANKING_MISS,LOW_C2_SCORE
2026-06-08,VOLTAS.NS,UP,2.2097,0.8614,0.2037,16,False,RANGE,RANKING_MISS,LOW_C2_SCORE
2026-06-08,MIDHANI.NS,UP,7.0096,0.8612,1.2237,7,False,RANGE,RANKING_MISS,OUTRANKED_BY_STRONGER_OPENERS
2026-06-08,MRPL.NS,UP,5.8001,0.8058,0.6269,9,False,RANGE,RANKING_MISS,OUTRANKED_BY_STRONGER_OPENERS
2026-06-08,STLTECH.NS,UP,4.1985,0.7971,-0.391,19,False,RANGE,RANKING_MISS,ADVERSE_OPEN_GAP
2026-06-08,ALKYLAMINE.NS,UP,3.4996,0.79,1.4088,6,False,RANGE,RANKING_MISS,OUTRANKED_BY_STRONGER_OPENERS
2026-06-08,CANBK.NS,UP,4.2453,0.7859,-0.3866,18,False,RANGE,RANKING_MISS,ADVERSE_OPEN_GAP
2026-06-08,RECLTD.NS,UP,2.5335,0.7597,0.2475,14,False,RANGE,RANKING_MISS,LOW_C2_SCORE
2026-06-08,UNIONBANK.NS,UP,3.1844,0.759,0.2785,13,False,RANGE,RANKING_MISS,LOW_C2_SCORE
2026-06-09,MRPL.NS,UP,2.0457,0.9113,0.2931,10,False,RANGE,RANKING_MISS,LOW_C2_SCORE
2026-06-09,COROMANDEL.NS,UP,4.0728,0.7596,0.4648,8,False,RANGE,RANKING_MISS,OUTRANKED_BY_STRONGER_OPENERS
2026-06-10,JINDALPOLY.NS,UP,4.476,0.9686,-0.8424,17,False,RANGE,RANKING_MISS,ADVERSE_OPEN_GAP
2026-06-11,DEEPAKFERT.NS,UP,3.5296,0.8512,1.4917,6,False,RANGE,RANKING_MISS,OUTRANKED_BY_STRONGER_OPENERS
2026-06-11,COROMANDEL.NS,UP,2.7391,0.8425,0.5575,18,False,RANGE,RANKING_MISS,OUTRANKED_BY_STRONGER_OPENERS
2026-06-11,NAVINFLUOR.NS,UP,2.04,0.7932,0.6427,17,False,RANGE,RANKING_MISS,OUTRANKED_BY_STRONGER_OPENERS
2026-06-11,AXISBANK.NS,UP,2.9606,0.7165,1.1159,11,False,RANGE,RANKING_MISS,OUTRANKED_BY_STRONGER_OPENERS
2026-06-11,CERA.NS,UP,4.9449,0.701,1.1188,9,False,RANGE,RANKING_MISS,OUTRANKED_BY_STRONGER_OPENERS
2026-06-11,KOTAKBANK.NS,UP,2.5296,0.6985,1.1186,10,False,RANGE,RANKING_MISS,OUTRANKED_BY_STRONGER_OPENERS
2026-06-11,COLPAL.NS,UP,2.4845,0.6883,0.6606,16,False,RANGE,RANKING_MISS,OUTRANKED_BY_STRONGER_OPENERS
2026-06-12,IDFCFIRSTB.NS,UP,2.3922,0.7829,1.9608,9,False,RANGE,RANKING_MISS,OUTRANKED_BY_STRONGER_OPENERS
2026-06-12,COROMANDEL.NS,UP,3.6312,0.7762,1.0017,15,False,RANGE,RANKING_MISS,OUTRANKED_BY_STRONGER_OPENERS
2026-06-15,PRESTIGE.NS,UP,3.3005,0.8938,0.3735,14,False,RANGE,RANKING_MISS,OUTRANKED_BY_STRONGER_OPENERS
2026-06-15,COROMANDEL.NS,UP,3.6953,0.8553,0.438,13,False,RANGE,RANKING_MISS,OUTRANKED_BY_STRONGER_OPENERS
2026-06-15,DLF.NS,UP,2.4168,0.8442,0.5778,8,False,RANGE,RANKING_MISS,OUTRANKED_BY_STRONGER_OPENERS
2026-06-15,RATEGAIN.NS,UP,2.4013,0.844,0.6306,7,False,RANGE,RANKING_MISS,OUTRANKED_BY_STRONGER_OPENERS
2026-06-16,GNFC.NS,UP,4.328,0.8346,0.513,7,False,RANGE,RANKING_MISS,OUTRANKED_BY_STRONGER_OPENERS
2026-06-16,RATEGAIN.NS,UP,4.9565,0.8036,0.0829,14,False,RANGE,RANKING_MISS,LOW_C2_SCORE
2026-06-16,TEJASNET.NS,UP,3.5432,0.7543,0.3612,10,False,RANGE,RANKING_MISS,OUTRANKED_BY_STRONGER_OPENERS
2026-06-17,OLECTRA.NS,UP,6.768,0.8553,0.4059,7,False,RANGE,RANKING_MISS,OUTRANKED_BY_STRONGER_OPENERS
2026-06-17,STLTECH.NS,UP,4.9627,0.8139,-0.0487,15,False,RANGE,RANKING_MISS,ADVERSE_OPEN_GAP
2026-06-18,PARAS.NS,UP,7.5059,0.9913,-0.4045,10,False,RANGE,RANKING_MISS,ADVERSE_OPEN_GAP
2026-06-18,OLECTRA.NS,UP,5.0947,0.9687,-0.1866,7,False,RANGE,RANKING_MISS,ADVERSE_OPEN_GAP
2026-06-19,GNFC.NS,UP,2.4399,0.8682,0.0264,16,False,RANGE,RANKING_MISS,LOW_C2_SCORE
2026-06-19,SAPPHIRE.NS,UP,2.177,0.8349,-0.5802,20,False,RANGE,RANKING_MISS,ADVERSE_OPEN_GAP
2026-06-19,SOLARINDS.NS,UP,2.1549,0.8019,0.4875,12,False,RANGE,RANKING_MISS,OUTRANKED_BY_STRONGER_OPENERS
2026-06-24,OFSS.NS,UP,4.8335,0.9063,0.3391,14,False,RANGE,RANKING_MISS,OUTRANKED_BY_STRONGER_OPENERS
2026-06-24,M&MFIN.NS,UP,5.6941,0.794,0.4504,10,False,RANGE,RANKING_MISS,OUTRANKED_BY_STRONGER_OPENERS
2026-06-29,ONMOBILE.NS,UP,2.0425,0.9555,0.4484,7,False,RANGE,RANKING_MISS,OUTRANKED_BY_STRONGER_OPENERS
2026-06-29,GRANULES.NS,UP,2.3213,0.8091,0.3963,8,False,RANGE,RANKING_MISS,OUTRANKED_BY_STRONGER_OPENERS
2026-06-30,ONMOBILE.NS,UP,5.3539,0.9637,-0.6509,17,False,RANGE,RANKING_MISS,ADVERSE_OPEN_GAP
2026-06-30,BEML.NS,UP,3.7094,0.7647,0.4033,6,False,RANGE,RANKING_MISS,OUTRANKED_BY_STRONGER_OPENERS
2026-07-01,ONMOBILE.NS,UP,19.9876,0.972,0.5561,7,False,RANGE,RANKING_MISS,OUTRANKED_BY_STRONGER_OPENERS
2026-07-01,RATEGAIN.NS,UP,4.6791,0.9217,0.67,6,False,RANGE,RANKING_MISS,OUTRANKED_BY_STRONGER_OPENERS
2026-07-01,BEML.NS,UP,2.2621,0.8865,0.2191,12,False,RANGE,RANKING_MISS,LOW_C2_SCORE
2026-07-01,ZYDUSWELL.NS,UP,4.5646,0.8065,0.0,16,False,RANGE,RANKING_MISS,LOW_C2_SCORE
2026-07-02,MAPMYINDIA.NS,UP,2.6248,0.9786,0.2406,18,False,RANGE,RANKING_MISS,LOW_C2_SCORE
2026-07-02,DLF.NS,UP,2.6892,0.8357,0.4558,11,False,RANGE,RANKING_MISS,OUTRANKED_BY_STRONGER_OPENERS
2026-07-08,ALKYLAMINE.NS,UP,5.4489,0.925,0.0755,10,False,RANGE,RANKING_MISS,LOW_C2_SCORE
2026-07-08,MAPMYINDIA.NS,UP,14.7888,0.818,-0.1557,16,False,RANGE,RANKING_MISS,ADVERSE_OPEN_GAP
2026-07-08,INDUSINDBK.NS,UP,2.061,0.8058,0.1257,8,False,RANGE,RANKING_MISS,LOW_C2_SCORE
2026-07-09,JINDALPOLY.NS,UP,4.9993,0.9405,1.5495,6,False,RANGE,RANKING_MISS,OUTRANKED_BY_STRONGER_OPENERS
2026-07-09,SUDARSCHEM.NS,UP,6.0831,0.8802,-0.1009,20,False,RANGE,RANKING_MISS,ADVERSE_OPEN_GAP
2026-07-09,ADANIENSOL.NS,UP,2.1934,0.8207,1.0195,11,False,RANGE,RANKING_MISS,OUTRANKED_BY_STRONGER_OPENERS
2026-07-09,MUTHOOTFIN.NS,UP,2.3549,0.8061,1.2625,7,False,RANGE,RANKING_MISS,OUTRANKED_BY_STRONGER_OPENERS
2026-07-09,AMBER.NS,UP,2.3485,0.7698,0.4671,17,False,RANGE,RANKING_MISS,OUTRANKED_BY_STRONGER_OPENERS
2026-07-10,KALYANKJIL.NS,UP,7.2456,0.9874,-1.1866,18,False,RANGE,RANKING_MISS,ADVERSE_OPEN_GAP
2026-07-10,MAPMYINDIA.NS,UP,9.3737,0.9485,-1.4077,19,False,RANGE,RANKING_MISS,ADVERSE_OPEN_GAP
2026-07-10,SUDARSCHEM.NS,UP,3.8829,0.9367,-0.9257,14,False,RANGE,RANKING_MISS,ADVERSE_OPEN_GAP
2026-07-10,PERSISTENT.NS,UP,2.7405,0.9108,-1.0586,15,False,RANGE,RANKING_MISS,ADVERSE_OPEN_GAP
2026-07-10,KPITTECH.NS,UP,2.0828,0.7808,-0.3115,9,False,RANGE,RANKING_MISS,ADVERSE_OPEN_GAP
2026-07-13,SUDARSCHEM.NS,UP,2.7118,0.9381,-0.7707,19,False,RANGE,RANKING_MISS,ADVERSE_OPEN_GAP
2026-07-15,DEEPAKNTR.NS,UP,2.64,0.8871,0.4714,14,False,RANGE,RANKING_MISS,OUTRANKED_BY_STRONGER_OPENERS
2026-07-16,KALYANKJIL.NS,UP,5.086,0.9596,-0.8416,19,False,RANGE,RANKING_MISS,ADVERSE_OPEN_GAP
2026-07-20,MRPL.NS,UP,3.1535,0.7527,0.3393,8,False,RANGE,RANKING_MISS,OUTRANKED_BY_STRONGER_OPENERS
2026-07-22,BAJAJ-AUTO.NS,UP,2.5913,0.7917,0.0091,8,False,RANGE,RANKING_MISS,LOW_C2_SCORE
2026-07-23,STLTECH.NS,UP,2.7876,0.7638,-3.7442,20,False,RANGE,RANKING_MISS,ADVERSE_OPEN_GAP
2026-07-24,PARAS.NS,UP,2.1837,0.7246,0.502,12,False,RANGE,RANKING_MISS,OUTRANKED_BY_STRONGER_OPENERS
2026-07-27,LAURUSLABS.NS,UP,2.6555,0.8775,-0.0233,14,False,RANGE,RANKING_MISS,ADVERSE_OPEN_GAP
2026-07-27,KPITTECH.NS,UP,2.9477,0.861,0.3076,8,False,RANGE,RANKING_MISS,OUTRANKED_BY_STRONGER_OPENERS
2026-07-27,M&MFIN.NS,UP,2.8926,0.8277,-0.303,18,False,RANGE,RANKING_MISS,ADVERSE_OPEN_GAP
2026-07-27,LTTS.NS,UP,2.893,0.7547,0.3402,7,False,RANGE,RANKING_MISS,OUTRANKED_BY_STRONGER_OPENERS
2026-07-28,ATUL.NS,UP,2.2331,0.899,1.4737,8,False,RANGE,RANKING_MISS,OUTRANKED_BY_STRONGER_OPENERS
2026-07-28,KPITTECH.NS,UP,6.0254,0.8734,1.2532,9,False,RANGE,RANKING_MISS,OUTRANKED_BY_STRONGER_OPENERS
2026-07-28,M&MFIN.NS,UP,5.4217,0.8034,0.4016,17,False,RANGE,RANKING_MISS,OUTRANKED_BY_STRONGER_OPENERS
2026-07-28,TVSMOTOR.NS,UP,2.0558,0.7924,0.4883,15,False,RANGE,RANKING_MISS,OUTRANKED_BY_STRONGER_OPENERS
2026-05-14,TEJASNET.NS,DOWN,-2.6853,0.8975,-0.0982,11,False,RANGE,RANKING_MISS,ADVERSE_OPEN_GAP
2026-05-14,KALYANKJIL.NS,DOWN,-2.2022,0.7757,-0.0,8,False,RANGE,RANKING_MISS,LOW_C2_SCORE
2026-05-14,BEML.NS,DOWN,-2.4708,0.7742,-0.5236,16,False,RANGE,RANKING_MISS,ADVERSE_OPEN_GAP
2026-05-14,PARAS.NS,DOWN,-3.7988,0.7219,-0.498,14,False,RANGE,RANKING_MISS,ADVERSE_OPEN_GAP
2026-05-14,HFCL.NS,DOWN,-2.4408,0.7138,-0.6927,19,False,RANGE,RANKING_MISS,ADVERSE_OPEN_GAP
2026-05-15,TEJASNET.NS,DOWN,-2.0303,0.8882,1.0768,9,False,RANGE,RANKING_MISS,OUTRANKED_BY_STRONGER_OPENERS
2026-05-15,GRSE.NS,DOWN,-3.8795,0.8424,1.1393,8,False,RANGE,RANKING_MISS,OUTRANKED_BY_STRONGER_OPENERS
2026-05-15,OLECTRA.NS,DOWN,-2.6662,0.8053,1.4543,6,False,RANGE,RANKING_MISS,OUTRANKED_BY_STRONGER_OPENERS
2026-05-15,JYOTHYLAB.NS,DOWN,-2.0064,0.798,0.3192,15,False,RANGE,RANKING_MISS,OUTRANKED_BY_STRONGER_OPENERS
2026-05-15,CLEAN.NS,DOWN,-2.4653,0.736,-0.0,19,False,RANGE,RANKING_MISS,LOW_C2_SCORE
2026-05-19,MAPMYINDIA.NS,DOWN,-5.6538,0.8355,-1.3863,20,False,RANGE,RANKING_MISS,ADVERSE_OPEN_GAP
2026-05-21,MAPMYINDIA.NS,DOWN,-3.9288,0.8773,-0.1172,9,False,RANGE,RANKING_MISS,ADVERSE_OPEN_GAP
2026-05-21,AMBER.NS,DOWN,-2.3617,0.8349,-0.1061,8,False,RANGE,RANKING_MISS,ADVERSE_OPEN_GAP
2026-05-25,MAPMYINDIA.NS,DOWN,-2.6734,0.7637,-0.2252,15,False,RANGE,RANKING_MISS,ADVERSE_OPEN_GAP
2026-05-26,AJANTPHARM.NS,DOWN,-2.4636,0.6958,-0.0969,10,False,RANGE,RANKING_MISS,ADVERSE_OPEN_GAP
2026-05-26,COFORGE.NS,DOWN,-2.4178,0.6872,-0.1546,11,False,RANGE,RANKING_MISS,ADVERSE_OPEN_GAP
2026-05-29,SUDARSCHEM.NS,DOWN,-3.3475,0.8802,-0.7996,16,False,RANGE,RANKING_MISS,ADVERSE_OPEN_GAP
2026-05-29,CROMPTON.NS,DOWN,-2.7565,0.7001,-0.2312,7,False,RANGE,RANKING_MISS,ADVERSE_OPEN_GAP
2026-06-02,TATACHEM.NS,DOWN,-2.4861,0.7013,-0.0,10,False,RANGE,RANKING_MISS,LOW_C2_SCORE
2026-06-04,NATCOPHARM.NS,DOWN,-2.7539,0.7942,-0.5769,14,False,RANGE,RANKING_MISS,ADVERSE_OPEN_GAP
2026-06-04,BSE.NS,DOWN,-3.8032,0.7367,-0.4859,10,False,RANGE,RANKING_MISS,ADVERSE_OPEN_GAP
2026-06-04,VEDL.NS,DOWN,-3.6336,0.707,-0.6412,17,False,RANGE,RANKING_MISS,ADVERSE_OPEN_GAP
2026-06-05,JPPOWER.NS,DOWN,-2.7325,0.8617,1.2086,11,False,RANGE,RANKING_MISS,OUTRANKED_BY_STRONGER_OPENERS
2026-06-05,MOTHERSON.NS,DOWN,-3.1694,0.7842,1.0867,12,False,RANGE,RANKING_MISS,OUTRANKED_BY_STRONGER_OPENERS
2026-06-05,VEDL.NS,DOWN,-3.5963,0.765,1.4575,9,False,RANGE,RANKING_MISS,OUTRANKED_BY_STRONGER_OPENERS
2026-06-05,M&MFIN.NS,DOWN,-3.1396,0.7095,0.9833,14,False,RANGE,RANKING_MISS,OUTRANKED_BY_STRONGER_OPENERS
2026-06-05,SOBHA.NS,DOWN,-3.7167,0.6968,1.0204,13,False,RANGE,RANKING_MISS,OUTRANKED_BY_STRONGER_OPENERS
2026-06-09,NATIONALUM.NS,DOWN,-2.0188,0.8627,0.2084,6,False,RANGE,RANKING_MISS,LOW_C2_SCORE
2026-06-10,INFY.NS,DOWN,-2.6805,0.786,1.3621,6,False,RANGE,RANKING_MISS,OUTRANKED_BY_STRONGER_OPENERS
2026-06-10,ZENSARTECH.NS,DOWN,-3.1602,0.7802,0.0547,17,False,RANGE,RANKING_MISS,LOW_C2_SCORE
2026-06-10,KALYANKJIL.NS,DOWN,-2.3324,0.7379,0.2067,16,False,RANGE,RANKING_MISS,LOW_C2_SCORE
2026-06-12,NMDC.NS,DOWN,-2.7054,0.7545,-1.1327,7,False,RANGE,RANKING_MISS,ADVERSE_OPEN_GAP
2026-06-15,SOLARINDS.NS,DOWN,-2.1879,0.7078,-0.5962,13,False,RANGE,RANKING_MISS,ADVERSE_OPEN_GAP
2026-06-18,MRPL.NS,DOWN,-3.0678,0.7354,0.1697,9,False,RANGE,RANKING_MISS,LOW_C2_SCORE
2026-06-19,JINDALPOLY.NS,DOWN,-2.5186,0.7797,-0.4659,15,False,RANGE,RANKING_MISS,ADVERSE_OPEN_GAP
2026-06-22,IDEA.NS,DOWN,-2.4966,0.8163,-0.135,10,False,RANGE,RANKING_MISS,ADVERSE_OPEN_GAP
2026-06-22,JINDALPOLY.NS,DOWN,-4.5326,0.7911,0.0896,8,False,RANGE,RANKING_MISS,LOW_C2_SCORE
2026-06-22,BSE.NS,DOWN,-2.2541,0.7417,-0.4587,17,False,RANGE,RANKING_MISS,ADVERSE_OPEN_GAP
2026-06-22,ASHOKLEY.NS,DOWN,-3.6453,0.7319,0.0573,9,False,RANGE,RANKING_MISS,LOW_C2_SCORE
2026-06-24,RATEGAIN.NS,DOWN,-2.2379,0.8375,-0.3197,10,False,RANGE,RANKING_MISS,ADVERSE_OPEN_GAP
2026-06-24,DATAPATTNS.NS,DOWN,-2.4567,0.8226,-0.0022,7,False,RANGE,RANKING_MISS,ADVERSE_OPEN_GAP
2026-06-24,PARAS.NS,DOWN,-4.2454,0.8002,-0.5006,14,False,RANGE,RANKING_MISS,ADVERSE_OPEN_GAP
2026-06-29,RATNAMANI.NS,DOWN,-2.3422,0.7913,-0.0,7,False,RANGE,RANKING_MISS,LOW_C2_SCORE
2026-06-30,GNFC.NS,DOWN,-2.3555,0.7931,-0.1012,7,False,RANGE,RANKING_MISS,ADVERSE_OPEN_GAP
2026-07-06,FINEORG.NS,DOWN,-2.6764,0.8465,-0.0,10,False,RANGE,RANKING_MISS,LOW_C2_SCORE
2026-07-06,KEI.NS,DOWN,-2.7614,0.7671,-0.0476,16,False,RANGE,RANKING_MISS,ADVERSE_OPEN_GAP
2026-07-07,FINEORG.NS,DOWN,-2.44,0.8346,0.77,8,False,BULL,RANKING_MISS,OUTRANKED_BY_STRONGER_OPENERS
2026-07-07,ZYDUSWELL.NS,DOWN,-2.7698,0.7854,-0.0,19,False,BULL,RANKING_MISS,LOW_C2_SCORE
2026-07-07,VBL.NS,DOWN,-2.0031,0.7319,0.3511,12,False,BULL,RANKING_MISS,OUTRANKED_BY_STRONGER_OPENERS
2026-07-07,POLICYBZR.NS,DOWN,-2.8296,0.7295,0.9142,6,False,BULL,RANKING_MISS,OUTRANKED_BY_STRONGER_OPENERS
2026-07-07,TEJASNET.NS,DOWN,-2.1117,0.7181,0.905,7,False,BULL,RANKING_MISS,OUTRANKED_BY_STRONGER_OPENERS
2026-07-10,PARAS.NS,DOWN,-2.2823,0.6926,0.399,15,False,RANGE,RANKING_MISS,OUTRANKED_BY_STRONGER_OPENERS
2026-07-13,CHOLAFIN.NS,DOWN,-2.1757,0.7342,1.0326,7,False,RANGE,RANKING_MISS,OUTRANKED_BY_STRONGER_OPENERS
2026-07-13,APOLLOTYRE.NS,DOWN,-3.3477,0.733,1.2143,6,False,RANGE,RANKING_MISS,OUTRANKED_BY_STRONGER_OPENERS
2026-07-13,M&MFIN.NS,DOWN,-2.2843,0.6929,0.6763,12,False,RANGE,RANKING_MISS,OUTRANKED_BY_STRONGER_OPENERS
2026-07-16,ALKYLAMINE.NS,DOWN,-3.2926,0.8333,-0.3494,19,False,RANGE,RANKING_MISS,ADVERSE_OPEN_GAP
2026-07-16,BSE.NS,DOWN,-2.8005,0.6904,-0.0,12,False,RANGE,RANKING_MISS,LOW_C2_SCORE
2026-07-20,ZENSARTECH.NS,DOWN,-2.3653,0.8678,-0.3135,16,False,RANGE,RANKING_MISS,ADVERSE_OPEN_GAP
2026-07-21,MAPMYINDIA.NS,DOWN,-2.4153,0.9146,-0.0701,12,False,RANGE,RANKING_MISS,ADVERSE_OPEN_GAP
2026-07-21,SUDARSCHEM.NS,DOWN,-2.2947,0.8672,-0.0,8,False,RANGE,RANKING_MISS,LOW_C2_SCORE
2026-07-21,ADANIGREEN.NS,DOWN,-4.5139,0.8286,-0.3956,16,False,RANGE,RANKING_MISS,ADVERSE_OPEN_GAP
2026-07-21,BLUESTARCO.NS,DOWN,-2.4724,0.8157,-0.5051,17,False,RANGE,RANKING_MISS,ADVERSE_OPEN_GAP
2026-07-21,SOBHA.NS,DOWN,-2.0806,0.7519,-0.7279,18,False,RANGE,RANKING_MISS,ADVERSE_OPEN_GAP
2026-07-21,RBLBANK.NS,DOWN,-3.1863,0.7507,0.0545,7,False,RANGE,RANKING_MISS,LOW_C2_SCORE
2026-07-21,GRANULES.NS,DOWN,-2.5009,0.7216,-0.748,19,False,RANGE,RANKING_MISS,ADVERSE_OPEN_GAP
2026-07-21,JINDALPOLY.NS,DOWN,-3.3142,0.7131,-1.5078,20,False,RANGE,RANKING_MISS,ADVERSE_OPEN_GAP
2026-07-22,HFCL.NS,DOWN,-4.9977,0.8009,-1.8632,19,False,RANGE,RANKING_MISS,ADVERSE_OPEN_GAP
2026-07-22,RATEGAIN.NS,DOWN,-2.1419,0.7532,0.0446,9,False,RANGE,RANKING_MISS,LOW_C2_SCORE
2026-07-23,AMBER.NS,DOWN,-2.2678,0.7995,0.7133,8,False,RANGE,RANKING_MISS,OUTRANKED_BY_STRONGER_OPENERS
2026-07-23,GRANULES.NS,DOWN,-2.2286,0.7572,0.7683,7,False,RANGE,RANKING_MISS,OUTRANKED_BY_STRONGER_OPENERS
2026-07-24,MRPL.NS,DOWN,-4.3947,0.8336,-2.2091,19,False,RANGE,RANKING_MISS,ADVERSE_OPEN_GAP
2026-07-24,HFCL.NS,DOWN,-2.1895,0.8138,-1.6002,16,False,RANGE,RANKING_MISS,ADVERSE_OPEN_GAP
2026-05-15,SOLARINDS.NS,UP,4.0718,0.8248,1.1263,1,True,RANGE,CORRECTLY_RANKED,NA
2026-05-15,POLICYBZR.NS,UP,3.5539,0.8088,0.3732,2,True,RANGE,CORRECTLY_RANKED,NA
2026-05-18,GNFC.NS,UP,5.1724,0.8309,2.6584,1,True,RANGE,CORRECTLY_RANKED,NA
2026-05-20,MOTHERSON.NS,UP,3.6544,0.8035,2.9129,2,True,RANGE,CORRECTLY_RANKED,NA
2026-05-21,RATEGAIN.NS,UP,9.5026,0.7827,2.0768,2,True,RANGE,CORRECTLY_RANKED,NA
2026-05-21,PAGEIND.NS,UP,2.8009,0.7759,2.7097,1,True,RANGE,CORRECTLY_RANKED,NA
2026-05-22,PARAS.NS,UP,5.3879,0.9397,1.4778,2,True,RANGE,CORRECTLY_RANKED,NA
2026-05-22,ENDURANCE.NS,UP,2.9172,0.8675,1.2565,4,True,RANGE,CORRECTLY_RANKED,NA
2026-05-22,DATAPATTNS.NS,UP,3.1816,0.7919,1.2671,3,True,RANGE,CORRECTLY_RANKED,NA
2026-05-25,RAJESHEXPO.NS,UP,4.9996,0.8792,4.2904,2,True,RANGE,CORRECTLY_RANKED,NA
2026-05-25,TEJASNET.NS,UP,5.7918,0.8181,0.844,3,True,RANGE,CORRECTLY_RANKED,NA
2026-05-26,ADANIENSOL.NS,UP,5.2484,0.929,1.4829,3,True,RANGE,CORRECTLY_RANKED,NA
2026-05-26,RAJESHEXPO.NS,UP,3.0984,0.9088,3.3263,2,True,RANGE,CORRECTLY_RANKED,NA
2026-05-26,FINPIPE.NS,UP,7.7411,0.8312,5.8718,1,True,RANGE,CORRECTLY_RANKED,NA
2026-05-26,JSWENERGY.NS,UP,4.5226,0.8046,1.0417,4,True,RANGE,CORRECTLY_RANKED,NA
2026-05-26,ADANIGREEN.NS,UP,2.23,0.7973,1.0018,5,True,RANGE,CORRECTLY_RANKED,NA
2026-05-29,OFSS.NS,UP,2.2782,0.7597,1.0538,2,True,RANGE,CORRECTLY_RANKED,NA
2026-06-01,COFORGE.NS,UP,3.9899,0.8483,0.7528,4,True,RANGE,CORRECTLY_RANKED,NA
2026-06-01,INTELLECT.NS,UP,2.493,0.7923,0.7739,3,True,RANGE,CORRECTLY_RANKED,NA
2026-06-02,STLTECH.NS,UP,4.9996,0.9405,3.2062,1,True,RANGE,CORRECTLY_RANKED,NA
2026-06-02,OLECTRA.NS,UP,2.8011,0.9044,1.0037,2,True,RANGE,CORRECTLY_RANKED,NA
2026-06-03,STLTECH.NS,UP,4.9952,0.8207,4.5762,1,True,RANGE,CORRECTLY_RANKED,NA
2026-06-04,PARAS.NS,UP,7.4234,0.9206,1.5887,1,True,RANGE,CORRECTLY_RANKED,NA
2026-06-04,KALYANKJIL.NS,UP,2.6926,0.7796,1.3532,2,True,RANGE,CORRECTLY_RANKED,NA
2026-06-08,ADANIGREEN.NS,UP,2.952,0.7791,1.8987,3,True,RANGE,CORRECTLY_RANKED,NA
2026-06-09,JINDALPOLY.NS,UP,4.5529,0.8873,0.7613,5,True,RANGE,CORRECTLY_RANKED,NA
2026-06-10,AJANTPHARM.NS,UP,2.2277,0.8623,0.0163,2,True,RANGE,CORRECTLY_RANKED,NA
2026-06-10,TATACHEM.NS,UP,2.8873,0.7758,0.0,5,True,RANGE,CORRECTLY_RANKED,NA
2026-06-11,JINDALPOLY.NS,UP,2.7605,0.9769,1.5716,5,True,RANGE,CORRECTLY_RANKED,NA
2026-06-11,PARAS.NS,UP,10.9241,0.9318,1.9108,2,True,RANGE,CORRECTLY_RANKED,NA
2026-06-11,DATAPATTNS.NS,UP,8.1023,0.7835,2.0214,1,True,RANGE,CORRECTLY_RANKED,NA
2026-06-11,ADANIGREEN.NS,UP,2.1451,0.7772,1.7532,4,True,RANGE,CORRECTLY_RANKED,NA
2026-06-12,ASHOKLEY.NS,UP,3.4438,0.9317,4.2965,2,True,RANGE,CORRECTLY_RANKED,NA
2026-06-12,CHOLAFIN.NS,UP,5.4525,0.8954,2.672,4,True,RANGE,CORRECTLY_RANKED,NA
2026-06-12,BSE.NS,UP,2.1009,0.8281,2.6923,3,True,RANGE,CORRECTLY_RANKED,NA
2026-06-12,SHRIRAMFIN.NS,UP,4.7856,0.7892,5.2411,1,True,RANGE,CORRECTLY_RANKED,NA
2026-06-16,SUZLON.NS,UP,2.3308,0.8159,0.7942,4,True,RANGE,CORRECTLY_RANKED,NA
2026-06-17,RAJESHEXPO.NS,UP,4.9972,0.8462,4.9972,1,True,RANGE,CORRECTLY_RANKED,NA
2026-06-17,HFCL.NS,UP,4.9966,0.84,3.6817,2,True,RANGE,CORRECTLY_RANKED,NA
2026-06-18,RAJESHEXPO.NS,UP,4.9962,0.9791,4.9962,1,True,RANGE,CORRECTLY_RANKED,NA
2026-06-18,HFCL.NS,UP,4.9992,0.832,3.6868,2,True,RANGE,CORRECTLY_RANKED,NA
2026-06-19,BDL.NS,UP,2.4246,0.855,0.8228,5,True,RANGE,CORRECTLY_RANKED,NA
2026-06-19,RAJESHEXPO.NS,UP,4.9944,0.8141,4.9944,1,True,RANGE,CORRECTLY_RANKED,NA
2026-06-22,RAJESHEXPO.NS,UP,4.9912,0.8795,4.9912,1,True,RANGE,CORRECTLY_RANKED,NA
2026-06-24,SUNDRMFAST.NS,UP,3.0333,0.7345,0.9261,3,True,RANGE,CORRECTLY_RANKED,NA
2026-06-30,GODREJPROP.NS,UP,4.9823,0.7873,0.9804,2,True,RANGE,CORRECTLY_RANKED,NA
2026-06-30,PRESTIGE.NS,UP,3.8796,0.7495,0.9779,3,True,RANGE,CORRECTLY_RANKED,NA
2026-07-01,PRESTIGE.NS,UP,3.0025,0.8807,1.1198,2,True,RANGE,CORRECTLY_RANKED,NA
2026-07-02,ONMOBILE.NS,UP,3.0252,0.9893,6.8486,1,True,RANGE,CORRECTLY_RANKED,NA
2026-07-02,ZENSARTECH.NS,UP,10.4312,0.9238,2.3858,2,True,RANGE,CORRECTLY_RANKED,NA
2026-07-03,GRANULES.NS,UP,2.4466,0.8614,0.6836,4,True,RANGE,CORRECTLY_RANKED,NA
2026-07-03,PRESTIGE.NS,UP,2.1283,0.8082,0.8993,3,True,RANGE,CORRECTLY_RANKED,NA
2026-07-03,GODREJPROP.NS,UP,2.5045,0.7763,0.9818,1,True,RANGE,CORRECTLY_RANKED,NA
2026-07-06,PERSISTENT.NS,UP,3.5837,0.8483,0.3011,5,True,RANGE,CORRECTLY_RANKED,NA
2026-07-08,JINDALPOLY.NS,UP,4.9958,0.9056,2.8317,1,True,RANGE,CORRECTLY_RANKED,NA
2026-07-08,LTTS.NS,UP,2.4355,0.8155,0.312,5,True,RANGE,CORRECTLY_RANKED,NA
2026-07-08,SUDARSCHEM.NS,UP,3.0073,0.8107,0.6233,3,True,RANGE,CORRECTLY_RANKED,NA
2026-07-09,KALYANKJIL.NS,UP,7.4831,0.9824,1.8284,4,True,RANGE,CORRECTLY_RANKED,NA
2026-07-09,PERSISTENT.NS,UP,4.6378,0.7778,1.998,2,True,RANGE,CORRECTLY_RANKED,NA
2026-07-13,KALYANKJIL.NS,UP,3.7403,0.9942,0.9596,4,True,RANGE,CORRECTLY_RANKED,NA
2026-07-14,KALYANKJIL.NS,UP,3.4639,0.9909,0.8023,2,True,RANGE,CORRECTLY_RANKED,NA
2026-07-14,LTTS.NS,UP,6.5349,0.7825,1.7339,1,True,RANGE,CORRECTLY_RANKED,NA
2026-07-15,MRPL.NS,UP,10.0718,0.8683,3.9881,1,True,RANGE,CORRECTLY_RANKED,NA
2026-07-15,ZENSARTECH.NS,UP,3.5763,0.7912,1.3448,3,True,RANGE,CORRECTLY_RANKED,NA
2026-07-16,TECHM.NS,UP,4.1449,0.8417,1.9665,1,True,RANGE,CORRECTLY_RANKED,NA
2026-07-16,TCS.NS,UP,3.0895,0.8412,1.0813,3,True,RANGE,CORRECTLY_RANKED,NA
2026-07-20,MANAPPURAM.NS,UP,4.3459,0.8273,0.5636,4,True,RANGE,CORRECTLY_RANKED,NA
2026-07-20,BASF.NS,UP,3.9873,0.7612,0.8761,2,True,RANGE,CORRECTLY_RANKED,NA
2026-07-21,M&MFIN.NS,UP,8.0892,0.9677,3.5444,1,True,RANGE,CORRECTLY_RANKED,NA
2026-07-21,TVSMOTOR.NS,UP,3.0485,0.8475,1.548,3,True,RANGE,CORRECTLY_RANKED,NA
2026-07-23,ICICIGI.NS,UP,2.6436,0.7383,-0.2903,5,True,RANGE,CORRECTLY_RANKED,NA
2026-07-23,ATUL.NS,UP,4.5269,0.7102,0.0979,3,True,RANGE,CORRECTLY_RANKED,NA
2026-07-24,ATUL.NS,UP,5.9618,0.8882,2.8482,2,True,RANGE,CORRECTLY_RANKED,NA
2026-07-24,LAURUSLABS.NS,UP,7.0072,0.807,1.4739,4,True,RANGE,CORRECTLY_RANKED,NA
2026-07-27,COFORGE.NS,UP,10.3114,0.8221,2.7218,1,True,RANGE,CORRECTLY_RANKED,NA
2026-07-28,TCS.NS,UP,2.0267,0.8602,1.7515,4,True,RANGE,CORRECTLY_RANKED,NA
2026-07-28,INFY.NS,UP,4.513,0.8524,3.7352,1,True,RANGE,CORRECTLY_RANKED,NA
2026-05-14,COCHINSHIP.NS,DOWN,-3.0817,0.7401,0.0061,5,True,RANGE,CORRECTLY_RANKED,NA
2026-05-15,RATNAMANI.NS,DOWN,-8.428,0.7797,4.9528,1,True,RANGE,CORRECTLY_RANKED,NA
2026-05-15,MGL.NS,DOWN,-2.6572,0.724,1.4619,4,True,RANGE,CORRECTLY_RANKED,NA
2026-05-21,BASF.NS,DOWN,-2.6149,0.8366,0.0028,3,True,RANGE,CORRECTLY_RANKED,NA
2026-05-21,WELCORP.NS,DOWN,-3.9618,0.7263,3.631,1,True,RANGE,CORRECTLY_RANKED,NA
2026-05-22,OIL.NS,DOWN,-3.4417,0.746,1.4507,1,True,RANGE,CORRECTLY_RANKED,NA
2026-05-29,NATCOPHARM.NS,DOWN,-8.1307,0.7976,0.5808,1,True,RANGE,CORRECTLY_RANKED,NA
2026-05-29,PAGEIND.NS,DOWN,-2.5396,0.774,0.2487,2,True,RANGE,CORRECTLY_RANKED,NA
2026-06-01,BSE.NS,DOWN,-3.3124,0.7452,1.1459,3,True,RANGE,CORRECTLY_RANKED,NA
2026-06-02,ASHOKLEY.NS,DOWN,-2.1536,0.7649,1.2479,3,True,RANGE,CORRECTLY_RANKED,NA
2026-06-03,RAJESHEXPO.NS,DOWN,-4.9918,0.7744,4.9918,1,True,RANGE,CORRECTLY_RANKED,NA
2026-06-04,RAJESHEXPO.NS,DOWN,-4.9942,0.8595,4.9942,1,True,RANGE,CORRECTLY_RANKED,NA
2026-06-04,NATIONALUM.NS,DOWN,-4.4203,0.743,0.3623,4,True,RANGE,CORRECTLY_RANKED,NA
2026-06-05,RAJESHEXPO.NS,DOWN,-4.9934,0.8813,4.9934,1,True,RANGE,CORRECTLY_RANKED,NA
2026-06-05,NATIONALUM.NS,DOWN,-4.4225,0.8476,2.5777,3,True,RANGE,CORRECTLY_RANKED,NA
2026-06-05,ASHOKLEY.NS,DOWN,-2.9389,0.7752,3.1592,2,True,RANGE,CORRECTLY_RANKED,NA
2026-06-05,WIPRO.NS,DOWN,-8.3732,0.7114,2.5105,4,True,RANGE,CORRECTLY_RANKED,NA
2026-06-08,RAJESHEXPO.NS,DOWN,-5.0,0.8908,5.0,1,True,RANGE,CORRECTLY_RANKED,NA
2026-06-09,HFCL.NS,DOWN,-4.9997,0.9123,1.0842,3,True,RANGE,CORRECTLY_RANKED,NA
2026-06-09,RAJESHEXPO.NS,DOWN,-4.9938,0.8664,4.9938,1,True,RANGE,CORRECTLY_RANKED,NA
2026-06-09,KPITTECH.NS,DOWN,-3.0682,0.7973,0.615,5,True,RANGE,CORRECTLY_RANKED,NA
2026-06-09,INFY.NS,DOWN,-2.9653,0.7885,1.7114,2,True,RANGE,CORRECTLY_RANKED,NA
2026-06-09,HINDALCO.NS,DOWN,-3.4736,0.7341,0.9102,4,True,RANGE,CORRECTLY_RANKED,NA
2026-06-10,STLTECH.NS,DOWN,-2.3955,0.9248,4.997,1,True,RANGE,CORRECTLY_RANKED,NA
2026-06-10,HFCL.NS,DOWN,-3.2109,0.9119,4.9967,2,True,RANGE,CORRECTLY_RANKED,NA
2026-06-10,RAJESHEXPO.NS,DOWN,-4.9965,0.8879,4.9965,3,True,RANGE,CORRECTLY_RANKED,NA
2026-06-11,RAJESHEXPO.NS,DOWN,-4.9981,0.8779,4.9981,1,True,RANGE,CORRECTLY_RANKED,NA
2026-06-11,OIL.NS,DOWN,-2.6901,0.8415,0.5823,2,True,RANGE,CORRECTLY_RANKED,NA
2026-06-15,JPPOWER.NS,DOWN,-2.7071,0.7113,1.3535,1,True,RANGE,CORRECTLY_RANKED,NA
2026-06-18,TECHM.NS,DOWN,-2.6318,0.8142,6.7486,2,True,RANGE,CORRECTLY_RANKED,NA
2026-06-18,PERSISTENT.NS,DOWN,-2.2569,0.7084,4.8679,4,True,RANGE,CORRECTLY_RANKED,NA
2026-06-18,MPHASIS.NS,DOWN,-2.9573,0.6813,6.9289,1,True,RANGE,CORRECTLY_RANKED,NA
2026-06-18,INFY.NS,DOWN,-6.7494,0.6577,5.7827,3,True,RANGE,CORRECTLY_RANKED,NA
2026-06-19,SAIL.NS,DOWN,-2.8881,0.6785,-0.0278,5,True,RANGE,CORRECTLY_RANKED,NA
2026-06-22,SAIL.NS,DOWN,-3.2428,0.7879,0.2574,5,True,RANGE,CORRECTLY_RANKED,NA
2026-06-22,INFY.NS,DOWN,-3.3884,0.7606,1.0888,2,True,RANGE,CORRECTLY_RANKED,NA
2026-06-22,NATIONALUM.NS,DOWN,-5.9664,0.7114,1.5743,1,True,RANGE,CORRECTLY_RANKED,NA
2026-06-23,STLTECH.NS,DOWN,-3.812,0.8323,1.3667,3,True,RANGE,CORRECTLY_RANKED,NA
2026-06-24,HINDZINC.NS,DOWN,-4.41,0.8179,2.574,1,True,RANGE,CORRECTLY_RANKED,NA
2026-06-24,VEDL.NS,DOWN,-3.2207,0.8027,1.2564,4,True,RANGE,CORRECTLY_RANKED,NA
2026-06-24,MUTHOOTFIN.NS,DOWN,-3.3324,0.77,0.377,5,True,RANGE,CORRECTLY_RANKED,NA
2026-06-24,NATIONALUM.NS,DOWN,-4.7052,0.7411,2.453,2,True,RANGE,CORRECTLY_RANKED,NA
2026-06-29,NATIONALUM.NS,DOWN,-2.2453,0.7428,1.5544,1,True,RANGE,CORRECTLY_RANKED,NA
2026-06-30,RAJESHEXPO.NS,DOWN,-4.9009,0.8978,4.9989,2,True,RANGE,CORRECTLY_RANKED,NA
2026-06-30,KPITTECH.NS,DOWN,-16.9757,0.7495,9.9993,1,True,RANGE,CORRECTLY_RANKED,NA
2026-06-30,MUTHOOTFIN.NS,DOWN,-2.7491,0.7123,0.2969,3,True,RANGE,CORRECTLY_RANKED,NA
2026-07-06,STLTECH.NS,DOWN,-4.9987,0.7987,1.9055,1,True,RANGE,CORRECTLY_RANKED,NA
2026-07-06,SAIL.NS,DOWN,-2.1096,0.7461,0.4432,3,True,RANGE,CORRECTLY_RANKED,NA
2026-07-07,STLTECH.NS,DOWN,-4.9919,0.8486,3.0221,1,True,BULL,CORRECTLY_RANKED,NA
2026-07-07,COCHINSHIP.NS,DOWN,-2.8775,0.7604,1.8469,2,True,BULL,CORRECTLY_RANKED,NA
2026-07-07,SAIL.NS,DOWN,-2.1973,0.737,1.0322,4,True,BULL,CORRECTLY_RANKED,NA
2026-07-07,BANKBARODA.NS,DOWN,-2.9857,0.7188,1.1701,3,True,BULL,CORRECTLY_RANKED,NA
2026-07-07,GNFC.NS,DOWN,-3.0675,0.7143,0.9641,5,True,BULL,CORRECTLY_RANKED,NA
2026-07-09,PAGEIND.NS,DOWN,-3.0038,0.8177,0.0246,3,True,RANGE,CORRECTLY_RANKED,NA
2026-07-13,ASHOKLEY.NS,DOWN,-2.5311,0.8074,1.7083,4,True,RANGE,CORRECTLY_RANKED,NA
2026-07-14,RAJESHEXPO.NS,DOWN,-2.4111,0.8951,-0.0,5,True,RANGE,CORRECTLY_RANKED,NA
2026-07-16,STLTECH.NS,DOWN,-3.87,0.7605,2.2444,1,True,RANGE,CORRECTLY_RANKED,NA
2026-07-20,MAPMYINDIA.NS,DOWN,-2.4385,0.9362,0.1823,3,True,RANGE,CORRECTLY_RANKED,NA
2026-07-21,ICICIGI.NS,DOWN,-2.4938,0.8631,0.4926,5,True,RANGE,CORRECTLY_RANKED,NA
2026-07-21,RATEGAIN.NS,DOWN,-3.2383,0.7615,0.6908,4,True,RANGE,CORRECTLY_RANKED,NA
2026-07-22,ADANIGREEN.NS,DOWN,-6.2759,0.8027,0.2921,4,True,RANGE,CORRECTLY_RANKED,NA
2026-07-23,HFCL.NS,DOWN,-4.908,0.8486,2.4202,1,True,RANGE,CORRECTLY_RANKED,NA
2026-07-27,HFCL.NS,DOWN,-2.1554,0.7765,2.8773,1,True,RANGE,CORRECTLY_RANKED,NA
2026-07-29,HFCL.NS,DOWN,-4.5826,0.833,0.2893,4,True,RANGE,CORRECTLY_RANKED,NA
